"gene_id","rank","statistic"
"11314",1,9.577333659
"84634",2,8.871555688
"123787",3,8.068248256
"4884",4,7.939643325
"10874",5,7.673958697
"150350",6,7.522915831
"54518",7,7.390795522
"2042",8,7.185703805
"6939",9,7.096178089
"768",10,7.059037603
"56033",11,6.960961455
"5657",12,6.956847962
"389197",13,6.946361669
"9241",14,6.752837172
"26468",15,6.682449873
"64211",16,6.615420161
"4654",17,6.57355427
"3952",18,6.442756385
"430",19,6.39246346
"284729",20,6.375422845
"8916",21,6.192664246
"28231",22,6.172298469
"166863",23,6.151358724
"56301",24,6.147948181
"7135",25,6.096650187
"3119",26,6.036101929
"4879",27,6.015234675
"285180",28,5.972460921
"8862",29,5.947165467
"100506797",30,5.938819956
"127343",31,5.876620844
"1005",32,5.846501535
"129049",33,5.813739375
"101928941",34,5.78803703
"387747",35,5.714842545
"342667",36,5.68521243
"7852",37,5.60980619
"3484",38,5.585442893
"83715",39,5.577059584
"155",40,5.465003194
"3872",41,5.460954009
"6620",42,5.414126886
"165257",43,5.370031499
"51440",44,5.366035326
"80070",45,5.361196729
"50964",46,5.360645141
"3135",47,5.232024467
"653316",48,5.230913658
"650474",49,5.144501572
"57823",50,5.124827092
"11211",51,5.108518941
"440829",52,5.035622278
"145501",53,5.016277566
"146894",54,4.994468371
"257407",55,4.980221431
"7477",56,4.943928073
"51299",57,4.938053397
"283120",58,4.845118552
"954",59,4.841350001
"8701",60,4.800003408
"80326",61,4.796425246
"5625",62,4.78015967
"55321",63,4.776861523
"9478",64,4.745934525
"642273",65,4.713293597
"10406",66,4.710437635
"124602",67,4.709001879
"123036",68,4.708154298
"340419",69,4.69300872
"4986",70,4.689995881
"80868",71,4.640857075
"9976",72,4.63339607
"1592",73,4.625255869
"10397",74,4.606934291
"6330",75,4.600695145
"5745",76,4.573912184
"6781",77,4.53159929
"114824",78,4.526291158
"5909",79,4.506944035
"389941",80,4.489583879
"113828",81,4.471693192
"388533",82,4.466954663
"84677",83,4.464566493
"6899",84,4.456162644
"285220",85,4.444038893
"285596",86,4.440445789
"55089",87,4.42244912
"23109",88,4.420931616
"3746",89,4.408677705
"9421",90,4.387211261
"284422",91,4.37001331
"84701",92,4.331051193
"106480429",93,4.317824498
"56901",94,4.316191002
"1674",95,4.315795869
"201501",96,4.302859326
"2249",97,4.29876338
"29923",98,4.291622557
"58498",99,4.268105537
"5630",100,4.257730229
"124976",101,4.25288563
"94234",102,4.233855271
"150244",103,4.225090964
"338094",104,4.224265063
"115330",105,4.218451853
"111082991",106,4.206654768
"284339",107,4.202148539
"57699",108,4.200467137
"728597",109,4.199983261
"100505483",110,4.191838681
"51129",111,4.186251026
"27006",112,4.184338722
"146439",113,4.166318067
"167359",114,4.127523837
"375607",115,4.097746122
"2561",116,4.073859369
"3816",117,4.049761876
"55647",118,4.046922922
"440119",119,4.003620611
"3880",120,4.001034305
"85443",121,3.978475126
"200407",122,3.954681909
"5648",123,3.947641081
"10633",124,3.946569284
"84467",125,3.929793229
"649264",126,3.914800141
"2700",127,3.914322268
"112399",128,3.905419147
"285973",129,3.899754334
"100288346",130,3.887045573
"8437",131,3.859616963
"2852",132,3.827630651
"1365",133,3.824531106
"4828",134,3.819698768
"9381",135,3.788499432
"388585",136,3.782103363
"347402",137,3.780635965
"79656",138,3.773030347
"7851",139,3.760538531
"863",140,3.752527494
"102465491",141,3.744344335
"340547",142,3.743952551
"256764",143,3.723074837
"7704",144,3.722371453
"102724362",145,3.716647025
"79444",146,3.698249237
"2645",147,3.693539558
"255877",148,3.675384618
"352962",149,3.666225186
"3780",150,3.643777452
"3123",151,3.642026671
"163404",152,3.634359093
"54852",153,3.627393614
"50937",154,3.624624308
"1305",155,3.622025398
"6725",156,3.607602147
"353322",157,3.607034507
"54437",158,3.594478087
"4023",159,3.582010558
"5742",160,3.575334029
"219293",161,3.572084833
"25975",162,3.567016236
"869",163,3.540943207
"5210",164,3.540261321
"3099",165,3.53773112
"3486",166,3.529679361
"4741",167,3.526481146
"54210",168,3.509221557
"6529",169,3.508153918
"124912",170,3.505649702
"1129",171,3.504344287
"4846",172,3.472449323
"147700",173,3.470323078
"57126",174,3.465980902
"3137",175,3.44847379
"114794",176,3.441046187
"7138",177,3.434657916
"771",178,3.426851901
"284716",179,3.421823877
"7277",180,3.419920618
"347688",181,3.415474849
"5153",182,3.414351187
"654816",183,3.410732351
"7036",184,3.397004274
"151",185,3.39567216
"64926",186,3.393150775
"165679",187,3.392898741
"1917",188,3.38697221
"23526",189,3.373325922
"153",190,3.364995004
"100506248",191,3.357184024
"7161",192,3.352000485
"4036",193,3.343646804
"22917",194,3.336602357
"9023",195,3.331568857
"374",196,3.327608968
"405753",197,3.318508156
"1240",198,3.318097822
"1944",199,3.316534912
"6364",200,3.303426214
"8379",201,3.298117209
"3762",202,3.294955249
"3398",203,3.28863828
"766",204,3.284850651
"1735",205,3.281618283
"55344",206,3.280908787
"100132074",207,3.24454004
"134265",208,3.243510888
"5579",209,3.242252539
"8792",210,3.235938671
"92483",211,3.235360089
"9358",212,3.233299248
"3625",213,3.225165681
"2172",214,3.21368295
"3815",215,3.206748326
"29108",216,3.200675446
"26355",217,3.192841656
"151790",218,3.192224434
"7087",219,3.178438851
"9227",220,3.177979111
"912",221,3.168319448
"283",222,3.164800603
"11065",223,3.159448892
"1675",224,3.155934095
"285512",225,3.152483237
"3299",226,3.151934423
"9048",227,3.143821202
"104326051",228,3.13403774
"340543",229,3.126064477
"56477",230,3.120123608
"2900",231,3.116187794
"7097",232,3.115070568
"5923",233,3.112219781
"1852",234,3.106518926
"84222",235,3.104409695
"9051",236,3.103381348
"10144",237,3.100337144
"883",238,3.090224434
"2026",239,3.089613902
"123",240,3.085963167
"5990",241,3.074605109
"79625",242,3.072807495
"54511",243,3.071698354
"147968",244,3.050258373
"644186",245,3.044088409
"440073",246,3.027823679
"64072",247,3.004556883
"5507",248,2.975092783
"6513",249,2.959009928
"7475",250,2.956280185
"11045",251,2.952304535
"3000",252,2.947903196
"3662",253,2.942980616
"9956",254,2.917594306
"349667",255,2.915289943
"5864",256,2.909962383
"8911",257,2.905952323
"3138",258,2.899491555
"162417",259,2.895521901
"710",260,2.894878402
"83539",261,2.893521924
"389206",262,2.886783501
"105377108",263,2.87849942
"51458",264,2.870024463
"283229",265,2.858946796
"7484",266,2.858097567
"148641",267,2.856057269
"340533",268,2.851528513
"9363",269,2.846135296
"105370526",270,2.843647244
"969",271,2.841562598
"5837",272,2.840638702
"162979",273,2.837461417
"2786",274,2.833720637
"999",275,2.829601389
"23138",276,2.826402509
"57540",277,2.8182667
"147015",278,2.817635595
"4861",279,2.811658838
"1152",280,2.80845738
"102466104",281,2.808211525
"7480",282,2.8041199
"1187",283,2.803558179
"169166",284,2.796495253
"2701",285,2.796189672
"222584",286,2.793867506
"55532",287,2.791315279
"415056",288,2.789540059
"2173",289,2.76304614
"3488",290,2.759177663
"25830",291,2.749995682
"101928040",292,2.747484735
"664",293,2.7424874
"778",294,2.741758923
"101929163",295,2.739614692
"91683",296,2.731855806
"203328",297,2.731694871
"152573",298,2.731332971
"761",299,2.726216219
"56603",300,2.72548766
"100862728",301,2.724449311
"79852",302,2.724335648
"4948",303,2.718370397
"5652",304,2.717749667
"79729",305,2.716781242
"8497",306,2.716254712
"10058",307,2.71506095
"100874259",308,2.707874554
"9022",309,2.698130561
"387890",310,2.695020108
"2903",311,2.693726181
"106480521",312,2.692715136
"1995",313,2.690060571
"4751",314,2.689461444
"80820",315,2.686037513
"84929",316,2.685306676
"114757",317,2.685098694
"126014",318,2.683235955
"644150",319,2.682619781
"1382",320,2.675735076
"5143",321,2.675311392
"92745",322,2.670035172
"3638",323,2.669433591
"100873918",324,2.662856078
"440461",325,2.660075917
"285966",326,2.654891243
"794",327,2.65254019
"93273",328,2.643498018
"6578",329,2.639370952
"2675",330,2.638058837
"389840",331,2.636053749
"9557",332,2.632663238
"80004",333,2.631628184
"55061",334,2.630812259
"284656",335,2.630176431
"390205",336,2.627861682
"27253",337,2.626043754
"256536",338,2.621666389
"1366",339,2.615003745
"221002",340,2.613272493
"23539",341,2.612691709
"5209",342,2.594422403
"54101",343,2.590225752
"928",344,2.589418018
"51428",345,2.5873458
"106144593",346,2.586504695
"389337",347,2.586240229
"7146",348,2.571982849
"79958",349,2.56948964
"126006",350,2.566791194
"338667",351,2.561004629
"55893",352,2.551164451
"93082",353,2.542197137
"5880",354,2.541694925
"112436690",355,2.541489216
"157313",356,2.540962284
"5169",357,2.535963416
"128218",358,2.532923303
"7113",359,2.531445411
"30001",360,2.528509353
"29015",361,2.520232207
"56475",362,2.519761143
"4747",363,2.516271218
"11247",364,2.515250474
"623",365,2.514805326
"51141",366,2.513691076
"55057",367,2.512291937
"6920",368,2.511018855
"375759",369,2.509622262
"9452",370,2.504161787
"25907",371,2.50331939
"5163",372,2.502866075
"1942",373,2.502021209
"5646",374,2.501996373
"441168",375,2.493601469
"79369",376,2.491766116
"106479133",377,2.491688613
"1032",378,2.486744139
"100271476",379,2.484871423
"2949",380,2.48244586
"94274",381,2.482111559
"57524",382,2.480923568
"50506",383,2.479811692
"9066",384,2.479441054
"4804",385,2.476363077
"2006",386,2.473013096
"5156",387,2.461972799
"374977",388,2.451541967
"1907",389,2.451361603
"54550",390,2.450339223
"5493",391,2.446821644
"106480761",392,2.439988195
"494470",393,2.439210982
"374378",394,2.438322217
"57624",395,2.434949142
"8715",396,2.434676135
"646405",397,2.42986773
"4783",398,2.427717875
"1031",399,2.426789315
"79802",400,2.42541006
"339105",401,2.421711645
"653436",402,2.4187074
"81578",403,2.417305676
"575",404,2.416826015
"2162",405,2.410236075
"4684",406,2.407585766
"51760",407,2.404537797
"84215",408,2.400077416
"4070",409,2.377819916
"1381",410,2.373597931
"114884",411,2.371804097
"57611",412,2.36334242
"144195",413,2.359801674
"5414",414,2.359631972
"441054",415,2.35615329
"728978",416,2.351729876
"8808",417,2.344946304
"24141",418,2.341418227
"11248",419,2.341302886
"5460",420,2.333987919
"27111",421,2.333025395
"83854",422,2.332885457
"101928784",423,2.332669367
"54985",424,2.329642666
"5129",425,2.327333752
"114088",426,2.325237366
"28984",427,2.320692442
"106481045",428,2.319765105
"10715",429,2.306925974
"254528",430,2.296686059
"3939",431,2.296327362
"3269",432,2.293084295
"8788",433,2.292666745
"63950",434,2.292248896
"9700",435,2.290106558
"1028",436,2.288932912
"2256",437,2.286337239
"123591",438,2.28621133
"9651",439,2.2857536
"1132",440,2.283282627
"342527",441,2.283107965
"4883",442,2.278935825
"8819",443,2.278264397
"106479362",444,2.276119673
"777",445,2.272128719
"5017",446,2.267640223
"28316",447,2.266794095
"4601",448,2.262745344
"4355",449,2.261548554
"3956",450,2.257179392
"7163",451,2.254976667
"1474",452,2.25406213
"89780",453,2.253660609
"101929947",454,2.25182583
"100507607",455,2.250306812
"26297",456,2.248708721
"54583",457,2.247788752
"65989",458,2.247419664
"100507050",459,2.244626875
"92293",460,2.242213616
"80835",461,2.240875378
"10637",462,2.238568189
"155382",463,2.237908237
"8510",464,2.236696699
"7422",465,2.231367734
"6319",466,2.225823133
"147040",467,2.225770672
"100128511",468,2.224004906
"651",469,2.216598504
"7781",470,2.216336019
"1016",471,2.215252776
"729041",472,2.214435943
"79816",473,2.21076171
"6543",474,2.206343128
"84058",475,2.204473696
"645094",476,2.203521592
"340152",477,2.202494869
"134111",478,2.195361987
"27285",479,2.19147748
"923",480,2.19115188
"643224",481,2.189678765
"2286",482,2.184063903
"6095",483,2.179547947
"51384",484,2.177763129
"4118",485,2.176785263
"51673",486,2.175878098
"51200",487,2.174691688
"646086",488,2.165207108
"100307126",489,2.16347467
"10417",490,2.161211055
"402665",491,2.160866826
"22998",492,2.159928195
"10004",493,2.151630882
"130497",494,2.150676801
"26996",495,2.146651253
"284439",496,2.145463298
"2023",497,2.144910417
"285800",498,2.144060229
"7535",499,2.143527022
"3783",500,2.141429335
"147372",501,2.139391314
"2616",502,2.138969993
"79929",503,2.138602083
"767",504,2.133292677
"3310",505,2.132857736
"9536",506,2.128019996
"2597",507,2.118014766
"5794",508,2.117875735
"23764",509,2.116657491
"50632",510,2.11125867
"5919",511,2.110840603
"730",512,2.109233244
"113230",513,2.106746907
"440823",514,2.105960581
"7293",515,2.105162312
"6281",516,2.104500583
"64150",517,2.104294087
"101927034",518,2.101942434
"6515",519,2.1006326
"81693",520,2.09968563
"406992",521,2.09803419
"126669",522,2.097307704
"161357",523,2.096566388
"10653",524,2.094797904
"619445",525,2.089387247
"162998",526,2.085620046
"147",527,2.084848431
"54798",528,2.082363597
"727800",529,2.081153772
"53345",530,2.080017266
"3674",531,2.079707474
"7006",532,2.078470466
"80122",533,2.076946378
"4071",534,2.075553254
"5764",535,2.073341271
"3833",536,2.072576473
"150468",537,2.07160666
"81563",538,2.070053548
"101927233",539,2.067964118
"4909",540,2.06702116
"3664",541,2.065925917
"8325",542,2.065291199
"3897",543,2.063023276
"7039",544,2.059654517
"5317",545,2.057556109
"10045",546,2.056779121
"64856",547,2.054261154
"347404",548,2.053710055
"55013",549,2.053618696
"921",550,2.053351543
"60370",551,2.052334994
"593",552,2.047738445
"25791",553,2.041976965
"64968",554,2.040772172
"10252",555,2.040343827
"85004",556,2.039739481
"2847",557,2.039265204
"133",558,2.037032551
"57453",559,2.035525984
"654480",560,2.030524905
"7526",561,2.024580157
"8996",562,2.024097645
"170384",563,2.023518626
"54857",564,2.019394153
"11000",565,2.01930503
"5522",566,2.018930546
"154661",567,2.016062636
"6332",568,2.010301538
"55380",569,2.009141781
"285176",570,2.006061107
"79698",571,2.001941645
"148229",572,2.000953285
"80177",573,1.999964321
"2925",574,1.999217689
"1813",575,1.996339112
"85028",576,1.995690742
"6533",577,1.995245737
"1346",578,1.989431546
"100130889",579,1.984905163
"55811",580,1.98227231
"3768",581,1.978512045
"22986",582,1.973278373
"9468",583,1.967629733
"57801",584,1.964698293
"4015",585,1.963177671
"200916",586,1.960203174
"56270",587,1.958937461
"256714",588,1.957645498
"101",589,1.956379565
"106480736",590,1.955552647
"6385",591,1.954612676
"4914",592,1.952873264
"7083",593,1.952753777
"4094",594,1.948680874
"6445",595,1.948258265
"2821",596,1.948031437
"51560",597,1.94681543
"83541",598,1.943262371
"9168",599,1.943153101
"129807",600,1.942318661
"5265",601,1.940337994
"6611",602,1.939400212
"256957",603,1.938017089
"101926911",604,1.936889791
"84419",605,1.936594652
"9132",606,1.934754377
"57713",607,1.927086121
"5822",608,1.926917367
"2138",609,1.924425706
"678",610,1.923062694
"94031",611,1.922364648
"401647",612,1.920525118
"1293",613,1.920044353
"57165",614,1.919247754
"6649",615,1.918793345
"22983",616,1.917828268
"100505933",617,1.916505833
"8045",618,1.915446231
"106144538",619,1.914916854
"644988",620,1.91400022
"3485",621,1.912871676
"360132",622,1.912493767
"2890",623,1.91032921
"11075",624,1.90861326
"729046",625,1.90859391
"55640",626,1.907393686
"10509",627,1.906424738
"64063",628,1.905471741
"51083",629,1.905470122
"388581",630,1.905093235
"135398",631,1.903184475
"7111",632,1.902210283
"341405",633,1.901274328
"9796",634,1.90072396
"51450",635,1.90035357
"106480686",636,1.895386386
"26575",637,1.892971011
"205",638,1.891822558
"4311",639,1.891487835
"1286",640,1.891412216
"255738",641,1.887848939
"438",642,1.884188829
"116444",643,1.882493199
"343578",644,1.881829218
"6658",645,1.880424009
"57596",646,1.878009374
"8635",647,1.87756294
"100873912",648,1.877366087
"2170",649,1.87703576
"79001",650,1.873633022
"108783646",651,1.873532972
"125228",652,1.873220283
"100132153",653,1.873193609
"4730",654,1.870238283
"116535",655,1.869326326
"6795",656,1.866298073
"85397",657,1.862291495
"8900",658,1.856896196
"90113",659,1.856145995
"84904",660,1.855501425
"3570",661,1.853277921
"1318",662,1.851963817
"4280",663,1.851694374
"5376",664,1.849531947
"10848",665,1.849394036
"85300",666,1.847759688
"57595",667,1.847306608
"109729161",668,1.845809937
"3763",669,1.84560532
"5731",670,1.845127275
"57643",671,1.843257223
"653483",672,1.842024459
"94235",673,1.835504134
"118472",674,1.833433605
"114915",675,1.829325974
"85439",676,1.829013624
"6288",677,1.828364148
"101929152",678,1.823644591
"257000",679,1.823511754
"80312",680,1.822899824
"6710",681,1.822246466
"109616991",682,1.820508704
"23551",683,1.817166637
"205428",684,1.812949117
"1476",685,1.809429243
"114900",686,1.809046274
"105371374",687,1.809036491
"3300",688,1.808446977
"106479516",689,1.808035226
"1634",690,1.806466012
"6657",691,1.806138306
"100506696",692,1.804817293
"4856",693,1.804366501
"109729172",694,1.803678181
"645426",695,1.803666005
"80031",696,1.797414271
"1271",697,1.797164148
"4017",698,1.795813568
"5502",699,1.795808387
"10457",700,1.792888367
"11186",701,1.792622014
"57528",702,1.788616338
"7167",703,1.787636277
"1548",704,1.787347678
"80125",705,1.785704013
"1131",706,1.785505589
"26579",707,1.783111935
"1149",708,1.782711697
"644192",709,1.781857012
"624",710,1.780734098
"728229",711,1.779261484
"6665",712,1.774259333
"9123",713,1.772398991
"80115",714,1.771942562
"439950",715,1.771585158
"1188",716,1.771346091
"101929221",717,1.770495414
"6926",718,1.767847464
"100506749",719,1.766614621
"1285",720,1.765392441
"8483",721,1.764991491
"55139",722,1.763720475
"203260",723,1.758515327
"91283",724,1.757070463
"4920",725,1.755958086
"3714",726,1.755338849
"2642",727,1.751421504
"4753",728,1.750834684
"102157401",729,1.750505387
"3489",730,1.749263138
"80307",731,1.747867054
"254263",732,1.747370799
"6461",733,1.744815212
"8572",734,1.743609939
"8784",735,1.74205605
"5165",736,1.740421136
"219970",737,1.739992361
"283234",738,1.736487885
"170685",739,1.735873636
"149465",740,1.734853122
"100422872",741,1.734759371
"23541",742,1.734349065
"84206",743,1.73358984
"91319",744,1.733515513
"3710",745,1.731832187
"401152",746,1.731514648
"25895",747,1.729886707
"8938",748,1.729399606
"5454",749,1.728621723
"100506001",750,1.727827687
"6910",751,1.726390189
"1356",752,1.72536628
"9467",753,1.724478505
"55768",754,1.723634901
"57221",755,1.722955471
"90332",756,1.721962252
"10815",757,1.721765383
"55351",758,1.721470364
"158104",759,1.721389642
"30819",760,1.721385673
"171177",761,1.721038461
"4613",762,1.720360713
"648791",763,1.719311784
"9052",764,1.715856421
"84525",765,1.71554719
"79412",766,1.714699406
"656",767,1.713039817
"26118",768,1.712944046
"864",769,1.708283667
"54742",770,1.707497954
"1299",771,1.706113741
"440934",772,1.70451599
"650655",773,1.703802401
"100418748",774,1.702878477
"111188157",775,1.700142689
"51816",776,1.699484543
"641649",777,1.698325192
"10687",778,1.698295262
"51616",779,1.698107542
"6676",780,1.697596647
"84695",781,1.696921005
"7040",782,1.695653866
"101059938",783,1.695483289
"5829",784,1.694988558
"55872",785,1.694665493
"100129781",786,1.692223987
"715",787,1.690766559
"27076",788,1.690680346
"4915",789,1.689985368
"84326",790,1.689525722
"2114",791,1.689485242
"3139",792,1.689040469
"115650",793,1.688311721
"8013",794,1.687266762
"190",795,1.684195669
"387066",796,1.680636032
"100506211",797,1.680046448
"23149",798,1.677892298
"5054",799,1.677798053
"53942",800,1.677072896
"5272",801,1.676629897
"1416",802,1.676500195
"100130495",803,1.676125741
"4137",804,1.676108044
"3162",805,1.673615687
"729708",806,1.673181757
"151556",807,1.672812553
"10865",808,1.671293871
"26289",809,1.67034249
"219855",810,1.665328687
"203259",811,1.662105143
"272",812,1.661799113
"653789",813,1.659724559
"9148",814,1.659251309
"58528",815,1.658399474
"145447",816,1.656723773
"92737",817,1.655777956
"140717",818,1.655038386
"6518",819,1.654252449
"206338",820,1.653073891
"100130958",821,1.65118429
"8511",822,1.649133061
"100131713",823,1.648557279
"2161",824,1.64855248
"150084",825,1.647395861
"4760",826,1.646421389
"100271646",827,1.645660913
"57393",828,1.643859281
"2796",829,1.643817426
"285830",830,1.643731065
"4288",831,1.641844342
"9721",832,1.641446446
"57731",833,1.641184322
"654483",834,1.640557009
"222950",835,1.639078423
"154791",836,1.638732464
"101410538",837,1.636679288
"170850",838,1.636485181
"152078",839,1.633360615
"50486",840,1.633197755
"319138",841,1.632902985
"326",842,1.632380785
"128344",843,1.629947928
"11007",844,1.628502017
"5236",845,1.625387338
"57026",846,1.625234137
"165",847,1.622469886
"121793",848,1.622414595
"1052",849,1.621624069
"5230",850,1.620647915
"114795",851,1.620240686
"1543",852,1.619899195
"85409",853,1.618906223
"7455",854,1.617207837
"84063",855,1.617148602
"9514",856,1.61648849
"7431",857,1.614678461
"3208",858,1.613988177
"10100",859,1.613181481
"64344",860,1.612756051
"4300",861,1.611410971
"79057",862,1.610795163
"64236",863,1.609602058
"1831",864,1.609174081
"57144",865,1.60809659
"100126333",866,1.605395078
"7483",867,1.604157917
"5798",868,1.604109596
"3621",869,1.602876961
"59339",870,1.600793693
"91607",871,1.599557991
"57556",872,1.599397361
"342897",873,1.599124141
"2100",874,1.598201325
"79153",875,1.598075668
"113220",876,1.596105754
"3958",877,1.595789662
"115703",878,1.594753432
"3622",879,1.59432782
"106479828",880,1.594323853
"27065",881,1.59163452
"100874113",882,1.589570648
"6861",883,1.58887471
"2564",884,1.58745467
"404220",885,1.586441554
"147111",886,1.585882024
"2987",887,1.585437473
"4066",888,1.584064891
"7378",889,1.583411759
"23732",890,1.582332773
"93099",891,1.581871159
"949",892,1.581554411
"9687",893,1.581067381
"259232",894,1.579070259
"245972",895,1.57884133
"51062",896,1.577281171
"10529",897,1.575469959
"283848",898,1.575352616
"8974",899,1.575098467
"57586",900,1.574733793
"6527",901,1.573848368
"5228",902,1.571587476
"23015",903,1.571067629
"342977",904,1.570649061
"9792",905,1.568994052
"642778",906,1.568394093
"9074",907,1.56830468
"81706",908,1.567474921
"100272147",909,1.56730959
"8710",910,1.566567355
"2906",911,1.564018153
"256949",912,1.563603768
"2997",913,1.563433475
"785",914,1.562917048
"632",915,1.562168327
"168002",916,1.559588092
"23682",917,1.558974721
"729238",918,1.556348361
"51161",919,1.556157745
"338440",920,1.554712595
"54566",921,1.553467744
"4146",922,1.548841605
"116835",923,1.548715935
"223117",924,1.547021391
"6640",925,1.546788024
"57379",926,1.543798385
"5033",927,1.543148233
"901",928,1.54227579
"161882",929,1.541157067
"23480",930,1.540441372
"79365",931,1.540341108
"4058",932,1.539525385
"2139",933,1.539437156
"161497",934,1.535984679
"10650",935,1.532817254
"114",936,1.532516284
"7079",937,1.528525465
"6273",938,1.526068425
"5732",939,1.524035971
"100874345",940,1.522980637
"377381",941,1.520637278
"9760",942,1.519299729
"4205",943,1.518788632
"83439",944,1.518570317
"6614",945,1.518360167
"100507057",946,1.5174422
"100132499",947,1.515880432
"6277",948,1.513188501
"100130300",949,1.512626869
"114780",950,1.511638855
"105369758",951,1.510616671
"80856",952,1.509649917
"728233",953,1.509616035
"6585",954,1.509453604
"5187",955,1.507669478
"5603",956,1.507112764
"5008",957,1.506920467
"874",958,1.503620167
"91862",959,1.50360673
"10603",960,1.503593604
"163933",961,1.503252415
"4093",962,1.502641797
"23210",963,1.496260112
"5352",964,1.495090026
"266722",965,1.492097848
"6927",966,1.491883169
"146212",967,1.49158002
"339366",968,1.491040746
"28951",969,1.490949028
"358",970,1.488532576
"90249",971,1.487079926
"341947",972,1.485174127
"1978",973,1.484903086
"80714",974,1.483779138
"80194",975,1.48371229
"347733",976,1.483225188
"3136",977,1.482783505
"10863",978,1.481322339
"2324",979,1.480212273
"51016",980,1.480188738
"7200",981,1.47964462
"388564",982,1.479189158
"8764",983,1.478884361
"440498",984,1.477847567
"4908",985,1.477672997
"161176",986,1.477527678
"26472",987,1.477520202
"3516",988,1.476719392
"26249",989,1.476490636
"158046",990,1.476323914
"2632",991,1.475519363
"25798",992,1.474658402
"57575",993,1.473890581
"2091",994,1.472900129
"8614",995,1.470913366
"100270832",996,1.470255323
"79144",997,1.470112316
"401944",998,1.468512207
"5148",999,1.468104126
"10984",1000,1.467390521
"1534",1001,1.467308078
"3669",1002,1.465961575
"57687",1003,1.465244286
"10675",1004,1.464670942
"100128416",1005,1.461537533
"285533",1006,1.460454711
"64127",1007,1.45861046
"57118",1008,1.457677295
"10209",1009,1.456588144
"152185",1010,1.456010583
"1140",1011,1.454124607
"5801",1012,1.451963485
"392255",1013,1.451686789
"7280",1014,1.450401015
"100418928",1015,1.45005139
"92292",1016,1.444363024
"125965",1017,1.443884232
"3706",1018,1.44347084
"3758",1019,1.443401314
"100526767",1020,1.440021314
"1027",1021,1.439721507
"6232",1022,1.438051069
"5197",1023,1.437851002
"6352",1024,1.437623991
"58504",1025,1.436465083
"1608",1026,1.436279369
"55908",1027,1.434228067
"22882",1028,1.434224716
"79746",1029,1.434098073
"2262",1030,1.432398706
"115286",1031,1.431934961
"10383",1032,1.431918967
"84667",1033,1.431197194
"6662",1034,1.430019167
"11238",1035,1.430005368
"10570",1036,1.429786306
"361",1037,1.428763148
"102725541",1038,1.428448588
"259",1039,1.422105135
"285829",1040,1.42208901
"348013",1041,1.421807458
"64077",1042,1.419990327
"84179",1043,1.419367672
"390940",1044,1.418987269
"2152",1045,1.41859922
"6954",1046,1.417787947
"642585",1047,1.41725797
"5800",1048,1.416094969
"10370",1049,1.415231569
"23589",1050,1.415213492
"342979",1051,1.414798871
"100130368",1052,1.413981211
"387763",1053,1.413944294
"256329",1054,1.413333129
"163071",1055,1.410858914
"29937",1056,1.41002322
"285498",1057,1.409092274
"29902",1058,1.408472175
"654342",1059,1.408405963
"440737",1060,1.408294942
"167838",1061,1.408106687
"63893",1062,1.407445667
"100507617",1063,1.407326186
"56241",1064,1.407255944
"57172",1065,1.406801468
"353376",1066,1.406362049
"2113",1067,1.405246938
"147746",1068,1.404114509
"4795",1069,1.402636337
"51364",1070,1.402193994
"50861",1071,1.402193204
"100874111",1072,1.399649935
"146330",1073,1.398020881
"375133",1074,1.397047114
"80758",1075,1.396400378
"22977",1076,1.395966244
"692212",1077,1.395565841
"55658",1078,1.394762576
"81033",1079,1.394494742
"7739",1080,1.392744933
"3824",1081,1.392590778
"1044",1082,1.391661928
"4065",1083,1.391413983
"143425",1084,1.391389892
"645",1085,1.390962481
"59285",1086,1.390486343
"63910",1087,1.390088512
"197257",1088,1.389431145
"374739",1089,1.387776672
"100216479",1090,1.387426709
"126037",1091,1.386861811
"83442",1092,1.386309074
"2583",1093,1.385370855
"100131187",1094,1.385147226
"694",1095,1.384980974
"3265",1096,1.383853078
"549",1097,1.383410183
"54626",1098,1.380900088
"27151",1099,1.379843577
"64651",1100,1.37984181
"27092",1101,1.379755815
"55240",1102,1.3791885
"6623",1103,1.378312543
"55879",1104,1.377457832
"51517",1105,1.377018668
"84973",1106,1.376046039
"1992",1107,1.375348938
"84937",1108,1.374277521
"5355",1109,1.374096837
"100288540",1110,1.372825858
"153020",1111,1.37220043
"84957",1112,1.371988739
"53826",1113,1.371751219
"619518",1114,1.371614815
"375611",1115,1.370738827
"57628",1116,1.370719957
"2353",1117,1.370314787
"54463",1118,1.369512505
"348487",1119,1.369110688
"140623",1120,1.368446619
"9094",1121,1.367544812
"253430",1122,1.367250267
"204",1123,1.367033629
"23416",1124,1.363022285
"1311",1125,1.361043494
"23048",1126,1.360456214
"1525",1127,1.360438345
"79258",1128,1.357055352
"26056",1129,1.356918398
"6572",1130,1.35546211
"10174",1131,1.35531174
"100419031",1132,1.353553076
"55964",1133,1.352520346
"27440",1134,1.349636114
"5730",1135,1.349294616
"388907",1136,1.347612204
"4256",1137,1.347113501
"126731",1138,1.347061028
"2261",1139,1.345768149
"51599",1140,1.345567995
"58480",1141,1.345306918
"135152",1142,1.343627516
"333926",1143,1.342975902
"55076",1144,1.342398121
"85415",1145,1.342284317
"51512",1146,1.341604379
"11069",1147,1.338142608
"400745",1148,1.337097501
"8553",1149,1.337071235
"81620",1150,1.33509633
"9071",1151,1.334760025
"5569",1152,1.334728223
"5179",1153,1.334158774
"26502",1154,1.333827181
"439921",1155,1.333809955
"55845",1156,1.332374006
"6915",1157,1.331928976
"6234",1158,1.330981439
"8061",1159,1.33048545
"100128071",1160,1.329620311
"27132",1161,1.328952352
"6275",1162,1.328145424
"283869",1163,1.327941992
"153768",1164,1.327599276
"349152",1165,1.326446463
"29778",1166,1.326432464
"129804",1167,1.326194789
"6203",1168,1.325771834
"199800",1169,1.325701022
"283150",1170,1.32141085
"26499",1171,1.319860532
"27344",1172,1.319656341
"9317",1173,1.319605162
"151449",1174,1.319082218
"388588",1175,1.316303486
"5881",1176,1.31530699
"23632",1177,1.314752254
"11187",1178,1.314733872
"5104",1179,1.312634434
"441094",1180,1.311464251
"398",1181,1.309480807
"6423",1182,1.308773652
"143379",1183,1.307610627
"1607",1184,1.306275845
"170463",1185,1.304068649
"790955",1186,1.303899567
"688",1187,1.302960237
"1414",1188,1.302744156
"9244",1189,1.302593866
"100129295",1190,1.302565372
"84678",1191,1.30096815
"84230",1192,1.300186705
"2826",1193,1.297860069
"1397",1194,1.297678262
"4248",1195,1.297675453
"7125",1196,1.294376241
"91373",1197,1.292964724
"2995",1198,1.292580845
"5836",1199,1.292479973
"1117",1200,1.292473713
"432",1201,1.292272353
"10272",1202,1.291973637
"23327",1203,1.291132973
"9625",1204,1.291034971
"84958",1205,1.290442371
"10112",1206,1.290048189
"85027",1207,1.290036577
"2596",1208,1.289093289
"2487",1209,1.288941552
"11044",1210,1.288724729
"29085",1211,1.28858996
"8780",1212,1.288155909
"100129272",1213,1.287807868
"489",1214,1.287105031
"442338",1215,1.287018837
"400961",1216,1.286931691
"9590",1217,1.286869425
"2501",1218,1.284730199
"100289509",1219,1.28430168
"100288911",1220,1.283992461
"80128",1221,1.283456286
"123803",1222,1.28312076
"151354",1223,1.283075843
"387856",1224,1.281348677
"100505806",1225,1.281088621
"11221",1226,1.280904342
"7076",1227,1.279688872
"80760",1228,1.279517444
"9369",1229,1.278350228
"81575",1230,1.277924624
"100131656",1231,1.277864866
"6813",1232,1.275386091
"1896",1233,1.274814845
"90625",1234,1.274532339
"8836",1235,1.273081567
"2253",1236,1.272363165
"150864",1237,1.27232149
"7546",1238,1.272232117
"5277",1239,1.271700567
"246135",1240,1.270029324
"6817",1241,1.268591939
"5758",1242,1.268002066
"10227",1243,1.267611464
"116362",1244,1.267158077
"27237",1245,1.267108762
"1198",1246,1.266498098
"6692",1247,1.266351321
"8781",1248,1.265814999
"1136",1249,1.265681176
"84331",1250,1.26565978
"23429",1251,1.265580483
"8506",1252,1.265284619
"56666",1253,1.264175411
"59307",1254,1.264167965
"4825",1255,1.263062448
"55065",1256,1.262257703
"5590",1257,1.260456847
"3757",1258,1.260404492
"55026",1259,1.25900243
"641638",1260,1.257776479
"10636",1261,1.255815011
"10718",1262,1.254708052
"5141",1263,1.254526606
"8841",1264,1.254321385
"125206",1265,1.253616311
"6853",1266,1.253408385
"1815",1267,1.25324864
"27147",1268,1.252920673
"2696",1269,1.252268648
"11343",1270,1.251910873
"754",1271,1.251899552
"57110",1272,1.251482629
"51761",1273,1.24951165
"201181",1274,1.249153526
"134353",1275,1.248595805
"7434",1276,1.247868472
"26577",1277,1.247490367
"10235",1278,1.246871543
"9633",1279,1.246633125
"4998",1280,1.246319545
"220594",1281,1.245572283
"5979",1282,1.245145124
"291",1283,1.245015689
"100506108",1284,1.244495221
"57732",1285,1.24335564
"79180",1286,1.24215491
"5346",1287,1.24133236
"5438",1288,1.240319303
"284427",1289,1.240032834
"692109",1290,1.239634938
"27106",1291,1.239406752
"255488",1292,1.239342383
"94015",1293,1.239204391
"83982",1294,1.238616661
"27294",1295,1.238548736
"22936",1296,1.238276987
"1725",1297,1.237794589
"222967",1298,1.237474203
"1808",1299,1.236259058
"1742",1300,1.236072672
"665",1301,1.235666498
"3291",1302,1.235520632
"486",1303,1.235174397
"100147836",1304,1.235084632
"11341",1305,1.234351283
"6158",1306,1.233358329
"29116",1307,1.233010207
"100505681",1308,1.232533614
"154215",1309,1.232267883
"6136",1310,1.231767897
"3036",1311,1.23031235
"653784",1312,1.230281199
"146206",1313,1.230206957
"30062",1314,1.228080272
"3106",1315,1.226956941
"100507034",1316,1.226287402
"4917",1317,1.225616079
"342918",1318,1.224926679
"728498",1319,1.224277351
"94122",1320,1.22278715
"735301",1321,1.22269611
"646195",1322,1.22263654
"2077",1323,1.222494942
"339456",1324,1.222106394
"57030",1325,1.221770017
"55824",1326,1.221711825
"114294",1327,1.219643403
"56950",1328,1.218701882
"55107",1329,1.218215651
"5563",1330,1.216423873
"857",1331,1.216223765
"116541",1332,1.215301393
"54843",1333,1.214260977
"55818",1334,1.214164877
"29799",1335,1.214138881
"6237",1336,1.21404442
"7425",1337,1.213651312
"6505",1338,1.213386078
"699",1339,1.212973555
"7107",1340,1.21281944
"784",1341,1.211208484
"101290504",1342,1.210776092
"106182118",1343,1.208761437
"145989",1344,1.208625899
"118881",1345,1.208201127
"3311",1346,1.207352855
"3105",1347,1.207172887
"112476",1348,1.206492203
"2039",1349,1.2061459
"23645",1350,1.205965783
"26207",1351,1.205423213
"26796",1352,1.205410877
"100289187",1353,1.205115564
"55806",1354,1.204728854
"84270",1355,1.204560803
"56655",1356,1.204227275
"283212",1357,1.204209465
"163479",1358,1.204038418
"4665",1359,1.203822618
"161406",1360,1.203721348
"6615",1361,1.203055982
"121260",1362,1.202406071
"102723859",1363,1.201972545
"128853",1364,1.201501041
"339804",1365,1.200980591
"55971",1366,1.200666164
"92241",1367,1.199502702
"83890",1368,1.19884976
"29997",1369,1.198400409
"9063",1370,1.198061622
"100874032",1371,1.197294664
"1306",1372,1.196633853
"2355",1373,1.195459372
"64115",1374,1.195299439
"84251",1375,1.195047193
"4267",1376,1.194602201
"60680",1377,1.19359972
"100130776",1378,1.192816977
"58494",1379,1.192339558
"170954",1380,1.191568821
"146547",1381,1.191195454
"10518",1382,1.190031001
"284217",1383,1.189290704
"4826",1384,1.18921587
"163175",1385,1.188170754
"158373",1386,1.187814322
"51762",1387,1.187577228
"106479923",1388,1.186398001
"146802",1389,1.18536837
"9818",1390,1.18436048
"10882",1391,1.18410362
"133283",1392,1.183272887
"10542",1393,1.183210882
"2274",1394,1.1823482
"127281",1395,1.182191164
"5604",1396,1.180747
"6546",1397,1.180698639
"58189",1398,1.179942833
"9355",1399,1.179704712
"11270",1400,1.179446258
"221935",1401,1.179101731
"23259",1402,1.178321922
"79789",1403,1.177922039
"83707",1404,1.177853257
"3725",1405,1.177544721
"6261",1406,1.176602413
"23186",1407,1.173035688
"8227",1408,1.172796852
"2159",1409,1.172206816
"91663",1410,1.17188138
"115353",1411,1.1716393
"80097",1412,1.171623222
"162494",1413,1.16848052
"207107",1414,1.16664921
"245711",1415,1.166067316
"9780",1416,1.16598746
"6006",1417,1.165959971
"60682",1418,1.165763178
"23504",1419,1.165634046
"3587",1420,1.165392482
"5329",1421,1.165340057
"25837",1422,1.164666865
"80864",1423,1.164473571
"90362",1424,1.162923764
"51545",1425,1.162504146
"100130240",1426,1.161241854
"9424",1427,1.161230877
"10866",1428,1.160376791
"54455",1429,1.160372187
"64129",1430,1.160294369
"389342",1431,1.160134182
"7597",1432,1.159942877
"7942",1433,1.159930652
"10017",1434,1.159891427
"127435",1435,1.159468501
"2281",1436,1.159467941
"3786",1437,1.159078452
"5757",1438,1.158902954
"57178",1439,1.158722578
"2297",1440,1.157169457
"55799",1441,1.157142243
"414196",1442,1.15683212
"57648",1443,1.154923894
"6663",1444,1.154306808
"4600",1445,1.154126494
"23523",1446,1.15402838
"346950",1447,1.15344982
"8541",1448,1.152802448
"81926",1449,1.152066871
"2508",1450,1.150984838
"80853",1451,1.149617134
"343",1452,1.149107448
"3614",1453,1.148902054
"2934",1454,1.148869944
"10809",1455,1.148223797
"3736",1456,1.14794943
"574036",1457,1.147640232
"991",1458,1.147456783
"7026",1459,1.14682179
"27239",1460,1.146806172
"3098",1461,1.146589596
"83590",1462,1.146312487
"3858",1463,1.143529509
"7190",1464,1.142062251
"79191",1465,1.142051484
"54206",1466,1.142021461
"102723471",1467,1.141167852
"100271003",1468,1.140788593
"5761",1469,1.14069578
"728734",1470,1.14026399
"54344",1471,1.140155001
"3176",1472,1.139982066
"572",1473,1.139891765
"140465",1474,1.139781263
"25834",1475,1.139222257
"11067",1476,1.13877669
"10295",1477,1.13864414
"54541",1478,1.13831931
"5970",1479,1.137792036
"57799",1480,1.137507604
"284023",1481,1.137152126
"284393",1482,1.136359579
"57332",1483,1.135742449
"919",1484,1.135691637
"83855",1485,1.134050851
"3787",1486,1.133976564
"4318",1487,1.133919966
"57530",1488,1.133301017
"23409",1489,1.133104635
"83874",1490,1.132755045
"100507602",1491,1.132726744
"9920",1492,1.131875234
"6343",1493,1.131560538
"112869",1494,1.131535459
"100506157",1495,1.130786506
"728537",1496,1.130763454
"5526",1497,1.130572848
"57475",1498,1.130343782
"610",1499,1.127650928
"643988",1500,1.127095375
"51053",1501,1.126979959
"100128537",1502,1.126915767
"23220",1503,1.126526217
"206",1504,1.125774234
"55314",1505,1.124411281
"283248",1506,1.124346911
"1437",1507,1.124076514
"374877",1508,1.123846744
"7307",1509,1.123301074
"199745",1510,1.123276189
"6462",1511,1.123126249
"51114",1512,1.122914296
"6455",1513,1.122252123
"85442",1514,1.120616346
"1959",1515,1.120214991
"1080",1516,1.119894761
"115273",1517,1.119825204
"100379592",1518,1.119436746
"11040",1519,1.119261629
"84334",1520,1.118473077
"387867",1521,1.118124261
"440253",1522,1.117010784
"23030",1523,1.11566036
"11237",1524,1.115629276
"57561",1525,1.114688085
"28638",1526,1.113068815
"90381",1527,1.112616365
"654790",1528,1.112455492
"541565",1529,1.110998463
"9232",1530,1.110703982
"30846",1531,1.110475398
"440356",1532,1.109996281
"112483",1533,1.109986796
"730005",1534,1.109914571
"25873",1535,1.109575917
"1013",1536,1.108709505
"3960",1537,1.107676197
"4084",1538,1.107634296
"119587",1539,1.10705517
"27258",1540,1.106901472
"4056",1541,1.106459153
"84709",1542,1.105756873
"55689",1543,1.104833655
"92922",1544,1.1045496
"7923",1545,1.10454352
"1535",1546,1.103623712
"377007",1547,1.103312038
"55336",1548,1.101147159
"7755",1549,1.100977164
"59271",1550,1.100794555
"79804",1551,1.100737612
"100216545",1552,1.100600961
"130617",1553,1.099997755
"101927763",1554,1.099777032
"5533",1555,1.099661976
"6457",1556,1.098596852
"442775",1557,1.098256666
"25819",1558,1.097273295
"2197",1559,1.09676845
"57179",1560,1.096576984
"1281",1561,1.095808416
"2650",1562,1.095721056
"55643",1563,1.09433347
"283987",1564,1.093163713
"23199",1565,1.090867618
"6769",1566,1.090038548
"168620",1567,1.089931691
"645619",1568,1.089678022
"285696",1569,1.089548325
"4052",1570,1.089269904
"114134",1571,1.08704054
"100128731",1572,1.086853239
"1195",1573,1.086757415
"55124",1574,1.086551029
"5900",1575,1.086520287
"5372",1576,1.08534508
"5818",1577,1.085162279
"400916",1578,1.085055519
"6181",1579,1.084890353
"8263",1580,1.083918389
"2014",1581,1.083502956
"84246",1582,1.083208528
"149986",1583,1.081819962
"4201",1584,1.081146301
"5204",1585,1.08087561
"22891",1586,1.080867926
"22856",1587,1.080762016
"22898",1588,1.080168
"6526",1589,1.080155348
"3720",1590,1.079553566
"3280",1591,1.079047805
"5724",1592,1.07858009
"106479269",1593,1.078352084
"10620",1594,1.078292444
"49855",1595,1.078171735
"388931",1596,1.078116808
"388707",1597,1.077997096
"6134",1598,1.077234515
"103752586",1599,1.076824482
"89797",1600,1.076401459
"101929074",1601,1.076397177
"80279",1602,1.074792052
"100134015",1603,1.074583545
"27345",1604,1.074418503
"6911",1605,1.0740678
"1298",1606,1.074001933
"729956",1607,1.073483707
"7416",1608,1.072999096
"6941",1609,1.072981579
"2109",1610,1.07233445
"5223",1611,1.071790028
"54930",1612,1.071350629
"594842",1613,1.070815768
"5413",1614,1.070698522
"100132415",1615,1.069867065
"2040",1616,1.069390231
"5470",1617,1.067812447
"49861",1618,1.067493529
"6166",1619,1.06746905
"2555",1620,1.067358028
"6415",1621,1.067076315
"54498",1622,1.066859174
"261734",1623,1.066799258
"54952",1624,1.066288525
"157530",1625,1.066174586
"9935",1626,1.065917545
"55200",1627,1.065133409
"5125",1628,1.064962864
"100506020",1629,1.064955986
"6865",1630,1.064804081
"9829",1631,1.064744126
"64838",1632,1.064219123
"138429",1633,1.062131937
"4486",1634,1.061413569
"56731",1635,1.059925486
"8787",1636,1.057682462
"93611",1637,1.057326586
"51168",1638,1.057240649
"285785",1639,1.056582778
"195828",1640,1.056566262
"65008",1641,1.055992755
"26782",1642,1.055598606
"150928",1643,1.055552756
"7423",1644,1.055406423
"100420401",1645,1.055117279
"3107",1646,1.055044671
"10382",1647,1.054998353
"10549",1648,1.054967632
"4214",1649,1.054782005
"25825",1650,1.054334554
"81544",1651,1.053876537
"9337",1652,1.053834644
"1001",1653,1.05353454
"9212",1654,1.053490378
"2687",1655,1.053390138
"9049",1656,1.053194657
"643699",1657,1.053008623
"7288",1658,1.052958616
"3004",1659,1.052875757
"1466",1660,1.052659818
"80700",1661,1.052657809
"54937",1662,1.052371424
"63875",1663,1.052003527
"4902",1664,1.051853696
"221421",1665,1.051753054
"89792",1666,1.051408533
"5914",1667,1.051065461
"7316",1668,1.050984939
"391",1669,1.050387376
"1154",1670,1.049721086
"284293",1671,1.049593327
"259295",1672,1.048912021
"26153",1673,1.048783709
"51255",1674,1.048641501
"441073",1675,1.047628193
"5260",1676,1.04704836
"56929",1677,1.046486916
"144581",1678,1.045446353
"339488",1679,1.044649711
"4736",1680,1.044241104
"145165",1681,1.042547785
"7291",1682,1.04245626
"203068",1683,1.0423753
"7417",1684,1.042261458
"746",1685,1.042054133
"116832",1686,1.041292434
"222643",1687,1.040025799
"6001",1688,1.039996387
"51693",1689,1.039570447
"2914",1690,1.038757433
"23779",1691,1.038570264
"64423",1692,1.03843702
"254552",1693,1.038284742
"83862",1694,1.038066181
"388630",1695,1.036996669
"102723647",1696,1.036155788
"415116",1697,1.03585238
"10912",1698,1.034728366
"9322",1699,1.03226194
"64596",1700,1.032148482
"7159",1701,1.032080701
"644538",1702,1.031817028
"2584",1703,1.031762245
"9572",1704,1.031673246
"50854",1705,1.031575577
"2783",1706,1.031322017
"91409",1707,1.031171473
"55272",1708,1.030914465
"768211",1709,1.030711383
"29881",1710,1.030669117
"57709",1711,1.030629755
"84314",1712,1.029549593
"163183",1713,1.029469926
"55679",1714,1.029018958
"54665",1715,1.02894133
"440354",1716,1.028839044
"100874097",1717,1.028388047
"388886",1718,1.027697807
"643353",1719,1.027688756
"54935",1720,1.026098256
"80164",1721,1.025841541
"51596",1722,1.024641998
"140696",1723,1.022983401
"8519",1724,1.022728894
"6126",1725,1.02234079
"3115",1726,1.022332714
"718",1727,1.022296268
"692233",1728,1.022256468
"64518",1729,1.02217192
"7464",1730,1.020923802
"254295",1731,1.020903414
"286262",1732,1.020722552
"64218",1733,1.019962049
"5365",1734,1.019487519
"5118",1735,1.019407873
"57333",1736,1.019030397
"8270",1737,1.018827668
"391059",1738,1.018514839
"55118",1739,1.018028615
"10606",1740,1.018023847
"54522",1741,1.017287996
"116730",1742,1.016869424
"142678",1743,1.015013441
"389672",1744,1.014762024
"10412",1745,1.014440768
"55536",1746,1.014355551
"573",1747,1.013685783
"222962",1748,1.013681404
"10555",1749,1.013492276
"117",1750,1.012843519
"106707175",1751,1.012667229
"5727",1752,1.011701516
"4792",1753,1.011240695
"100289279",1754,1.010385448
"2644",1755,1.010334386
"50636",1756,1.01012711
"10652",1757,1.010021231
"57590",1758,1.009549615
"106480027",1759,1.009118027
"4661",1760,1.008867254
"55521",1761,1.008562139
"10459",1762,1.008117215
"51228",1763,1.00799224
"646270",1764,1.007703756
"386593",1765,1.007681075
"225689",1766,1.006655096
"7184",1767,1.005774301
"83719",1768,1.005386083
"11279",1769,1.005101592
"56888",1770,1.004963639
"154288",1771,1.003478364
"9028",1772,1.003447172
"54898",1773,1.00341402
"973",1774,1.003171858
"266747",1775,1.003170245
"6227",1776,1.002757786
"1571",1777,1.002361638
"92565",1778,1.00121596
"6144",1779,1.000928912
"100422986",1780,1.000920494
"6168",1781,1.000577515
"100270840",1782,0.999833418
"339005",1783,0.999715345
"402175",1784,0.999404896
"6223",1785,0.998624277
"23704",1786,0.998211376
"6228",1787,0.998092002
"204010",1788,0.997911409
"349136",1789,0.99778174
"30833",1790,0.997064678
"101929110",1791,0.996248317
"7089",1792,0.995609302
"25911",1793,0.995380118
"441034",1794,0.994310762
"90853",1795,0.99401061
"64220",1796,0.993933261
"80071",1797,0.993130658
"8864",1798,0.992756369
"5080",1799,0.992656611
"140597",1800,0.991973844
"1399",1801,0.991796843
"6508",1802,0.991750147
"285148",1803,0.991464765
"399948",1804,0.991253339
"54802",1805,0.991116524
"57646",1806,0.990961228
"51529",1807,0.990254538
"56896",1808,0.99013606
"3663",1809,0.989666302
"201176",1810,0.989532076
"55257",1811,0.98945094
"57576",1812,0.98835875
"6164",1813,0.988238763
"653319",1814,0.987989396
"302",1815,0.987946513
"8321",1816,0.987297684
"55326",1817,0.986995499
"84069",1818,0.986945261
"5866",1819,0.986173366
"644714",1820,0.986044576
"6156",1821,0.985772322
"7869",1822,0.985727497
"51400",1823,0.985364931
"3887",1824,0.985049669
"5333",1825,0.984554428
"517",1826,0.984461361
"8731",1827,0.984442553
"116987",1828,0.983839078
"79042",1829,0.983204648
"6217",1830,0.982834252
"22837",1831,0.982487859
"57484",1832,0.981825217
"10641",1833,0.981753717
"6193",1834,0.980920122
"7311",1835,0.979508086
"389541",1836,0.979241401
"286006",1837,0.979145978
"282974",1838,0.97889654
"521",1839,0.978590651
"7360",1840,0.978410585
"4072",1841,0.978217925
"54855",1842,0.97743047
"10455",1843,0.977027288
"13",1844,0.976732567
"84444",1845,0.976392253
"55186",1846,0.975525753
"100422243",1847,0.975239379
"1176",1848,0.974925799
"6045",1849,0.974307028
"79652",1850,0.97401004
"117166",1851,0.97378031
"1953",1852,0.9729951
"330",1853,0.972858115
"10867",1854,0.972686479
"11224",1855,0.97245325
"642443",1856,0.971932889
"54440",1857,0.971829464
"100499252",1858,0.971740471
"79137",1859,0.971464403
"54757",1860,0.971177021
"7025",1861,0.970910641
"1153",1862,0.970537465
"4582",1863,0.969688607
"100873273",1864,0.967862987
"7702",1865,0.96770868
"100505994",1866,0.966981027
"348262",1867,0.966928028
"134121",1868,0.9669027
"100113384",1869,0.966451354
"11043",1870,0.965684704
"2171",1871,0.965546108
"185",1872,0.964374288
"79888",1873,0.963901102
"653689",1874,0.963871842
"57716",1875,0.963558478
"6207",1876,0.963060845
"10592",1877,0.961782195
"553112",1878,0.961569411
"101409261",1879,0.960966066
"6205",1880,0.960836703
"5211",1881,0.960694785
"548645",1882,0.959880418
"6478",1883,0.958976
"150771",1884,0.958667121
"55620",1885,0.958078298
"7020",1886,0.958025986
"8987",1887,0.957357812
"4067",1888,0.957240108
"2321",1889,0.957189666
"258010",1890,0.956719708
"100127907",1891,0.956440352
"55890",1892,0.956362562
"100506649",1893,0.956208097
"140823",1894,0.956081246
"256281",1895,0.955955999
"6928",1896,0.955688965
"3113",1897,0.955607337
"6157",1898,0.955551582
"6948",1899,0.955487412
"167681",1900,0.955297718
"5292",1901,0.955086508
"343477",1902,0.953894239
"195827",1903,0.953748996
"5178",1904,0.953623693
"11240",1905,0.953415378
"283651",1906,0.95272328
"645160",1907,0.952637429
"158078",1908,0.952446034
"4616",1909,0.952381532
"91419",1910,0.952216116
"1513",1911,0.951643008
"84254",1912,0.951622359
"115110",1913,0.951349043
"79025",1914,0.950978608
"693232",1915,0.950925815
"79009",1916,0.950870963
"8742",1917,0.950687353
"9367",1918,0.950529662
"285382",1919,0.950203848
"23474",1920,0.95017362
"81689",1921,0.949818844
"57156",1922,0.948669373
"5759",1923,0.94846285
"80778",1924,0.947794121
"728658",1925,0.946669429
"54629",1926,0.946619895
"4000",1927,0.94568122
"5252",1928,0.945192657
"158160",1929,0.945183681
"121551",1930,0.944447624
"286204",1931,0.943446795
"1471",1932,0.943035871
"22949",1933,0.942843545
"359948",1934,0.942498881
"7349",1935,0.941868584
"441481",1936,0.941508262
"347689",1937,0.940604667
"2593",1938,0.940352389
"677814",1939,0.939869194
"64598",1940,0.939659157
"5067",1941,0.939608862
"51106",1942,0.939154959
"646531",1943,0.938884829
"25976",1944,0.937915997
"9867",1945,0.937630494
"2289",1946,0.937613209
"56967",1947,0.937216236
"221838",1948,0.937134902
"2010",1949,0.936272555
"23061",1950,0.936224684
"304",1951,0.935952067
"64866",1952,0.935814659
"84433",1953,0.935748229
"93145",1954,0.935554231
"146429",1955,0.935403524
"6142",1956,0.934968196
"26822",1957,0.934521032
"4875",1958,0.93444282
"1201",1959,0.93435678
"132014",1960,0.93405998
"53904",1961,0.933377538
"23217",1962,0.933312153
"158326",1963,0.932925711
"5575",1964,0.932688418
"114990",1965,0.932186729
"65078",1966,0.931840887
"54922",1967,0.931761106
"140680",1968,0.930263527
"145957",1969,0.929237371
"7049",1970,0.928803783
"100529211",1971,0.928773462
"10318",1972,0.928466661
"54540",1973,0.928076911
"5425",1974,0.927872365
"822",1975,0.927795084
"10802",1976,0.927618434
"51203",1977,0.927184789
"653658",1978,0.927103147
"84548",1979,0.927026345
"106479417",1980,0.926999678
"8718",1981,0.926988169
"84623",1982,0.926864014
"54039",1983,0.926532251
"388789",1984,0.926381128
"126119",1985,0.92633357
"6284",1986,0.926088211
"23114",1987,0.925622185
"8459",1988,0.925529324
"100996541",1989,0.92523814
"3421",1990,0.925237804
"106481545",1991,0.925063511
"6690",1992,0.924512291
"2719",1993,0.924085595
"1600",1994,0.923946499
"347735",1995,0.923654053
"115908",1996,0.923478458
"55204",1997,0.923325409
"80019",1998,0.923282859
"1454",1999,0.922809015
"7106",2000,0.922176651
"126432",2001,0.921993597
"692075",2002,0.921456054
"10428",2003,0.920984328
"861",2004,0.920914919
"54814",2005,0.92088995
"30008",2006,0.920820681
"1946",2007,0.920488086
"65991",2008,0.920138016
"57695",2009,0.920017038
"11104",2010,0.919835596
"100130009",2011,0.919602742
"646600",2012,0.919530237
"389766",2013,0.918613113
"29887",2014,0.918104458
"23287",2015,0.917144398
"23148",2016,0.916721465
"84445",2017,0.916493664
"140606",2018,0.916462686
"90480",2019,0.916097079
"84650",2020,0.915644382
"3148",2021,0.915143068
"79002",2022,0.914712901
"642559",2023,0.914657478
"114769",2024,0.914218397
"326307",2025,0.914123216
"54869",2026,0.913088399
"23062",2027,0.912627935
"10135",2028,0.912437808
"29948",2029,0.912195431
"6618",2030,0.912143031
"91272",2031,0.911981236
"124790",2032,0.911469348
"11183",2033,0.911038328
"112942",2034,0.910475238
"6171",2035,0.909915951
"5662",2036,0.909589889
"6235",2037,0.909413352
"11004",2038,0.909033771
"150094",2039,0.908887677
"9314",2040,0.908501587
"109729141",2041,0.907902211
"290",2042,0.907838074
"64744",2043,0.90758434
"90135",2044,0.907267037
"2054",2045,0.906962877
"252995",2046,0.906920114
"90321",2047,0.906801256
"9806",2048,0.906688771
"84631",2049,0.905931142
"729236",2050,0.90574198
"79065",2051,0.905486818
"84329",2052,0.905385998
"93185",2053,0.9049094
"84317",2054,0.904807322
"5345",2055,0.903636501
"80000",2056,0.903331817
"6169",2057,0.903275574
"79083",2058,0.903140991
"6624",2059,0.902708917
"55561",2060,0.902688603
"64122",2061,0.901876553
"2045",2062,0.901178931
"89849",2063,0.900788259
"9473",2064,0.900018192
"23353",2065,0.899530313
"5010",2066,0.89950805
"643358",2067,0.898986582
"9960",2068,0.898936586
"5763",2069,0.898852367
"8612",2070,0.898796011
"25764",2071,0.898541564
"478",2072,0.898420946
"83939",2073,0.898288365
"645313",2074,0.897691122
"92092",2075,0.89755213
"92755",2076,0.897495958
"4935",2077,0.897387903
"1649",2078,0.896178421
"1316",2079,0.896144461
"79169",2080,0.896138786
"10983",2081,0.895802954
"113146",2082,0.895515312
"84310",2083,0.895163382
"7424",2084,0.895124352
"116149",2085,0.894804767
"221806",2086,0.89468115
"79845",2087,0.894046644
"11213",2088,0.893964887
"388730",2089,0.893869252
"4713",2090,0.89385609
"79955",2091,0.893507164
"10178",2092,0.893364132
"10133",2093,0.893314983
"56985",2094,0.892939952
"79667",2095,0.892824031
"136",2096,0.891813525
"1833",2097,0.891455698
"54956",2098,0.891244646
"3338",2099,0.891088212
"100422885",2100,0.890081533
"7041",2101,0.889392126
"56005",2102,0.889374693
"1460",2103,0.88909901
"54461",2104,0.888733789
"9987",2105,0.888301422
"6748",2106,0.88798211
"4189",2107,0.887614341
"100130348",2108,0.886108916
"11145",2109,0.885963937
"56675",2110,0.885314451
"113452",2111,0.88503993
"4838",2112,0.884982293
"7517",2113,0.884902948
"282973",2114,0.8845391
"51082",2115,0.884536269
"7075",2116,0.884421458
"8574",2117,0.88424768
"100128771",2118,0.883826497
"5351",2119,0.883072618
"1120",2120,0.882412038
"671",2121,0.881273967
"6160",2122,0.880832343
"51526",2123,0.880580238
"283796",2124,0.880379896
"646658",2125,0.880020372
"8233",2126,0.879981263
"106479105",2127,0.879810897
"2664",2128,0.879479732
"5787",2129,0.87934315
"1837",2130,0.878843017
"51247",2131,0.878444715
"9520",2132,0.878106935
"116064",2133,0.878068905
"100507098",2134,0.87745421
"201164",2135,0.876891305
"79026",2136,0.876868108
"3998",2137,0.876260866
"6923",2138,0.875620962
"100462810",2139,0.875348743
"54543",2140,0.875081606
"8175",2141,0.874557182
"5093",2142,0.874284636
"10656",2143,0.873899476
"7703",2144,0.873745077
"10589",2145,0.873559737
"5269",2146,0.873540415
"64783",2147,0.87348835
"150365",2148,0.87292756
"444",2149,0.87279562
"4211",2150,0.872372092
"29785",2151,0.872182635
"27089",2152,0.872060048
"54538",2153,0.871801126
"252839",2154,0.871314587
"9045",2155,0.871234979
"400451",2156,0.87080687
"6161",2157,0.870608368
"100271087",2158,0.870584597
"100874434",2159,0.870057174
"1774",2160,0.869629035
"5214",2161,0.869278724
"23081",2162,0.869053541
"5034",2163,0.868571897
"80045",2164,0.868466371
"84935",2165,0.86840186
"57402",2166,0.867891772
"158345",2167,0.867718273
"644962",2168,0.867381241
"64919",2169,0.867136145
"375757",2170,0.866284633
"106480463",2171,0.866235162
"57462",2172,0.865759069
"728638",2173,0.865542654
"54504",2174,0.865262224
"51202",2175,0.864866577
"6206",2176,0.864637161
"441951",2177,0.86452757
"64745",2178,0.864397141
"100329135",2179,0.864268712
"4485",2180,0.863923205
"10670",2181,0.863617765
"83658",2182,0.863236704
"147138",2183,0.863208852
"643707",2184,0.862036957
"10581",2185,0.861663503
"51504",2186,0.86106956
"23522",2187,0.860116639
"7873",2188,0.85982042
"2908",2189,0.858482691
"2785",2190,0.858070772
"146760",2191,0.85797723
"100506299",2192,0.857909983
"4807",2193,0.857887756
"221895",2194,0.857473852
"5595",2195,0.857075492
"79885",2196,0.856985766
"7379",2197,0.856571336
"26232",2198,0.8563066
"23625",2199,0.856265124
"8989",2200,0.856025632
"100507530",2201,0.855833348
"79682",2202,0.855527655
"303",2203,0.855417602
"6616",2204,0.855221747
"3476",2205,0.854343004
"28978",2206,0.854288305
"3691",2207,0.852908725
"23119",2208,0.85290087
"6135",2209,0.852844967
"8636",2210,0.852331475
"146227",2211,0.85205864
"80816",2212,0.85181604
"100128893",2213,0.851572438
"642402",2214,0.85146327
"10163",2215,0.851003128
"286053",2216,0.850821482
"55687",2217,0.85028199
"7549",2218,0.850201847
"4814",2219,0.850035459
"9296",2220,0.849429439
"494540",2221,0.849428689
"122509",2222,0.848670358
"8994",2223,0.848092434
"7133",2224,0.848035299
"9441",2225,0.847777547
"728047",2226,0.8475056
"9775",2227,0.84709732
"436",2228,0.846840926
"728641",2229,0.846536716
"57060",2230,0.84610572
"403",2231,0.845987993
"7538",2232,0.845809367
"154467",2233,0.845527217
"219927",2234,0.845241823
"4900",2235,0.844347262
"6125",2236,0.844311168
"6165",2237,0.844146359
"6224",2238,0.843897123
"6230",2239,0.843557302
"4327",2240,0.843163951
"55630",2241,0.842818766
"79939",2242,0.842762936
"83723",2243,0.842113649
"1406",2244,0.841929192
"51181",2245,0.841362788
"197021",2246,0.841208109
"1803",2247,0.8405745
"8577",2248,0.840488011
"6591",2249,0.840292615
"2503",2250,0.839602754
"100287227",2251,0.839393099
"6141",2252,0.838969371
"1329",2253,0.838546751
"375616",2254,0.83853506
"105379219",2255,0.838395395
"8834",2256,0.837953722
"7071",2257,0.837683815
"10577",2258,0.837514685
"4744",2259,0.837511135
"8785",2260,0.837205296
"6671",2261,0.836636916
"148113",2262,0.836595311
"153222",2263,0.835860355
"3785",2264,0.835090142
"388121",2265,0.835061957
"145508",2266,0.834756299
"9124",2267,0.834500645
"6170",2268,0.834376434
"65999",2269,0.834134536
"80725",2270,0.834044335
"1408",2271,0.833967167
"100885866",2272,0.833768415
"5583",2273,0.833646294
"6429",2274,0.833441144
"3739",2275,0.833338786
"2192",2276,0.833139154
"6092",2277,0.832986505
"10801",2278,0.832980078
"57047",2279,0.832313607
"90326",2280,0.832052701
"9616",2281,0.831960857
"10572",2282,0.831870324
"7178",2283,0.831851008
"4776",2284,0.831581879
"100505812",2285,0.83101529
"8724",2286,0.831003475
"54507",2287,0.83026509
"6633",2288,0.82933589
"80273",2289,0.828844121
"10186",2290,0.828650076
"8727",2291,0.828610641
"23753",2292,0.828020912
"10519",2293,0.827172643
"9501",2294,0.827147545
"115265",2295,0.82659517
"100130717",2296,0.82626069
"347273",2297,0.826234919
"79870",2298,0.826166402
"130340",2299,0.826024478
"977",2300,0.825419768
"5046",2301,0.824753688
"56849",2302,0.824552356
"100507582",2303,0.824484176
"91522",2304,0.824407824
"100131094",2305,0.823756771
"360",2306,0.823543854
"84336",2307,0.823232061
"54732",2308,0.822964833
"168544",2309,0.822776632
"79036",2310,0.822393857
"400986",2311,0.822184388
"677810",2312,0.822094797
"8611",2313,0.821832476
"6209",2314,0.82174722
"285834",2315,0.821439953
"3911",2316,0.821300799
"441531",2317,0.821188881
"4293",2318,0.820869455
"140803",2319,0.820865656
"64900",2320,0.820798559
"29893",2321,0.820702951
"100874272",2322,0.820648926
"84988",2323,0.819789443
"23421",2324,0.819304292
"55236",2325,0.819123872
"65993",2326,0.818783026
"23770",2327,0.817401165
"140700",2328,0.817354279
"6208",2329,0.817043418
"4168",2330,0.816952258
"55603",2331,0.816932889
"6222",2332,0.816626395
"100130855",2333,0.816127284
"595101",2334,0.815613862
"147841",2335,0.815411639
"55038",2336,0.815337127
"387082",2337,0.815295789
"1848",2338,0.81474587
"162461",2339,0.814362677
"23521",2340,0.81432133
"9463",2341,0.814248781
"64121",2342,0.813982124
"57134",2343,0.813770823
"79850",2344,0.81365664
"100859930",2345,0.812764368
"5949",2346,0.811977441
"54805",2347,0.811729807
"440836",2348,0.811378705
"54926",2349,0.811022076
"162514",2350,0.811008882
"66000",2351,0.810575369
"1018",2352,0.810552535
"25790",2353,0.810160825
"54187",2354,0.810135804
"22989",2355,0.809889515
"390354",2356,0.809735768
"23648",2357,0.809453596
"55116",2358,0.808989407
"100147827",2359,0.808794765
"81622",2360,0.808677507
"127579",2361,0.808616197
"29094",2362,0.808480461
"9129",2363,0.808278807
"55515",2364,0.807993441
"203562",2365,0.807961508
"5635",2366,0.80775528
"1259",2367,0.807496318
"64114",2368,0.80745851
"107986588",2369,0.807396248
"11151",2370,0.80738145
"1340",2371,0.807283349
"94027",2372,0.806985935
"106481131",2373,0.806953646
"199990",2374,0.80692517
"54994",2375,0.806719116
"9627",2376,0.806586215
"115290",2377,0.806343723
"5066",2378,0.80631367
"55634",2379,0.806170279
"131544",2380,0.806159516
"6147",2381,0.805633973
"79007",2382,0.805578803
"645579",2383,0.804932108
"285282",2384,0.804768731
"727795",2385,0.804511688
"3339",2386,0.804086223
"29950",2387,0.804020714
"10467",2388,0.803679988
"5021",2389,0.803518881
"26286",2390,0.80341185
"84885",2391,0.803337389
"22",2392,0.803301432
"79586",2393,0.803153835
"4862",2394,0.802617906
"4855",2395,0.802547045
"79570",2396,0.801683418
"100420450",2397,0.801343721
"2823",2398,0.800923619
"4714",2399,0.800598734
"254863",2400,0.800551412
"10957",2401,0.800397644
"51523",2402,0.800150163
"8425",2403,0.79987648
"10966",2404,0.799522736
"9349",2405,0.799056299
"2811",2406,0.798336726
"2676",2407,0.798063832
"3910",2408,0.797557136
"1847",2409,0.797518469
"2706",2410,0.797105111
"80832",2411,0.796799894
"58515",2412,0.796719935
"160760",2413,0.796611052
"25999",2414,0.796060625
"5593",2415,0.795973494
"55152",2416,0.795963023
"10076",2417,0.795693936
"3164",2418,0.794912865
"200205",2419,0.794517876
"55844",2420,0.794513513
"2043",2421,0.794463714
"6576",2422,0.794314553
"646309",2423,0.793982691
"54880",2424,0.793478866
"3397",2425,0.793465041
"146956",2426,0.79346414
"728556",2427,0.793434769
"100271526",2428,0.793293825
"6152",2429,0.793070735
"5733",2430,0.79299971
"677807",2431,0.792861688
"9294",2432,0.792659556
"1291",2433,0.792458567
"9644",2434,0.791286839
"728",2435,0.79085946
"255783",2436,0.790794133
"100129924",2437,0.790298461
"6167",2438,0.790291843
"1396",2439,0.790273675
"9274",2440,0.789768432
"7932",2441,0.788840724
"50631",2442,0.788605339
"3801",2443,0.788312286
"6495",2444,0.788014871
"51184",2445,0.787710009
"2892",2446,0.787090497
"53938",2447,0.786415731
"4696",2448,0.786250059
"102724827",2449,0.785577713
"27120",2450,0.785479104
"78987",2451,0.785277042
"2671",2452,0.7852286
"11076",2453,0.784587152
"1191",2454,0.7843698
"10669",2455,0.784322166
"7018",2456,0.784318658
"5585",2457,0.784266121
"128414",2458,0.78425191
"81855",2459,0.784130777
"54897",2460,0.783703656
"79176",2461,0.783037881
"90637",2462,0.782756007
"56998",2463,0.782028824
"51668",2464,0.781985009
"5872",2465,0.781841626
"29924",2466,0.781581506
"642475",2467,0.781516733
"7436",2468,0.781497526
"10376",2469,0.781486524
"100118954",2470,0.781179861
"9914",2471,0.781122156
"1733",2472,0.78087495
"347736",2473,0.780833418
"340371",2474,0.780797032
"401027",2475,0.780522194
"51421",2476,0.780492801
"197335",2477,0.780456399
"80032",2478,0.780195679
"11129",2479,0.780108361
"10110",2480,0.78009929
"25816",2481,0.7797702
"93109",2482,0.778760345
"9985",2483,0.778355351
"10783",2484,0.778212894
"9610",2485,0.777887234
"29901",2486,0.777842767
"23166",2487,0.777815136
"200186",2488,0.777661151
"54581",2489,0.777652729
"253724",2490,0.777531939
"4761",2491,0.777048464
"339453",2492,0.777021368
"91582",2493,0.776864542
"100418744",2494,0.776523743
"126326",2495,0.776445761
"84269",2496,0.776210494
"7903",2497,0.776091133
"90134",2498,0.775866703
"8609",2499,0.775265607
"6233",2500,0.775234331
"84337",2501,0.775221475
"7320",2502,0.775058869
"65080",2503,0.774894319
"148398",2504,0.774530144
"57631",2505,0.774368036
"84952",2506,0.773564266
"644972",2507,0.773497215
"83706",2508,0.772730508
"55812",2509,0.772379595
"84264",2510,0.771826464
"100505741",2511,0.771600295
"5820",2512,0.771286899
"79961",2513,0.771167831
"10123",2514,0.771030182
"728609",2515,0.7692762
"132160",2516,0.769162404
"56952",2517,0.769131028
"201254",2518,0.768596892
"9931",2519,0.768202327
"221092",2520,0.768110459
"22929",2521,0.768052819
"1628",2522,0.767697305
"25771",2523,0.767594553
"442590",2524,0.767524741
"256987",2525,0.767487718
"2528",2526,0.767486538
"6746",2527,0.767326757
"10465",2528,0.767268972
"1327",2529,0.76649831
"6231",2530,0.766307742
"6159",2531,0.765543573
"29091",2532,0.765496426
"6137",2533,0.765387684
"1514",2534,0.764562096
"83733",2535,0.764421283
"163702",2536,0.764153686
"4356",2537,0.763790812
"81629",2538,0.762482474
"653234",2539,0.762388386
"7008",2540,0.761848582
"5064",2541,0.761577889
"3263",2542,0.761254439
"10130",2543,0.760877664
"55365",2544,0.760806737
"3556",2545,0.760802551
"123099",2546,0.760631874
"440345",2547,0.760408385
"728931",2548,0.759852107
"339448",2549,0.759551687
"1613",2550,0.759446723
"8111",2551,0.75898129
"255043",2552,0.758734068
"1820",2553,0.75865453
"132299",2554,0.758398869
"51317",2555,0.758280307
"2525",2556,0.758249153
"338707",2557,0.757653909
"79781",2558,0.757648448
"6132",2559,0.757585832
"23329",2560,0.757384293
"79603",2561,0.756985361
"23550",2562,0.756893465
"129787",2563,0.756761219
"3718",2564,0.756553135
"6443",2565,0.756432439
"9411",2566,0.756120749
"55384",2567,0.755568155
"9388",2568,0.755488756
"220965",2569,0.755460347
"128178",2570,0.75509968
"201163",2571,0.754687777
"83608",2572,0.75460212
"51241",2573,0.754576358
"1380",2574,0.754489299
"1071",2575,0.754137216
"6484",2576,0.754136162
"79041",2577,0.75400159
"140564",2578,0.753727515
"51063",2579,0.753663504
"284361",2580,0.75348287
"6202",2581,0.753182748
"28952",2582,0.753044396
"332",2583,0.752987775
"25920",2584,0.752465895
"6130",2585,0.752189947
"1891",2586,0.751729927
"101928363",2587,0.751459412
"51293",2588,0.751430944
"728564",2589,0.751413942
"633",2590,0.751278115
"196403",2591,0.751073314
"55876",2592,0.751054871
"9978",2593,0.750934556
"100874068",2594,0.750855703
"283237",2595,0.750622892
"727826",2596,0.75058795
"971",2597,0.75023044
"9509",2598,0.750016378
"2926",2599,0.749666555
"388341",2600,0.749639086
"650669",2601,0.749497624
"967",2602,0.749118766
"7804",2603,0.748663698
"142686",2604,0.748622759
"442898",2605,0.748231749
"26229",2606,0.747618394
"10682",2607,0.747286564
"6428",2608,0.746849447
"100287755",2609,0.746606067
"128077",2610,0.745993444
"730138",2611,0.745845424
"6150",2612,0.745699222
"4259",2613,0.74538712
"100505970",2614,0.745246941
"401398",2615,0.74383328
"140290",2616,0.743513915
"9547",2617,0.743307888
"780776",2618,0.742558566
"79660",2619,0.741992011
"10381",2620,0.74167945
"90378",2621,0.7409042
"7857",2622,0.740771607
"55165",2623,0.740734174
"109729181",2624,0.740732082
"493",2625,0.740665949
"57662",2626,0.740601079
"220112",2627,0.740536437
"374887",2628,0.740210829
"341019",2629,0.740002105
"64787",2630,0.739673339
"116840",2631,0.739348875
"2879",2632,0.739256023
"55352",2633,0.739087655
"6188",2634,0.739018782
"56965",2635,0.738889883
"716",2636,0.738778912
"51634",2637,0.738755944
"9922",2638,0.738705201
"5911",2639,0.738661671
"5216",2640,0.738564224
"5982",2641,0.738419375
"100421328",2642,0.738400295
"124540",2643,0.738275925
"6535",2644,0.738245761
"26050",2645,0.738234736
"3110",2646,0.738143369
"6133",2647,0.738097977
"170622",2648,0.738097099
"5624",2649,0.738077678
"101928111",2650,0.737632933
"51329",2651,0.737573406
"2273",2652,0.737088416
"5050",2653,0.736635644
"55009",2654,0.736089354
"7469",2655,0.736036525
"10858",2656,0.7357812
"79706",2657,0.735779722
"284297",2658,0.735723234
"57559",2659,0.735594346
"5479",2660,0.735113102
"6122",2661,0.734933183
"64975",2662,0.734847461
"91653",2663,0.734634934
"100505771",2664,0.734433321
"100131801",2665,0.733865876
"3640",2666,0.732462379
"25949",2667,0.731999127
"63940",2668,0.731655754
"7153",2669,0.73158493
"10169",2670,0.731509328
"3679",2671,0.731490235
"27013",2672,0.731324377
"200879",2673,0.731268866
"246181",2674,0.730796312
"1975",2675,0.730603764
"100874006",2676,0.730575915
"83891",2677,0.729893424
"144715",2678,0.729808162
"9986",2679,0.72939998
"389203",2680,0.728892491
"90594",2681,0.728795806
"858",2682,0.728699998
"728116",2683,0.728323636
"80790",2684,0.728014162
"23729",2685,0.727911103
"5906",2686,0.727746763
"4695",2687,0.727064374
"84722",2688,0.727030033
"280636",2689,0.726889124
"7737",2690,0.726784451
"654364",2691,0.726553877
"84662",2692,0.726452321
"4174",2693,0.726396354
"1350",2694,0.726281744
"6398",2695,0.726258724
"199223",2696,0.726204526
"23659",2697,0.726180678
"29952",2698,0.726042622
"6372",2699,0.725884234
"84102",2700,0.725506688
"4258",2701,0.725403274
"8829",2702,0.724927791
"25874",2703,0.723976534
"100302149",2704,0.722863982
"900",2705,0.722255384
"693178",2706,0.72219121
"644315",2707,0.722171064
"8409",2708,0.72211642
"64855",2709,0.721943294
"2057",2710,0.721473197
"55274",2711,0.721419236
"100128936",2712,0.721290109
"604",2713,0.721228091
"64065",2714,0.721208902
"9891",2715,0.720871646
"10945",2716,0.720507823
"2047",2717,0.72045499
"140901",2718,0.720432537
"170690",2719,0.720203978
"83856",2720,0.720087757
"599",2721,0.720085372
"54882",2722,0.719572917
"9734",2723,0.719333083
"64754",2724,0.719118805
"10127",2725,0.718567144
"57571",2726,0.718524712
"5032",2727,0.717922383
"5806",2728,0.717755032
"1945",2729,0.717737641
"25890",2730,0.717687631
"2309",2731,0.71711178
"10672",2732,0.717041428
"10791",2733,0.715941683
"9141",2734,0.715882937
"5867",2735,0.715568691
"1294",2736,0.715491339
"3552",2737,0.715282336
"9208",2738,0.715248704
"25946",2739,0.714403054
"125208",2740,0.714160279
"29926",2741,0.714134985
"4335",2742,0.714107875
"729402",2743,0.714027585
"254531",2744,0.713881077
"56265",2745,0.713854602
"9318",2746,0.713544342
"164091",2747,0.71323816
"282996",2748,0.712922932
"285525",2749,0.712470502
"130271",2750,0.712063002
"23491",2751,0.712035851
"9553",2752,0.711917951
"23481",2753,0.711596552
"161253",2754,0.711325176
"100874246",2755,0.710262262
"5688",2756,0.710260525
"1915",2757,0.710130841
"6388",2758,0.710025435
"8822",2759,0.709428373
"1415",2760,0.709335181
"80270",2761,0.709253776
"8915",2762,0.709221059
"3798",2763,0.709187005
"55508",2764,0.709185746
"9510",2765,0.709086449
"150726",2766,0.70815902
"23201",2767,0.70756363
"5121",2768,0.707467024
"653232",2769,0.707373244
"10743",2770,0.707372091
"1351",2771,0.707262154
"90407",2772,0.707261159
"122786",2773,0.707143227
"9143",2774,0.706689262
"8312",2775,0.706543295
"57804",2776,0.706145983
"63976",2777,0.705952315
"158056",2778,0.705720885
"162989",2779,0.70521543
"130814",2780,0.705182004
"125371",2781,0.704758629
"6194",2782,0.704701902
"23469",2783,0.70462883
"3978",2784,0.70445626
"100287616",2785,0.704046553
"5325",2786,0.70377463
"51690",2787,0.703288025
"706",2788,0.702894166
"79716",2789,0.702730552
"245973",2790,0.702689877
"3309",2791,0.702484294
"139411",2792,0.702192677
"682",2793,0.701790415
"2729",2794,0.701651934
"135295",2795,0.70164654
"11190",2796,0.701431594
"100507062",2797,0.701325991
"55805",2798,0.701311197
"2497",2799,0.700721769
"2886",2800,0.700567874
"55191",2801,0.700561831
"11223",2802,0.700490845
"10424",2803,0.700452612
"387882",2804,0.700375418
"4351",2805,0.700360812
"6187",2806,0.700271143
"90956",2807,0.700176732
"409",2808,0.699848246
"4832",2809,0.699565374
"645387",2810,0.699448151
"404217",2811,0.699361037
"2145",2812,0.699300715
"4606",2813,0.699187776
"2907",2814,0.698843218
"124446",2815,0.698724017
"160335",2816,0.698341841
"100130562",2817,0.698239726
"84966",2818,0.698135394
"1760",2819,0.697777712
"5898",2820,0.697485396
"54472",2821,0.697260865
"199746",2822,0.696934585
"57664",2823,0.696904209
"100128060",2824,0.696892285
"151188",2825,0.69676637
"51466",2826,0.696433606
"3418",2827,0.696012184
"4047",2828,0.695943154
"83714",2829,0.695428026
"79867",2830,0.695082493
"318",2831,0.695064064
"9545",2832,0.695025318
"56267",2833,0.69496106
"57217",2834,0.69486731
"5315",2835,0.694757026
"5379",2836,0.694681375
"401562",2837,0.69463501
"55074",2838,0.694622634
"285849",2839,0.693674239
"646576",2840,0.693535893
"4869",2841,0.69312708
"29984",2842,0.693120384
"84271",2843,0.692684766
"64943",2844,0.692472775
"400713",2845,0.692432184
"441150",2846,0.692028662
"4319",2847,0.691847785
"28959",2848,0.691721771
"956",2849,0.69166544
"9770",2850,0.691256935
"4784",2851,0.690774684
"8576",2852,0.690731676
"64743",2853,0.690658268
"29907",2854,0.689746435
"6229",2855,0.68959301
"8178",2856,0.68923326
"51374",2857,0.689176515
"126789",2858,0.689138925
"3764",2859,0.688889019
"8717",2860,0.688461511
"106479253",2861,0.68835733
"1292",2862,0.688128277
"5110",2863,0.68803013
"56931",2864,0.687903252
"1731",2865,0.687865551
"85012",2866,0.687785744
"6143",2867,0.687685064
"64714",2868,0.687476265
"5876",2869,0.687455304
"28974",2870,0.687410544
"3769",2871,0.687295613
"3987",2872,0.687209203
"6404",2873,0.687146393
"58487",2874,0.686679282
"57616",2875,0.686640002
"339768",2876,0.686024195
"7381",2877,0.685629938
"90557",2878,0.685575996
"10002",2879,0.684353723
"644815",2880,0.684050266
"2217",2881,0.684036671
"23671",2882,0.684009679
"130612",2883,0.683943168
"284207",2884,0.683692368
"3953",2885,0.683320823
"166",2886,0.683223055
"5907",2887,0.682696785
"58505",2888,0.682453427
"23461",2889,0.682161386
"7114",2890,0.681960922
"4642",2891,0.681915296
"9146",2892,0.681187697
"57613",2893,0.681131144
"51647",2894,0.681037704
"140467",2895,0.68064596
"9352",2896,0.680615239
"2946",2897,0.680412405
"148170",2898,0.680355615
"997",2899,0.680225294
"5555",2900,0.679961922
"53905",2901,0.679926551
"55166",2902,0.6798747
"9804",2903,0.679674174
"51704",2904,0.679602742
"79980",2905,0.679483997
"10657",2906,0.679428411
"112597",2907,0.678994061
"7188",2908,0.678971752
"10552",2909,0.678231403
"23594",2910,0.677877464
"221491",2911,0.677770106
"3931",2912,0.677696836
"27243",2913,0.677455911
"8986",2914,0.677377598
"104",2915,0.676856577
"3134",2916,0.675852293
"147179",2917,0.675323387
"22871",2918,0.675067102
"693164",2919,0.67505452
"6320",2920,0.674847739
"283849",2921,0.674800364
"84557",2922,0.674638126
"389293",2923,0.67461043
"3790",2924,0.674326281
"18",2925,0.674046544
"83449",2926,0.674025204
"51643",2927,0.673695926
"729177",2928,0.673516817
"27032",2929,0.673227817
"8869",2930,0.672757604
"1777",2931,0.672645822
"4239",2932,0.672243494
"90231",2933,0.672224786
"7388",2934,0.672123061
"51286",2935,0.672095413
"4717",2936,0.671769839
"51496",2937,0.671739102
"340780",2938,0.671733563
"55277",2939,0.67158775
"11337",2940,0.671512295
"55816",2941,0.671003825
"116935",2942,0.670852062
"29774",2943,0.670459945
"23596",2944,0.670315757
"5157",2945,0.670312778
"647042",2946,0.669934859
"647099",2947,0.669814472
"3623",2948,0.669777022
"51368",2949,0.669330963
"57000",2950,0.669300727
"79735",2951,0.66913853
"84148",2952,0.669119036
"6155",2953,0.668902667
"5989",2954,0.668613124
"114908",2955,0.668538314
"151525",2956,0.668319344
"22863",2957,0.668267766
"23099",2958,0.668123732
"6210",2959,0.668026125
"10541",2960,0.668021497
"9203",2961,0.668002541
"56895",2962,0.66785189
"58508",2963,0.667658297
"65009",2964,0.667466335
"140760",2965,0.667406706
"171392",2966,0.667216558
"124222",2967,0.666851521
"388344",2968,0.66677433
"157310",2969,0.666241897
"389813",2970,0.665913115
"7329",2971,0.665636668
"643253",2972,0.665554027
"57787",2973,0.665546631
"1371",2974,0.665208983
"106478973",2975,0.665037608
"641298",2976,0.664814756
"2258",2977,0.664798719
"6945",2978,0.664731741
"64928",2979,0.664329163
"440992",2980,0.664112117
"10265",2981,0.664064239
"7322",2982,0.664029613
"56243",2983,0.663976672
"381",2984,0.663687998
"84883",2985,0.663679725
"25",2986,0.663289818
"4833",2987,0.663256806
"100190939",2988,0.663119212
"5598",2989,0.662797992
"9401",2990,0.662788287
"8683",2991,0.66272014
"4212",2992,0.662595251
"10954",2993,0.662437003
"5318",2994,0.662276992
"567",2995,0.661473966
"6128",2996,0.661465068
"8721",2997,0.661354926
"100653515",2998,0.661352935
"3429",2999,0.661216955
"56900",3000,0.661207316
"105376752",3001,0.661020362
"79447",3002,0.660881821
"5144",3003,0.660830889
"65010",3004,0.660487447
"79587",3005,0.660061062
"389792",3006,0.660025608
"821",3007,0.659544678
"252969",3008,0.659339551
"760",3009,0.659226937
"6902",3010,0.659180878
"5437",3011,0.658880326
"7881",3012,0.658705871
"80817",3013,0.658529387
"79618",3014,0.658177153
"79631",3015,0.658067402
"114791",3016,0.657562798
"100129195",3017,0.657338239
"2542",3018,0.656506377
"23423",3019,0.656296903
"84811",3020,0.656241213
"11345",3021,0.656087511
"9789",3022,0.655785706
"63027",3023,0.655628081
"22890",3024,0.655454063
"101927279",3025,0.655323633
"9180",3026,0.654592872
"91807",3027,0.654430416
"10994",3028,0.654222348
"100134869",3029,0.654075486
"79990",3030,0.654054157
"51309",3031,0.653566534
"10952",3032,0.653566206
"100652770",3033,0.653518451
"8793",3034,0.653129538
"10311",3035,0.653001694
"26115",3036,0.652852714
"1464",3037,0.652778393
"196513",3038,0.652759847
"79899",3039,0.652359053
"51258",3040,0.65232516
"90410",3041,0.652262297
"285429",3042,0.652213489
"662",3043,0.651940989
"29780",3044,0.651747177
"780",3045,0.651482114
"114823",3046,0.651431499
"22887",3047,0.651402945
"513",3048,0.651221336
"1947",3049,0.651185143
"7169",3050,0.650938569
"56897",3051,0.650869603
"7023",3052,0.65077353
"7148",3053,0.650686983
"23413",3054,0.650070617
"114879",3055,0.649525269
"401577",3056,0.649269398
"7458",3057,0.648896852
"9781",3058,0.648837004
"29911",3059,0.648439783
"23275",3060,0.648041286
"8705",3061,0.647895551
"101060376",3062,0.647370535
"5037",3063,0.647104848
"56342",3064,0.646999446
"219333",3065,0.646916394
"3133",3066,0.646875087
"727936",3067,0.646847699
"63951",3068,0.646558054
"128272",3069,0.646336727
"4188",3070,0.646297141
"514",3071,0.6460981
"6139",3072,0.645841135
"339799",3073,0.645574876
"7545",3074,0.645371817
"8831",3075,0.645186424
"64969",3076,0.644991804
"9903",3077,0.644935786
"26520",3078,0.644812354
"57537",3079,0.644783322
"147837",3080,0.644726084
"4904",3081,0.64462856
"84299",3082,0.644460592
"163782",3083,0.644254135
"1841",3084,0.64406256
"54971",3085,0.644046495
"768206",3086,0.643828628
"3964",3087,0.643629006
"692089",3088,0.643605389
"155185",3089,0.643480204
"57037",3090,0.64330085
"105369340",3091,0.643089873
"2556",3092,0.643026358
"7357",3093,0.64285639
"374875",3094,0.642671445
"60678",3095,0.642585227
"29796",3096,0.642584289
"134829",3097,0.642478796
"2550",3098,0.642190096
"5826",3099,0.64211539
"401316",3100,0.641294265
"6854",3101,0.641287471
"375350",3102,0.641238962
"221687",3103,0.641047074
"399668",3104,0.640446464
"2567",3105,0.640370677
"8417",3106,0.640026769
"6635",3107,0.639894577
"284352",3108,0.639872797
"1603",3109,0.639036437
"7134",3110,0.638998705
"5609",3111,0.638966705
"4597",3112,0.638937635
"6613",3113,0.638368173
"4233",3114,0.637782364
"8726",3115,0.637633381
"60674",3116,0.637553029
"8566",3117,0.636981567
"2760",3118,0.636787501
"2745",3119,0.636755411
"255743",3120,0.636659318
"689",3121,0.636534404
"1974",3122,0.636219552
"84632",3123,0.635926301
"27031",3124,0.635915009
"6637",3125,0.63562669
"112817",3126,0.635619277
"4724",3127,0.6354568
"11033",3128,0.635200104
"92675",3129,0.635062224
"7528",3130,0.634889056
"4135",3131,0.634871752
"533",3132,0.634691762
"374969",3133,0.634449335
"9001",3134,0.634426129
"55249",3135,0.634134572
"9379",3136,0.633589282
"6812",3137,0.633384014
"65985",3138,0.633210471
"114659",3139,0.632947925
"83460",3140,0.632231281
"4192",3141,0.631692032
"55558",3142,0.631309422
"23705",3143,0.631275393
"3936",3144,0.630983314
"730029",3145,0.630727066
"104326055",3146,0.630462825
"2697",3147,0.630392547
"78989",3148,0.629849251
"5439",3149,0.62970366
"116092",3150,0.62942118
"220004",3151,0.629307935
"339302",3152,0.629251669
"10752",3153,0.629164049
"83638",3154,0.629131996
"389289",3155,0.628852914
"645694",3156,0.628648503
"728632",3157,0.628648324
"642843",3158,0.628640273
"4682",3159,0.628365341
"441869",3160,0.628038042
"6804",3161,0.627616612
"10819",3162,0.627560062
"6119",3163,0.627382017
"23037",3164,0.627257105
"6176",3165,0.626776866
"23478",3166,0.626095077
"55135",3167,0.626017815
"8747",3168,0.625951801
"134147",3169,0.625892153
"23399",3170,0.625834664
"6512",3171,0.625716104
"353267",3172,0.625599932
"975",3173,0.625497208
"26205",3174,0.625437986
"81558",3175,0.62472267
"581",3176,0.624573465
"1428",3177,0.624319721
"388474",3178,0.623895093
"125061",3179,0.623530111
"7979",3180,0.623451611
"22874",3181,0.623423779
"84154",3182,0.623348353
"56125",3183,0.62323579
"130367",3184,0.623100605
"9754",3185,0.623053487
"29097",3186,0.622912412
"8665",3187,0.622778921
"1347",3188,0.622638792
"8910",3189,0.622629473
"4125",3190,0.622461517
"20",3191,0.621879438
"55966",3192,0.621877647
"495",3193,0.621692848
"2013",3194,0.621682645
"9235",3195,0.621370041
"84221",3196,0.621262773
"10567",3197,0.620754379
"85007",3198,0.620616475
"2649",3199,0.620538199
"5076",3200,0.620414366
"7784",3201,0.620136551
"8214",3202,0.619936468
"8622",3203,0.619863678
"100303755",3204,0.619364709
"11014",3205,0.619340779
"63827",3206,0.619268255
"3921",3207,0.618998292
"51312",3208,0.61817639
"2585",3209,0.617815385
"6547",3210,0.617755482
"116113",3211,0.617673501
"145864",3212,0.617315881
"23242",3213,0.616997763
"339287",3214,0.616936652
"100423039",3215,0.61683888
"4357",3216,0.616537705
"56994",3217,0.616477159
"7419",3218,0.616026651
"131578",3219,0.615844377
"5002",3220,0.615589366
"3660",3221,0.614670518
"8711",3222,0.614383337
"84790",3223,0.614215896
"4291",3224,0.613869235
"25824",3225,0.61369925
"606551",3226,0.61353462
"83547",3227,0.61334217
"147172",3228,0.613029237
"8549",3229,0.61293284
"653566",3230,0.612871913
"55715",3231,0.61274177
"7542",3232,0.612518845
"7975",3233,0.612397575
"55270",3234,0.612382003
"1101",3235,0.612225928
"132228",3236,0.611860549
"51019",3237,0.611683459
"6189",3238,0.611642973
"55809",3239,0.611625418
"57035",3240,0.611619257
"90522",3241,0.611489001
"51478",3242,0.611478917
"3902",3243,0.611423756
"348",3244,0.611312693
"102577425",3245,0.610989357
"79672",3246,0.61051007
"90990",3247,0.610316279
"25796",3248,0.610179682
"333",3249,0.610135638
"101929328",3250,0.610129339
"6447",3251,0.60992958
"27324",3252,0.609342543
"6138",3253,0.60918811
"81617",3254,0.609053775
"130733",3255,0.608924863
"25956",3256,0.608692663
"26093",3257,0.608585071
"84033",3258,0.608263949
"56949",3259,0.608207926
"80776",3260,0.608183004
"148523",3261,0.608088551
"10270",3262,0.607303748
"88455",3263,0.606890949
"3703",3264,0.606727812
"3029",3265,0.606348672
"10250",3266,0.606154541
"5719",3267,0.60581897
"54539",3268,0.605775032
"10207",3269,0.605450849
"122961",3270,0.605114301
"10610",3271,0.604844648
"158471",3272,0.604841308
"126003",3273,0.604519735
"266675",3274,0.604409
"440295",3275,0.604353517
"3094",3276,0.604310981
"100873640",3277,0.604126493
"51188",3278,0.603888434
"10263",3279,0.603819934
"8407",3280,0.603776619
"84330",3281,0.603677844
"482",3282,0.603651287
"57461",3283,0.603599858
"8999",3284,0.603480485
"6839",3285,0.60308411
"54675",3286,0.603028267
"51550",3287,0.602849701
"10287",3288,0.602562296
"4148",3289,0.602195489
"201266",3290,0.601934628
"527",3291,0.601877151
"819",3292,0.601540941
"4232",3293,0.601366392
"54913",3294,0.600993136
"388524",3295,0.600858138
"55288",3296,0.60082797
"64978",3297,0.600797715
"57153",3298,0.600707862
"2167",3299,0.600707579
"83693",3300,0.600702927
"11013",3301,0.600586149
"54549",3302,0.600427947
"100505738",3303,0.600268049
"4700",3304,0.600155747
"116372",3305,0.600105212
"283104",3306,0.600009052
"728888",3307,0.599766184
"191585",3308,0.599136359
"10826",3309,0.599004662
"53918",3310,0.598983821
"1002",3311,0.598924301
"3754",3312,0.598845555
"80352",3313,0.597939376
"151963",3314,0.597804124
"219539",3315,0.597450271
"9639",3316,0.597387529
"85301",3317,0.597374884
"2831",3318,0.597334285
"102465861",3319,0.596840413
"84316",3320,0.596191222
"22999",3321,0.596087079
"26528",3322,0.596026229
"80739",3323,0.595947928
"10597",3324,0.59580782
"5792",3325,0.595388263
"100505624",3326,0.595360043
"5879",3327,0.595318096
"731220",3328,0.594826059
"55771",3329,0.594469056
"11216",3330,0.594374057
"7068",3331,0.594245581
"10181",3332,0.593490109
"6924",3333,0.593378149
"9326",3334,0.593355362
"8644",3335,0.593319375
"79156",3336,0.59323656
"246184",3337,0.593136632
"84572",3338,0.593084592
"57507",3339,0.593083803
"115727",3340,0.593056945
"100289662",3341,0.592843901
"54947",3342,0.59276949
"81565",3343,0.592384159
"27040",3344,0.592280582
"84759",3345,0.591764791
"51079",3346,0.591753939
"1909",3347,0.591743318
"285315",3348,0.591551502
"10493",3349,0.591463699
"54107",3350,0.591395812
"161247",3351,0.591287678
"59338",3352,0.591233626
"2917",3353,0.591177128
"1746",3354,0.591118904
"57554",3355,0.591009259
"55738",3356,0.590655948
"135228",3357,0.59065242
"255812",3358,0.590472313
"84056",3359,0.590317066
"6172",3360,0.590217284
"9667",3361,0.590013672
"23593",3362,0.589538256
"10476",3363,0.589482111
"115939",3364,0.589422438
"57410",3365,0.5892503
"1192",3366,0.588524588
"257364",3367,0.588348577
"115426",3368,0.588118945
"399664",3369,0.587934695
"79876",3370,0.58779933
"100130894",3371,0.587668089
"468",3372,0.587540416
"8192",3373,0.587477738
"83443",3374,0.587386121
"153642",3375,0.587362219
"51160",3376,0.58731894
"29100",3377,0.586589313
"83933",3378,0.586547629
"4666",3379,0.586519939
"4255",3380,0.586496418
"286144",3381,0.586396118
"79822",3382,0.586109321
"3073",3383,0.586088788
"1943",3384,0.58605163
"148534",3385,0.585767962
"2882",3386,0.585157668
"421",3387,0.585026867
"970",3388,0.58491638
"3166",3389,0.584890039
"4978",3390,0.584835962
"5094",3391,0.584781674
"22818",3392,0.584630593
"2770",3393,0.584227649
"101927682",3394,0.584222314
"158584",3395,0.583984058
"5300",3396,0.583673172
"126917",3397,0.583501092
"10290",3398,0.583447173
"55897",3399,0.582702264
"400668",3400,0.582614397
"30818",3401,0.582544735
"55015",3402,0.582535882
"54963",3403,0.582477887
"5287",3404,0.582411028
"81892",3405,0.582190211
"3547",3406,0.582008647
"79441",3407,0.581787419
"134429",3408,0.581256411
"27175",3409,0.580789598
"55819",3410,0.580660799
"10399",3411,0.580431537
"202374",3412,0.580427312
"27434",3413,0.580234414
"7905",3414,0.58014696
"133957",3415,0.580017111
"84707",3416,0.579758003
"8106",3417,0.579597715
"51116",3418,0.578733888
"4241",3419,0.57863242
"8850",3420,0.578540193
"6468",3421,0.578429582
"2801",3422,0.578257982
"1843",3423,0.577894917
"643749",3424,0.577812279
"54790",3425,0.577688059
"4637",3426,0.577582123
"11054",3427,0.577532112
"29903",3428,0.577409
"9218",3429,0.577401847
"8634",3430,0.577399931
"51142",3431,0.577207892
"57488",3432,0.577147488
"100130522",3433,0.577109333
"2303",3434,0.576899877
"9139",3435,0.576665773
"51069",3436,0.576659627
"2495",3437,0.576630545
"50649",3438,0.57632357
"643376",3439,0.576093119
"402",3440,0.576015262
"994",3441,0.575947459
"163786",3442,0.575947315
"107984345",3443,0.575761529
"147906",3444,0.575666575
"2021",3445,0.574591134
"10728",3446,0.574467695
"154214",3447,0.574234797
"83463",3448,0.574096788
"10524",3449,0.573976115
"56704",3450,0.573914475
"389524",3451,0.57364895
"81628",3452,0.573582748
"10267",3453,0.573453818
"54892",3454,0.573189541
"1295",3455,0.572627583
"7298",3456,0.572404842
"79165",3457,0.57228085
"4054",3458,0.57206871
"140612",3459,0.571970718
"84518",3460,0.571788624
"51306",3461,0.571581157
"441151",3462,0.570838479
"9782",3463,0.570162972
"11322",3464,0.569960907
"5518",3465,0.569880754
"30817",3466,0.569812126
"1512",3467,0.569784256
"119",3468,0.569494415
"10101",3469,0.569083819
"6433",3470,0.568835812
"94081",3471,0.568793346
"144097",3472,0.568753821
"4350",3473,0.568753291
"54946",3474,0.568687906
"22971",3475,0.568670437
"57337",3476,0.568576796
"122402",3477,0.568474693
"1522",3478,0.568322823
"10427",3479,0.567907485
"147798",3480,0.567827508
"79666",3481,0.567737372
"587",3482,0.567529309
"29915",3483,0.567517699
"6191",3484,0.567345428
"9805",3485,0.567109976
"441295",3486,0.56689524
"116969",3487,0.56667358
"101927211",3488,0.566513248
"4690",3489,0.566386016
"10284",3490,0.56637519
"2237",3491,0.566336573
"4710",3492,0.566274597
"7004",3493,0.56616169
"55909",3494,0.566075841
"57706",3495,0.565564466
"646202",3496,0.565217899
"51264",3497,0.565065735
"91689",3498,0.565002141
"1906",3499,0.56487814
"55190",3500,0.564743527
"5973",3501,0.56456288
"55840",3502,0.564496358
"643180",3503,0.564330908
"960",3504,0.564296618
"283726",3505,0.563927858
"473",3506,0.563921609
"26147",3507,0.563840815
"54933",3508,0.563459459
"89801",3509,0.563103672
"143689",3510,0.563090902
"4673",3511,0.563049061
"100507246",3512,0.562835194
"3155",3513,0.562459634
"455",3514,0.562246497
"4312",3515,0.562155497
"84217",3516,0.562019775
"11017",3517,0.561779784
"343515",3518,0.561737998
"650794",3519,0.561712724
"112616",3520,0.561535417
"100616114",3521,0.561481746
"154743",3522,0.561196577
"375287",3523,0.561046744
"201134",3524,0.56101164
"55692",3525,0.560713553
"55219",3526,0.560675364
"4092",3527,0.560053025
"60686",3528,0.559980707
"2947",3529,0.559882633
"983",3530,0.559856574
"9037",3531,0.559753998
"100507588",3532,0.559403152
"196792",3533,0.559353172
"84545",3534,0.558981076
"55905",3535,0.558932951
"2537",3536,0.558660359
"83992",3537,0.558496909
"8682",3538,0.558368699
"9892",3539,0.558237365
"353149",3540,0.55813196
"401145",3541,0.558126271
"9414",3542,0.558079194
"558",3543,0.558036052
"6294",3544,0.558025134
"4598",3545,0.557931083
"220963",3546,0.557885223
"129531",3547,0.557584922
"10319",3548,0.556908307
"5176",3549,0.556858114
"105371260",3550,0.556812776
"126208",3551,0.556468102
"51642",3552,0.556451236
"25827",3553,0.556063276
"815",3554,0.555121702
"3777",3555,0.554929361
"84803",3556,0.554458324
"776",3557,0.554418945
"51004",3558,0.554393435
"84708",3559,0.554378838
"58485",3560,0.554169535
"222256",3561,0.553962424
"7289",3562,0.553689644
"728953",3563,0.553636773
"5155",3564,0.553618846
"55504",3565,0.553520551
"100874511",3566,0.553454583
"6565",3567,0.553220972
"100507118",3568,0.552669382
"79739",3569,0.5526262
"3483",3570,0.552552381
"6459",3571,0.552470868
"400406",3572,0.551977005
"388403",3573,0.551788301
"400793",3574,0.551460119
"23011",3575,0.551232299
"9528",3576,0.551086581
"9963",3577,0.551035737
"602",3578,0.550948925
"23328",3579,0.550689374
"83543",3580,0.550513708
"29760",3581,0.550249958
"25912",3582,0.550222298
"401331",3583,0.550209441
"727909",3584,0.549690787
"128308",3585,0.549551239
"2628",3586,0.549516645
"100506963",3587,0.549125077
"56992",3588,0.549027321
"9095",3589,0.54896078
"5382",3590,0.548940029
"8936",3591,0.548545015
"6767",3592,0.548519933
"4085",3593,0.548307855
"92715",3594,0.548101819
"9043",3595,0.548028154
"57655",3596,0.547933075
"51303",3597,0.547930743
"100507436",3598,0.547308766
"58191",3599,0.54709813
"6524",3600,0.547005815
"10148",3601,0.546910688
"11072",3602,0.546830237
"143570",3603,0.54671287
"642345",3604,0.546486406
"100287887",3605,0.546260459
"8801",3606,0.546169419
"5986",3607,0.545783232
"192286",3608,0.545733733
"23363",3609,0.545599734
"25953",3610,0.54493203
"54795",3611,0.544791424
"84249",3612,0.544693001
"666",3613,0.544354534
"10285",3614,0.544240008
"7795",3615,0.544214658
"53834",3616,0.544197036
"55325",3617,0.543983153
"246723",3618,0.543566038
"100874362",3619,0.543506216
"7515",3620,0.543156799
"9130",3621,0.543106265
"10950",3622,0.543083026
"25983",3623,0.542883575
"148479",3624,0.542628776
"9200",3625,0.54243366
"5099",3626,0.542333789
"57819",3627,0.54225373
"2669",3628,0.542092625
"9601",3629,0.541823696
"8557",3630,0.54173426
"116988",3631,0.541645656
"84986",3632,0.541631271
"392862",3633,0.541608874
"317762",3634,0.541607031
"7762",3635,0.541224944
"150684",3636,0.541195797
"2002",3637,0.541048495
"5324",3638,0.540876102
"642909",3639,0.540643818
"477",3640,0.540541667
"115416",3641,0.540470058
"23008",3642,0.540448884
"4061",3643,0.540110166
"149041",3644,0.540046234
"100506658",3645,0.539553484
"100129961",3646,0.539377881
"100422486",3647,0.538468486
"150356",3648,0.538282099
"26099",3649,0.537716105
"10811",3650,0.537225336
"6256",3651,0.537217315
"55422",3652,0.537127745
"57128",3653,0.536898942
"8940",3654,0.536768713
"79016",3655,0.536522076
"7533",3656,0.536148835
"89887",3657,0.53599195
"126520",3658,0.535622122
"119504",3659,0.535577608
"26086",3660,0.535571024
"6390",3661,0.535550419
"10043",3662,0.535513837
"53827",3663,0.53548707
"1364",3664,0.535475869
"11018",3665,0.535290473
"6929",3666,0.535256339
"401541",3667,0.535114736
"9377",3668,0.53474506
"647436",3669,0.534614654
"79661",3670,0.534216988
"414194",3671,0.534157396
"339665",3672,0.533830658
"9482",3673,0.533614109
"9253",3674,0.533153743
"440400",3675,0.533110703
"51107",3676,0.532977968
"148423",3677,0.532661675
"664701",3678,0.532486725
"6201",3679,0.532449129
"127829",3680,0.532449048
"83930",3681,0.53243873
"80323",3682,0.532273544
"56984",3683,0.53223906
"3171",3684,0.53145063
"80852",3685,0.531436503
"441687",3686,0.531404675
"730013",3687,0.531230425
"91304",3688,0.531086396
"440278",3689,0.53085555
"8905",3690,0.530831954
"10063",3691,0.530804912
"6129",3692,0.530555218
"6626",3693,0.530528172
"51031",3694,0.530504572
"140576",3695,0.530100043
"56947",3696,0.529982119
"401466",3697,0.529735356
"4694",3698,0.529571367
"57403",3699,0.528744236
"203427",3700,0.52853918
"6556",3701,0.528024513
"51078",3702,0.527563477
"149603",3703,0.527255139
"163033",3704,0.527055443
"64061",3705,0.527017181
"401237",3706,0.526898033
"285598",3707,0.526676782
"100329108",3708,0.526590259
"7481",3709,0.526588172
"57048",3710,0.526413804
"54443",3711,0.526387497
"2260",3712,0.526317236
"255057",3713,0.525923188
"90843",3714,0.525600245
"1622",3715,0.525523874
"3423",3716,0.525394629
"30820",3717,0.525382379
"51295",3718,0.525369418
"54808",3719,0.525362335
"115098",3720,0.525140889
"1643",3721,0.52501409
"29095",3722,0.524895609
"7073",3723,0.524354916
"221545",3724,0.524168319
"64210",3725,0.524045149
"147011",3726,0.523667393
"271",3727,0.523461226
"25759",3728,0.523344435
"10960",3729,0.523253535
"56917",3730,0.523091575
"4035",3731,0.522855313
"150946",3732,0.522854284
"4716",3733,0.522526868
"341346",3734,0.522031431
"2588",3735,0.521674932
"126308",3736,0.521322049
"2117",3737,0.521283507
"114790",3738,0.521186604
"79921",3739,0.521112072
"84817",3740,0.521071163
"90338",3741,0.521019402
"11346",3742,0.520872571
"3995",3743,0.520675067
"64769",3744,0.520467502
"79897",3745,0.520373122
"972",3746,0.520059445
"23074",3747,0.520036349
"5589",3748,0.519894711
"7001",3749,0.519854309
"6048",3750,0.519682798
"79058",3751,0.519635227
"388566",3752,0.519432457
"100506330",3753,0.519036253
"50848",3754,0.519005098
"10972",3755,0.518800018
"55829",3756,0.518671796
"57572",3757,0.518627999
"79177",3758,0.51842536
"23520",3759,0.518411843
"10992",3760,0.51802732
"11123",3761,0.517821272
"51447",3762,0.517785196
"283050",3763,0.517498496
"5799",3764,0.517374312
"8225",3765,0.51731075
"113157",3766,0.517302091
"1272",3767,0.517126074
"202500",3768,0.516912323
"401494",3769,0.516866861
"29992",3770,0.51634875
"642280",3771,0.516022063
"684",3772,0.515995662
"51586",3773,0.515990333
"7045",3774,0.515843398
"10907",3775,0.515786427
"10956",3776,0.515581089
"10810",3777,0.515527568
"24142",3778,0.51547708
"6844",3779,0.515192241
"2059",3780,0.515071409
"79712",3781,0.514956382
"139728",3782,0.514865012
"147807",3783,0.514656591
"220980",3784,0.514534529
"2888",3785,0.514400462
"151647",3786,0.514318932
"4088",3787,0.514223987
"1155",3788,0.514156387
"10724",3789,0.513785823
"1296",3790,0.513700703
"7145",3791,0.513570631
"100462880",3792,0.513323319
"6606",3793,0.513194553
"55268",3794,0.512696947
"90379",3795,0.51202488
"890",3796,0.511950596
"7791",3797,0.511936199
"114787",3798,0.511734207
"2778",3799,0.511400629
"101928989",3800,0.511276694
"10981",3801,0.511224671
"4899",3802,0.51093558
"84343",3803,0.510650162
"643827",3804,0.510555571
"11316",3805,0.510433748
"5720",3806,0.509972562
"10160",3807,0.50990402
"2794",3808,0.509547184
"143884",3809,0.50904733
"4643",3810,0.508940485
"26505",3811,0.508630319
"2118",3812,0.508528681
"8798",3813,0.508320742
"338692",3814,0.508198268
"27247",3815,0.508079951
"128866",3816,0.50787544
"64506",3817,0.507518601
"8462",3818,0.50734935
"219790",3819,0.507132913
"8881",3820,0.507119156
"580",3821,0.506554559
"80264",3822,0.506221509
"55201",3823,0.506121587
"84253",3824,0.506042046
"9047",3825,0.505929276
"56913",3826,0.505692776
"285905",3827,0.505634468
"64151",3828,0.50557493
"79893",3829,0.505479246
"53841",3830,0.505100145
"84080",3831,0.505022017
"144108",3832,0.50482086
"23635",3833,0.504722039
"9640",3834,0.504658314
"2069",3835,0.504500226
"4800",3836,0.504483388
"3690",3837,0.504260579
"64781",3838,0.504133966
"9689",3839,0.503818481
"10298",3840,0.503797237
"293",3841,0.503630906
"283899",3842,0.503103699
"57449",3843,0.503038613
"9762",3844,0.502995867
"84321",3845,0.502931852
"643751",3846,0.50287603
"9717",3847,0.502855581
"29946",3848,0.502811944
"51157",3849,0.502360477
"84289",3850,0.502086695
"389849",3851,0.501987104
"55450",3852,0.501810888
"100505854",3853,0.501765193
"7088",3854,0.501660386
"22881",3855,0.501255012
"29889",3856,0.50117091
"8995",3857,0.501054504
"7051",3858,0.501045779
"10658",3859,0.500780137
"100862727",3860,0.50071846
"2990",3861,0.500691936
"782",3862,0.500494148
"105377105",3863,0.500484015
"1163",3864,0.500376202
"1665",3865,0.500328721
"79930",3866,0.500121807
"140733",3867,0.499913656
"51148",3868,0.499835841
"54059",3869,0.499708615
"1730",3870,0.499631689
"10494",3871,0.499240622
"81532",3872,0.499154792
"10109",3873,0.498976356
"728262",3874,0.498810055
"11232",3875,0.49859576
"64786",3876,0.49846956
"79572",3877,0.498389986
"3187",3878,0.498333668
"84868",3879,0.497875798
"2923",3880,0.497638174
"4660",3881,0.497540224
"56650",3882,0.497038312
"91584",3883,0.497035573
"170394",3884,0.496995277
"8992",3885,0.496906869
"23558",3886,0.496483234
"25970",3887,0.496275901
"84725",3888,0.496096294
"51121",3889,0.496032632
"23623",3890,0.495876085
"6794",3891,0.495833296
"4924",3892,0.495735062
"10105",3893,0.495350501
"220001",3894,0.495081836
"8874",3895,0.49489594
"440270",3896,0.494656766
"55884",3897,0.494467068
"4733",3898,0.494313728
"55716",3899,0.494288111
"121512",3900,0.494250922
"10663",3901,0.494206626
"56924",3902,0.494009213
"22850",3903,0.493877416
"10959",3904,0.493769798
"55850",3905,0.493689229
"54877",3906,0.493517591
"5132",3907,0.493406828
"162515",3908,0.493348377
"2876",3909,0.493218847
"824",3910,0.492255591
"55002",3911,0.492207667
"2752",3912,0.491881177
"7325",3913,0.491853531
"653635",3914,0.491783949
"8073",3915,0.491623684
"4240",3916,0.491264669
"9480",3917,0.491184653
"10477",3918,0.490943891
"57188",3919,0.490937528
"51009",3920,0.490695116
"119391",3921,0.490573796
"7718",3922,0.490559127
"100130621",3923,0.490494561
"8601",3924,0.490467815
"55048",3925,0.490366021
"6424",3926,0.490334346
"10367",3927,0.490139895
"51294",3928,0.489786607
"389",3929,0.489755414
"1515",3930,0.489560177
"203069",3931,0.489359514
"51451",3932,0.489185467
"221749",3933,0.489167724
"441124",3934,0.489090659
"9275",3935,0.489083568
"64834",3936,0.489051737
"440957",3937,0.489050024
"2500",3938,0.489028171
"57600",3939,0.488522307
"4430",3940,0.487996978
"22794",3941,0.487833557
"64753",3942,0.48743569
"5935",3943,0.487433098
"4081",3944,0.487347247
"6174",3945,0.487314332
"2012",3946,0.487057323
"56259",3947,0.487050373
"26994",3948,0.486905151
"152006",3949,0.486878479
"8440",3950,0.48621148
"2591",3951,0.486076131
"101927546",3952,0.485903267
"5984",3953,0.485668961
"145873",3954,0.485639191
"653583",3955,0.485393731
"101927043",3956,0.485389233
"11015",3957,0.485254934
"132204",3958,0.48520067
"9134",3959,0.485168697
"6566",3960,0.484900054
"80305",3961,0.484883737
"8913",3962,0.484496362
"23613",3963,0.484492297
"8260",3964,0.484319789
"27166",3965,0.484117087
"11120",3966,0.484060564
"23261",3967,0.4838048
"150678",3968,0.483804535
"2784",3969,0.483661571
"1337",3970,0.482872288
"26030",3971,0.482648555
"55585",3972,0.48260883
"7884",3973,0.482452812
"79690",3974,0.482117716
"125111",3975,0.482090468
"51162",3976,0.482085287
"8816",3977,0.482016138
"6009",3978,0.481547958
"100506581",3979,0.481351299
"8663",3980,0.481094666
"100507303",3981,0.480962119
"10180",3982,0.480736953
"51363",3983,0.480395989
"10439",3984,0.479946715
"10961",3985,0.479160808
"8933",3986,0.479083815
"23308",3987,0.479033555
"65267",3988,0.478735201
"2053",3989,0.47861021
"8125",3990,0.478587902
"1047",3991,0.478554827
"5654",3992,0.478307619
"100873894",3993,0.478139684
"3749",3994,0.478137509
"9262",3995,0.478100515
"8677",3996,0.478077331
"1508",3997,0.478060285
"148808",3998,0.477902742
"9476",3999,0.477629373
"100505783",4000,0.477194603
"100093630",4001,0.477023364
"26053",4002,0.477011046
"5605",4003,0.476823267
"79750",4004,0.476815872
"8326",4005,0.476794474
"6715",4006,0.476766382
"8722",4007,0.476509973
"2895",4008,0.47637379
"6427",4009,0.476241284
"169200",4010,0.476075003
"1716",4011,0.476052579
"5441",4012,0.475581462
"84304",4013,0.475578045
"91300",4014,0.475466313
"220213",4015,0.475466297
"54793",4016,0.474899718
"58500",4017,0.474612152
"54361",4018,0.474419211
"25988",4019,0.474387689
"152816",4020,0.474319222
"55930",4021,0.474261091
"5886",4022,0.474146005
"200312",4023,0.473880978
"1400",4024,0.473676733
"57536",4025,0.473417954
"27309",4026,0.473192843
"9842",4027,0.472723261
"79155",4028,0.472682108
"100151652",4029,0.472519009
"221294",4030,0.472434578
"1200",4031,0.472123094
"1185",4032,0.472073073
"90673",4033,0.471821587
"57798",4034,0.47121417
"158401",4035,0.471177956
"53349",4036,0.470969981
"55726",4037,0.470912811
"57604",4038,0.470811878
"153478",4039,0.470665189
"54414",4040,0.470556235
"4668",4041,0.470431354
"65003",4042,0.470316823
"79812",4043,0.470167536
"80243",4044,0.469783859
"100861517",4045,0.469269398
"51271",4046,0.469239816
"390483",4047,0.468981821
"145853",4048,0.468976127
"220717",4049,0.468791597
"387923",4050,0.46816534
"1892",4051,0.468125411
"2944",4052,0.468000741
"51321",4053,0.467843767
"539",4054,0.467636324
"22839",4055,0.467255448
"9077",4056,0.46723696
"4082",4057,0.467198538
"5957",4058,0.466966099
"83850",4059,0.466433841
"80741",4060,0.466064216
"129293",4061,0.466057493
"23014",4062,0.465601865
"2787",4063,0.46518663
"493821",4064,0.464913824
"260294",4065,0.464787616
"51186",4066,0.464730171
"317760",4067,0.464454912
"388363",4068,0.46438093
"26224",4069,0.46438001
"23236",4070,0.464287331
"51334",4071,0.463637533
"23152",4072,0.463621459
"629",4073,0.463497662
"146177",4074,0.463392723
"90736",4075,0.463381319
"106481314",4076,0.463363858
"55556",4077,0.463358659
"654817",4078,0.463307544
"23646",4079,0.46319955
"124995",4080,0.463132843
"5570",4081,0.462902906
"84971",4082,0.462703908
"23552",4083,0.462556566
"390937",4084,0.462147211
"51608",4085,0.461492074
"649",4086,0.461280955
"4835",4087,0.461180218
"414918",4088,0.461133652
"10410",4089,0.461098768
"87769",4090,0.460909767
"342908",4091,0.460787326
"134492",4092,0.46063605
"5146",4093,0.460502512
"1509",4094,0.460485118
"140876",4095,0.460400691
"9943",4096,0.460351174
"29886",4097,0.460023212
"5478",4098,0.459933883
"10733",4099,0.459855256
"84617",4100,0.459761928
"9209",4101,0.459574371
"22913",4102,0.459242699
"5767",4103,0.458967329
"284266",4104,0.458946979
"22877",4105,0.458760545
"8703",4106,0.458633118
"389537",4107,0.458471733
"9338",4108,0.458300613
"22992",4109,0.458261092
"6175",4110,0.458242929
"10291",4111,0.458235841
"26471",4112,0.458136966
"144106",4113,0.45797398
"113177",4114,0.457837372
"55345",4115,0.457837172
"169522",4116,0.457824611
"91851",4117,0.457716424
"6307",4118,0.457648709
"79767",4119,0.457559148
"51720",4120,0.4573272
"1349",4121,0.457156119
"7559",4122,0.456824778
"51343",4123,0.456426648
"57158",4124,0.456206259
"126075",4125,0.456027305
"9655",4126,0.455882693
"59353",4127,0.455754275
"5629",4128,0.455571609
"9720",4129,0.454869499
"643535",4130,0.454568794
"23097",4131,0.454354383
"755",4132,0.454270722
"11344",4133,0.454224959
"7976",4134,0.454199416
"79866",4135,0.454107987
"90850",4136,0.453841899
"26548",4137,0.453718152
"26276",4138,0.453660331
"84191",4139,0.453570229
"9121",4140,0.453502701
"6146",4141,0.453126997
"83787",4142,0.453031355
"7692",4143,0.453006446
"23208",4144,0.452875052
"25886",4145,0.452859095
"9167",4146,0.452199075
"25875",4147,0.451959151
"8313",4148,0.451755298
"4926",4149,0.451740671
"54960",4150,0.451514028
"25923",4151,0.451215338
"2512",4152,0.451053964
"23170",4153,0.45100987
"219988",4154,0.450709334
"92421",4155,0.450215838
"339843",4156,0.450118063
"4287",4157,0.450021061
"51308",4158,0.449957603
"3726",4159,0.449931621
"145767",4160,0.449681735
"11051",4161,0.449667589
"6422",4162,0.449608494
"23516",4163,0.449469743
"79774",4164,0.449252018
"124512",4165,0.449217651
"171423",4166,0.449207792
"6399",4167,0.449158478
"23642",4168,0.449116064
"100288805",4169,0.449115051
"151903",4170,0.449053042
"100129933",4171,0.449046697
"7988",4172,0.448948498
"100129591",4173,0.448805548
"9955",4174,0.448583955
"387700",4175,0.44844357
"85360",4176,0.448237266
"220441",4177,0.448207604
"100529145",4178,0.448131033
"54108",4179,0.448059626
"4087",4180,0.447850151
"84902",4181,0.447628852
"9902",4182,0.446985682
"23483",4183,0.446884305
"93556",4184,0.446868956
"202333",4185,0.446479678
"148022",4186,0.446367238
"1794",4187,0.445952259
"55311",4188,0.445871392
"8649",4189,0.445820037
"4048",4190,0.445628445
"7373",4191,0.445561804
"391358",4192,0.44537831
"7862",4193,0.445320917
"8667",4194,0.445299596
"10933",4195,0.444966895
"4990",4196,0.444758116
"23237",4197,0.444627951
"811",4198,0.444578315
"9394",4199,0.444256164
"7392",4200,0.444253977
"537",4201,0.444191146
"51700",4202,0.443939278
"25780",4203,0.443907436
"164668",4204,0.443773706
"84065",4205,0.443768091
"54460",4206,0.443655044
"83549",4207,0.443640953
"23608",4208,0.443366747
"55788",4209,0.443202911
"51372",4210,0.443187263
"147699",4211,0.443115157
"22807",4212,0.442652511
"4007",4213,0.442642444
"246721",4214,0.442251025
"23457",4215,0.442159305
"6239",4216,0.441995368
"55906",4217,0.441942773
"387640",4218,0.441910141
"85359",4219,0.441493768
"9470",4220,0.441488355
"2773",4221,0.441410115
"8228",4222,0.441408628
"23549",4223,0.441310642
"6050",4224,0.441144885
"2962",4225,0.441086587
"51614",4226,0.441073733
"396",4227,0.441034739
"322",4228,0.440762745
"30811",4229,0.440754699
"10612",4230,0.440617052
"55370",4231,0.440534625
"6829",4232,0.440279298
"139818",4233,0.44003616
"4049",4234,0.439874027
"25792",4235,0.439749803
"8664",4236,0.439676372
"64342",4237,0.439647795
"5922",4238,0.439551512
"1604",4239,0.438880748
"387103",4240,0.438471194
"80271",4241,0.438464588
"6018",4242,0.43838154
"27005",4243,0.438181421
"10982",4244,0.438086725
"53917",4245,0.437948879
"79668",4246,0.437868006
"10534",4247,0.437722229
"8896",4248,0.43765812
"55853",4249,0.437600175
"10038",4250,0.43756592
"7204",4251,0.437489503
"106481079",4252,0.437485928
"10094",4253,0.437245311
"728501",4254,0.437160352
"4715",4255,0.437118667
"1175",4256,0.437113294
"5870",4257,0.436908
"111082989",4258,0.436788951
"79035",4259,0.436612111
"85014",4260,0.436609609
"387",4261,0.43645
"554202",4262,0.436018798
"4711",4263,0.43586583
"3635",4264,0.435825411
"55907",4265,0.43568116
"9702",4266,0.435653255
"11016",4267,0.435639102
"284837",4268,0.435617828
"23360",4269,0.435532727
"404550",4270,0.435280949
"1307",4271,0.434485191
"2098",4272,0.434451493
"29941",4273,0.434443726
"10553",4274,0.434286699
"5863",4275,0.434040498
"100131176",4276,0.433630279
"6617",4277,0.433545895
"79446",4278,0.43350159
"84100",4279,0.433439521
"116443",4280,0.433320947
"200035",4281,0.433303592
"100",4282,0.432834169
"7695",4283,0.432718519
"84681",4284,0.432591689
"6101",4285,0.432403093
"283106",4286,0.432253245
"57092",4287,0.432098847
"55146",4288,0.432035467
"153571",4289,0.431921732
"634",4290,0.431872221
"51225",4291,0.43183256
"7189",4292,0.431774528
"55699",4293,0.431761562
"92259",4294,0.431757242
"9694",4295,0.431674536
"653479",4296,0.430958811
"90952",4297,0.43077766
"131096",4298,0.430732707
"123096",4299,0.430638362
"24139",4300,0.430500337
"54874",4301,0.430438082
"27352",4302,0.430113915
"122481",4303,0.430101144
"1386",4304,0.430086915
"1568",4305,0.429861292
"3574",4306,0.429716971
"158158",4307,0.429579459
"100289097",4308,0.429275769
"7922",4309,0.428973806
"200634",4310,0.428953282
"64094",4311,0.428870746
"57519",4312,0.428473983
"246182",4313,0.428453932
"128637",4314,0.428176727
"11285",4315,0.428174764
"57396",4316,0.428138196
"653082",4317,0.427953954
"79148",4318,0.427608472
"9837",4319,0.427231272
"64376",4320,0.427208787
"8877",4321,0.427185264
"114881",4322,0.426958536
"401115",4323,0.426192118
"2790",4324,0.426176204
"65266",4325,0.426099158
"6627",4326,0.426066613
"8451",4327,0.425728146
"3611",4328,0.425483304
"2036",4329,0.425436213
"84451",4330,0.425188906
"831",4331,0.425156444
"79948",4332,0.425008614
"23616",4333,0.424940708
"81931",4334,0.424630641
"582",4335,0.424381855
"112770",4336,0.42425157
"25789",4337,0.424024973
"8744",4338,0.423820957
"3775",4339,0.42347764
"29933",4340,0.423469303
"58496",4341,0.423427147
"132",4342,0.423298048
"115024",4343,0.423293659
"23214",4344,0.423000363
"112950",4345,0.422979201
"64078",4346,0.422946934
"3646",4347,0.422940643
"23508",4348,0.422920821
"79937",4349,0.422797234
"2055",4350,0.422604789
"113246",4351,0.422448651
"10516",4352,0.422269502
"23135",4353,0.42221795
"2207",4354,0.422169582
"93974",4355,0.422111482
"80008",4356,0.421498662
"55337",4357,0.421331243
"5387",4358,0.42109937
"2342",4359,0.421056576
"6737",4360,0.420990219
"100874211",4361,0.420943706
"2295",4362,0.420903171
"27314",4363,0.420895344
"2720",4364,0.420579191
"5316",4365,0.420438086
"56478",4366,0.420419206
"8500",4367,0.420413763
"374291",4368,0.420124144
"51150",4369,0.419861424
"51147",4370,0.419796256
"7855",4371,0.419775506
"79801",4372,0.419600649
"374907",4373,0.419261265
"8099",4374,0.418836361
"79085",4375,0.418799734
"92482",4376,0.418752405
"81618",4377,0.418574672
"5525",4378,0.418503268
"11133",4379,0.41842107
"153830",4380,0.418295079
"390660",4381,0.418258018
"9060",4382,0.418215051
"125488",4383,0.418101014
"114897",4384,0.417847524
"100505911",4385,0.417817101
"100131205",4386,0.417660736
"51027",4387,0.417569896
"3297",4388,0.417556485
"10228",4389,0.417415746
"10458",4390,0.416969013
"23515",4391,0.416539169
"1459",4392,0.416473379
"8666",4393,0.416302929
"83886",4394,0.416257762
"10474",4395,0.41589131
"84293",4396,0.415890731
"4204",4397,0.415598156
"84866",4398,0.415429166
"100037280",4399,0.415305024
"7067",4400,0.415228464
"9342",4401,0.415113024
"2257",4402,0.414741233
"2305",4403,0.414711415
"80176",4404,0.414475188
"7756",4405,0.414284909
"201191",4406,0.414085682
"55192",4407,0.414050679
"100506504",4408,0.414023379
"50814",4409,0.413814864
"55831",4410,0.41367603
"6672",4411,0.413612537
"8926",4412,0.413594173
"57820",4413,0.413354763
"51562",4414,0.413291018
"6154",4415,0.412987139
"2000",4416,0.412494954
"3665",4417,0.412469889
"126299",4418,0.412283952
"646023",4419,0.412162116
"9205",4420,0.411835704
"51084",4421,0.41175419
"100129250",4422,0.411555209
"84447",4423,0.411535637
"6747",4424,0.411533832
"1633",4425,0.411447704
"3914",4426,0.411374781
"1939",4427,0.410961639
"6818",4428,0.410581978
"284764",4429,0.410485982
"110841583",4430,0.410258768
"168448",4431,0.410115652
"1936",4432,0.409651703
"60485",4433,0.409598995
"90353",4434,0.409493556
"729096",4435,0.409297486
"5596",4436,0.409234296
"5728",4437,0.409161926
"4851",4438,0.409015983
"201780",4439,0.408769859
"339451",4440,0.408577925
"100874381",4441,0.408403504
"51125",4442,0.408047222
"4209",4443,0.407974972
"130074",4444,0.407916546
"4809",4445,0.407767061
"84960",4446,0.407682372
"10758",4447,0.407661451
"873",4448,0.407565639
"388695",4449,0.407413143
"388531",4450,0.40706724
"10573",4451,0.406993242
"5303",4452,0.406933927
"22996",4453,0.406794747
"1893",4454,0.406753382
"3800",4455,0.406719249
"6612",4456,0.40669829
"90861",4457,0.406693352
"80017",4458,0.406633478
"51706",4459,0.406551806
"405",4460,0.406402612
"613037",4461,0.406182842
"80325",4462,0.406080796
"375248",4463,0.40603435
"5744",4464,0.406011345
"10206",4465,0.405976594
"29099",4466,0.405785637
"51253",4467,0.405715809
"100421350",4468,0.405668951
"9166",4469,0.405620922
"26508",4470,0.405572124
"5959",4471,0.405342998
"29980",4472,0.405337912
"1889",4473,0.405310594
"81876",4474,0.405307626
"414919",4475,0.405296918
"51094",4476,0.404970793
"57715",4477,0.404957148
"80213",4478,0.404844913
"29121",4479,0.404515683
"2339",4480,0.404443703
"26610",4481,0.404326361
"6389",4482,0.404265849
"4126",4483,0.404237944
"54520",4484,0.40375157
"340578",4485,0.403596026
"11258",4486,0.40308743
"100294362",4487,0.403017783
"100847035",4488,0.402956555
"2067",4489,0.402898668
"678655",4490,0.402867226
"57610",4491,0.402570681
"60685",4492,0.402240699
"55529",4493,0.402206575
"118490",4494,0.40219224
"51177",4495,0.402139456
"317",4496,0.402136724
"125144",4497,0.402082155
"402778",4498,0.401805404
"85414",4499,0.401560724
"5152",4500,0.401445894
"7100",4501,0.401230627
"23306",4502,0.401202723
"4299",4503,0.401082503
"576",4504,0.401051814
"129285",4505,0.400966797
"100289092",4506,0.400928151
"25941",4507,0.400837833
"9811",4508,0.400766068
"10015",4509,0.400696187
"9950",4510,0.400607557
"79038",4511,0.400451307
"355",4512,0.400376523
"1832",4513,0.400187239
"83985",4514,0.400050334
"441191",4515,0.399985379
"127544",4516,0.399804789
"9230",4517,0.399370548
"8531",4518,0.39933322
"51559",4519,0.399322476
"284408",4520,0.399319688
"9637",4521,0.399318407
"8445",4522,0.399124227
"51406",4523,0.399051279
"79873",4524,0.398820602
"57822",4525,0.398748779
"8464",4526,0.398655255
"7384",4527,0.398534836
"100529063",4528,0.398531888
"55608",4529,0.398477396
"7287",4530,0.398274383
"57730",4531,0.398005073
"481",4532,0.397925977
"729500",4533,0.397923788
"115817",4534,0.397513283
"5338",4535,0.39735878
"84274",4536,0.39723674
"144455",4537,0.397148642
"80154",4538,0.396939045
"9454",4539,0.396715696
"79901",4540,0.396691455
"11335",4541,0.396593708
"338773",4542,0.396489551
"3705",4543,0.39635611
"58478",4544,0.396152533
"403341",4545,0.395790355
"121256",4546,0.39573727
"1845",4547,0.395678622
"3589",4548,0.395637603
"23564",4549,0.395631781
"10951",4550,0.395587421
"81543",4551,0.39552743
"96459",4552,0.395512211
"10936",4553,0.395426284
"4301",4554,0.395119449
"54998",4555,0.395114277
"10668",4556,0.395017264
"2631",4557,0.394813502
"57458",4558,0.394645994
"774",4559,0.39440077
"7355",4560,0.39437446
"51035",4561,0.394226529
"10409",4562,0.394094398
"84933",4563,0.394084475
"114614",4564,0.393887285
"27293",4565,0.39378805
"8714",4566,0.393301482
"283635",4567,0.393246527
"27018",4568,0.393191802
"1074",4569,0.392318704
"64976",4570,0.392251496
"8906",4571,0.392133397
"8972",4572,0.392098798
"10793",4573,0.392064127
"100132111",4574,0.391866209
"157",4575,0.391791978
"100874207",4576,0.391777673
"10289",4577,0.391403462
"115548",4578,0.391031165
"141",4579,0.39092273
"3475",4580,0.390857607
"8613",4581,0.390565449
"3600",4582,0.390563308
"84838",4583,0.390259653
"132884",4584,0.390185644
"4150",4585,0.390105039
"3434",4586,0.38985046
"143903",4587,0.389503417
"51631",4588,0.389440163
"100422261",4589,0.38941341
"55651",4590,0.38931969
"2950",4591,0.389277857
"26002",4592,0.389162239
"4330",4593,0.389129764
"8575",4594,0.388994723
"63894",4595,0.388904645
"474343",4596,0.388598761
"151987",4597,0.38843538
"9256",4598,0.387823361
"285971",4599,0.387686898
"9324",4600,0.38758241
"4738",4601,0.387377113
"2224",4602,0.387154257
"117581",4603,0.387152268
"2627",4604,0.387010945
"79714",4605,0.38697751
"84079",4606,0.386938649
"10955",4607,0.386891927
"55802",4608,0.38688571
"653147",4609,0.386841811
"3727",4610,0.386761544
"1265",4611,0.386632191
"196527",4612,0.386376373
"6047",4613,0.386300928
"51195",4614,0.386193647
"57470",4615,0.38605778
"7773",4616,0.385882688
"5127",4617,0.3858621
"6881",4618,0.385631734
"10087",4619,0.385142727
"57622",4620,0.384770496
"9638",4621,0.384732793
"55505",4622,0.384616566
"23204",4623,0.384615421
"221143",4624,0.384542443
"51435",4625,0.384471476
"4791",4626,0.384341613
"57003",4627,0.384110493
"150274",4628,0.384085232
"56853",4629,0.384031627
"26986",4630,0.383855096
"116138",4631,0.383816614
"83642",4632,0.383656134
"6744",4633,0.383489316
"2956",4634,0.38321719
"7643",4635,0.383190322
"78992",4636,0.383013663
"5500",4637,0.382973499
"79086",4638,0.382890121
"7016",4639,0.382878156
"9928",4640,0.382546929
"51503",4641,0.382367502
"26517",4642,0.382318295
"125950",4643,0.381864504
"58529",4644,0.381786913
"25829",4645,0.381749492
"93492",4646,0.38169427
"491",4647,0.381570997
"23475",4648,0.381507317
"51244",4649,0.381471043
"106481274",4650,0.381469079
"23181",4651,0.381272647
"4946",4652,0.381206752
"51389",4653,0.381178153
"51499",4654,0.381122035
"100861453",4655,0.381119836
"57786",4656,0.381114969
"10106",4657,0.380983702
"55544",4658,0.380977453
"2615",4659,0.380380726
"57476",4660,0.3802576
"5432",4661,0.379945194
"51507",4662,0.379923628
"286257",4663,0.379823696
"22883",4664,0.379346759
"57038",4665,0.379284171
"254225",4666,0.379282408
"5706",4667,0.379237712
"5327",4668,0.378887301
"84706",4669,0.378871124
"79842",4670,0.378818433
"23462",4671,0.378739231
"101059918",4672,0.378729844
"6675",4673,0.37872266
"23510",4674,0.378634804
"202051",4675,0.378394591
"51097",4676,0.378046663
"83481",4677,0.377943597
"2782",4678,0.377762812
"4439",4679,0.377297056
"57106",4680,0.377075365
"112935960",4681,0.377013498
"7802",4682,0.376563658
"79778",4683,0.376457121
"2272",4684,0.376148657
"4854",4685,0.376060697
"147965",4686,0.376021058
"375775",4687,0.375993522
"83461",4688,0.375930959
"384",4689,0.375755671
"5334",4690,0.375657924
"57494",4691,0.375593049
"54850",4692,0.375550544
"23349",4693,0.375325628
"64853",4694,0.375320169
"1073",4695,0.375230904
"79695",4696,0.37479547
"3778",4697,0.374695039
"729515",4698,0.374647273
"644",4699,0.374175254
"101928483",4700,0.374045663
"92181",4701,0.374034708
"3696",4702,0.373989558
"4055",4703,0.373387992
"79792",4704,0.373324451
"4848",4705,0.373207008
"101927631",4706,0.373185202
"64116",4707,0.373099051
"375316",4708,0.373098442
"4706",4709,0.373039668
"11188",4710,0.373038027
"3487",4711,0.372940578
"440353",4712,0.372909508
"7272",4713,0.372904337
"9905",4714,0.372434393
"57018",4715,0.372385079
"55871",4716,0.37237293
"11047",4717,0.371960474
"653447",4718,0.37191452
"10926",4719,0.37188843
"574406",4720,0.371836995
"79101",4721,0.371817315
"90678",4722,0.37140016
"89953",4723,0.371337471
"1409",4724,0.371255231
"10857",4725,0.371182714
"10172",4726,0.371155693
"167227",4727,0.370996603
"8303",4728,0.370924706
"5660",4729,0.370757074
"63931",4730,0.370724164
"202052",4731,0.370563166
"151579",4732,0.370286013
"59286",4733,0.370138308
"326310",4734,0.37011138
"284119",4735,0.370025542
"3281",4736,0.369972722
"25897",4737,0.369900729
"7637",4738,0.369854517
"5689",4739,0.36934514
"353",4740,0.369125209
"6571",4741,0.369002058
"84224",4742,0.36891812
"171023",4743,0.368801442
"284184",4744,0.368789074
"101929746",4745,0.368594233
"56935",4746,0.368335201
"6666",4747,0.368316411
"55591",4748,0.368263734
"5025",4749,0.368222953
"1879",4750,0.36817897
"8985",4751,0.368178324
"156",4752,0.367998644
"220885",4753,0.367695964
"54585",4754,0.3676875
"653677",4755,0.367678719
"729004",4756,0.367421324
"25844",4757,0.367121457
"56943",4758,0.367061013
"26511",4759,0.36686369
"90799",4760,0.366858886
"56852",4761,0.366645307
"4957",4762,0.366629964
"1477",4763,0.365932123
"94039",4764,0.365728636
"3396",4765,0.36535311
"550",4766,0.365267102
"55432",4767,0.36511112
"284680",4768,0.365043054
"79891",4769,0.364975447
"652968",4770,0.364935466
"6711",4771,0.36485853
"5501",4772,0.364826007
"29965",4773,0.364571461
"100137049",4774,0.364397331
"966",4775,0.364175839
"10765",4776,0.36411693
"9491",4777,0.364092774
"84232",4778,0.364022764
"9069",4779,0.363630724
"329",4780,0.363572948
"23612",4781,0.363526316
"57215",4782,0.363154333
"91833",4783,0.363061863
"1846",4784,0.362914507
"10630",4785,0.362900088
"6477",4786,0.362623282
"10134",4787,0.362383868
"51026",4788,0.362139904
"64840",4789,0.361956144
"11030",4790,0.361837296
"27343",4791,0.361641226
"149473",4792,0.361280235
"9755",4793,0.361070061
"1173",4794,0.360976664
"497190",4795,0.360957198
"11243",4796,0.360942519
"4313",4797,0.360931038
"55553",4798,0.360697163
"54977",4799,0.360665601
"10694",4800,0.360653757
"11077",4801,0.360373762
"27315",4802,0.360349766
"441194",4803,0.360333339
"4942",4804,0.360298212
"4811",4805,0.360226393
"7336",4806,0.359984632
"50619",4807,0.359300351
"11094",4808,0.359061291
"6921",4809,0.358880749
"8050",4810,0.358845845
"28227",4811,0.358689466
"79228",4812,0.358645423
"726",4813,0.358417172
"2869",4814,0.358321265
"51604",4815,0.358244721
"54760",4816,0.358205068
"55184",4817,0.35804183
"3156",4818,0.357727925
"8402",4819,0.357723108
"410",4820,0.35770097
"26269",4821,0.357574245
"554225",4822,0.356823826
"6124",4823,0.356823543
"54854",4824,0.356790979
"23587",4825,0.356352926
"100422860",4826,0.356295647
"1469",4827,0.356287791
"60489",4828,0.355960573
"81631",4829,0.355690881
"57719",4830,0.355343725
"4145",4831,0.355292912
"9455",4832,0.354981804
"9185",4833,0.3545954
"10114",4834,0.354507603
"375790",4835,0.354257719
"23476",4836,0.354231448
"388753",4837,0.354019344
"8800",4838,0.353973424
"401548",4839,0.353740392
"53635",4840,0.353680885
"55758",4841,0.3536623
"26033",4842,0.353618314
"125150",4843,0.353545455
"9761",4844,0.353119787
"116028",4845,0.35290864
"90768",4846,0.352695868
"124801",4847,0.35263064
"85458",4848,0.352379402
"80196",4849,0.3523049
"9465",4850,0.352222407
"8859",4851,0.351339235
"57222",4852,0.351110098
"11328",4853,0.351046473
"5270",4854,0.35092236
"773",4855,0.35060577
"353116",4856,0.350257379
"8655",4857,0.350222403
"9984",4858,0.350136643
"5768",4859,0.349936315
"11142",4860,0.349813175
"55209",4861,0.349725527
"652972",4862,0.349660687
"3422",4863,0.349570769
"3965",4864,0.349491108
"22941",4865,0.349362631
"9150",4866,0.349114599
"770",4867,0.348927579
"9971",4868,0.348869298
"29115",4869,0.348757356
"2902",4870,0.348712669
"64946",4871,0.348510333
"2264",4872,0.348404504
"64983",4873,0.348116136
"51588",4874,0.347918464
"1268",4875,0.347666606
"79630",4876,0.347587604
"2647",4877,0.347557687
"3927",4878,0.347218116
"7485",4879,0.347092233
"29789",4880,0.346839701
"84859",4881,0.34644127
"26040",4882,0.346250346
"284047",4883,0.345936935
"27245",4884,0.345906029
"8028",4885,0.345861625
"93129",4886,0.345466287
"5091",4887,0.345359893
"155370",4888,0.345191297
"3190",4889,0.345127054
"51108",4890,0.345105373
"830",4891,0.344784434
"51274",4892,0.344779031
"6729",4893,0.344684458
"80119",4894,0.344601114
"1501",4895,0.344590297
"9145",4896,0.344409893
"89832",4897,0.344358135
"729085",4898,0.344264917
"50640",4899,0.344174669
"55534",4900,0.344051675
"10404",4901,0.343669748
"5202",4902,0.343641989
"445",4903,0.343552309
"9839",4904,0.343495089
"84448",4905,0.343479536
"5704",4906,0.343347844
"56616",4907,0.343308613
"59340",4908,0.343167346
"54707",4909,0.343013693
"23162",4910,0.342820933
"51070",4911,0.342485934
"51655",4912,0.342451638
"140707",4913,0.341730104
"8739",4914,0.341552396
"106480230",4915,0.341525159
"4916",4916,0.341434177
"1890",4917,0.34142114
"154881",4918,0.341405268
"80012",4919,0.34129107
"8882",4920,0.341284127
"102723508",4921,0.341196892
"55486",4922,0.340944421
"79665",4923,0.340889518
"55175",4924,0.340880241
"177",4925,0.340802146
"92196",4926,0.340694914
"60343",4927,0.340676287
"257415",4928,0.340560946
"5424",4929,0.340541259
"6452",4930,0.340450823
"221914",4931,0.34043862
"11251",4932,0.34037234
"55011",4933,0.340029406
"6810",4934,0.339958152
"84059",4935,0.339932016
"9777",4936,0.339786807
"728577",4937,0.339780641
"84968",4938,0.339754356
"84950",4939,0.339660933
"57213",4940,0.339610131
"25797",4941,0.339594983
"79720",4942,0.339593278
"115950",4943,0.339535436
"738",4944,0.339502595
"106480880",4945,0.339450848
"26025",4946,0.339377278
"80331",4947,0.339182532
"2063",4948,0.339100997
"6625",4949,0.338986569
"389136",4950,0.338853214
"7096",4951,0.338814624
"115572",4952,0.338777965
"51024",4953,0.33872328
"23557",4954,0.338685348
"51119",4955,0.338635479
"6548",4956,0.3384876
"29768",4957,0.338066356
"440145",4958,0.338017404
"25801",4959,0.337894268
"158405",4960,0.337806444
"25777",4961,0.337750269
"148014",4962,0.33765147
"5412",4963,0.337543595
"84626",4964,0.337526655
"388152",4965,0.337339479
"80313",4966,0.337282883
"10586",4967,0.337256984
"7812",4968,0.337242716
"646450",4969,0.337127878
"4216",4970,0.336977336
"3918",4971,0.336942968
"317648",4972,0.336475868
"29035",4973,0.336328615
"29899",4974,0.336273537
"57017",4975,0.336259505
"222183",4976,0.336206946
"55593",4977,0.336124753
"5331",4978,0.336111265
"51393",4979,0.336054761
"7262",4980,0.335858359
"2300",4981,0.335730377
"1211",4982,0.33568375
"2968",4983,0.335654554
"51380",4984,0.335476633
"11117",4985,0.335447644
"4723",4986,0.335356501
"55049",4987,0.335024596
"80022",4988,0.335016554
"128486",4989,0.334690593
"134997",4990,0.334663006
"29777",4991,0.33452585
"149775",4992,0.334521491
"10042",4993,0.334376941
"51696",4994,0.334256961
"64168",4995,0.333647436
"10806",4996,0.33357312
"9552",4997,0.333467507
"23043",4998,0.333449974
"5714",4999,0.333423953
"84954",5000,0.333406705
"902",5001,0.333026344
"57097",5002,0.332972159
"23585",5003,0.332925368
"9117",5004,0.332837626
"55795",5005,0.332612358
"55837",5006,0.332542703
"22885",5007,0.332495826
"55329",5008,0.332366887
"109729130",5009,0.332188921
"138311",5010,0.332054525
"91133",5011,0.331936649
"1207",5012,0.331878374
"79644",5013,0.331802092
"27350",5014,0.331787685
"3257",5015,0.331730191
"89932",5016,0.331624324
"1822",5017,0.331269434
"868",5018,0.331241042
"79654",5019,0.330834367
"10634",5020,0.330620984
"11253",5021,0.330543801
"8242",5022,0.330418992
"1855",5023,0.330284852
"23410",5024,0.330069315
"687",5025,0.329951942
"53947",5026,0.329932169
"653702",5027,0.329894334
"7570",5028,0.329815843
"100170841",5029,0.329767615
"51510",5030,0.329725199
"10014",5031,0.329689911
"9798",5032,0.329679233
"730041",5033,0.329271688
"54813",5034,0.329079832
"11252",5035,0.328994688
"100874524",5036,0.328948611
"64223",5037,0.32894765
"90809",5038,0.328925522
"84747",5039,0.328752123
"51277",5040,0.328738935
"4919",5041,0.328728645
"1111",5042,0.32872217
"286190",5043,0.328573592
"84186",5044,0.328542237
"84514",5045,0.328024546
"57758",5046,0.327921966
"1616",5047,0.327728043
"100034743",5048,0.32760114
"5687",5049,0.327442212
"51569",5050,0.327385372
"9936",5051,0.327226267
"84002",5052,0.32716387
"79005",5053,0.327079166
"170692",5054,0.326965065
"85451",5055,0.326919961
"7110",5056,0.326918385
"128338",5057,0.326574429
"10307",5058,0.326566015
"5000",5059,0.3263444
"30844",5060,0.326327136
"85013",5061,0.326221056
"6396",5062,0.325889098
"27039",5063,0.325843298
"5597",5064,0.325831242
"9517",5065,0.325799836
"26509",5066,0.325705805
"284018",5067,0.325678391
"51361",5068,0.325052399
"9814",5069,0.325029341
"51131",5070,0.324932749
"9658",5071,0.324879093
"2290",5072,0.324864794
"123720",5073,0.324459514
"55357",5074,0.323974952
"3371",5075,0.323873129
"6619",5076,0.323862075
"55095",5077,0.323598954
"80256",5078,0.323585195
"55207",5079,0.323582566
"128239",5080,0.323548738
"8578",5081,0.323445593
"10349",5082,0.323205605
"9538",5083,0.323196372
"1595",5084,0.32306199
"9697",5085,0.322922372
"5918",5086,0.322911804
"5048",5087,0.32286263
"90701",5088,0.322783028
"5371",5089,0.32258991
"644131",5090,0.322540639
"389655",5091,0.322524005
"3480",5092,0.322408491
"84669",5093,0.322353758
"9741",5094,0.32181076
"50509",5095,0.321670757
"6522",5096,0.321317015
"6257",5097,0.320856215
"81704",5098,0.320666049
"26578",5099,0.320464449
"55205",5100,0.320281463
"79892",5101,0.320275721
"122618",5102,0.320272287
"7442",5103,0.320122644
"79751",5104,0.320118212
"64219",5105,0.319842213
"51171",5106,0.319817104
"91978",5107,0.31981663
"566",5108,0.319753794
"200845",5109,0.3196551
"643873",5110,0.319477821
"5434",5111,0.319323511
"7750",5112,0.319302064
"220929",5113,0.319275648
"958",5114,0.319262825
"6629",5115,0.319032094
"9361",5116,0.319004394
"27201",5117,0.318997209
"25793",5118,0.318923741
"10556",5119,0.318760525
"100270964",5120,0.31865384
"100129794",5121,0.318637993
"56945",5122,0.318365848
"4708",5123,0.3183154
"6990",5124,0.318094417
"79762",5125,0.318061241
"10342",5126,0.317993696
"100128252",5127,0.317782999
"54531",5128,0.31748279
"6670",5129,0.317426501
"54932",5130,0.317308104
"23524",5131,0.317234724
"285313",5132,0.317152571
"84140",5133,0.317092502
"79960",5134,0.317059655
"3615",5135,0.31704706
"55080",5136,0.316996577
"29883",5137,0.316876782
"10098",5138,0.316799169
"79969",5139,0.316420749
"6496",5140,0.316179586
"64343",5141,0.3157799
"7323",5142,0.315592949
"55667",5143,0.315503564
"171017",5144,0.315502685
"55113",5145,0.315278856
"79998",5146,0.315039591
"50512",5147,0.314836351
"28973",5148,0.314811205
"5532",5149,0.314796393
"8668",5150,0.314593278
"53335",5151,0.314592407
"64776",5152,0.314416567
"90441",5153,0.314104621
"25925",5154,0.313941406
"154141",5155,0.3134213
"55094",5156,0.313221588
"152687",5157,0.313217729
"321",5158,0.313170637
"81615",5159,0.312916733
"9722",5160,0.312868707
"23207",5161,0.312687373
"84443",5162,0.312686955
"1877",5163,0.312623
"7697",5164,0.312604286
"1973",5165,0.312339115
"196743",5166,0.312287446
"118487",5167,0.311914512
"23307",5168,0.311853936
"92912",5169,0.311748815
"8266",5170,0.311614351
"2199",5171,0.311444655
"51065",5172,0.311425976
"9240",5173,0.311322277
"375",5174,0.311099394
"54509",5175,0.311054583
"23263",5176,0.310931248
"50853",5177,0.310927881
"64847",5178,0.310866984
"57125",5179,0.31074214
"139735",5180,0.310716125
"23200",5181,0.310656651
"3315",5182,0.31049069
"51283",5183,0.310207457
"652",5184,0.310157785
"29105",5185,0.310015111
"79143",5186,0.309838271
"100129845",5187,0.30966129
"2781",5188,0.309368541
"29781",5189,0.309346966
"254102",5190,0.308977743
"106479858",5191,0.308957682
"55974",5192,0.308838442
"100873638",5193,0.308827614
"84223",5194,0.308801545
"91523",5195,0.308621099
"2846",5196,0.308542332
"11156",5197,0.30778115
"3490",5198,0.307778867
"5580",5199,0.307558207
"10550",5200,0.307356088
"5090",5201,0.306979726
"9580",5202,0.306865886
"55022",5203,0.30673119
"100132403",5204,0.306536033
"10352",5205,0.306504064
"285172",5206,0.306496282
"11266",5207,0.305853223
"439",5208,0.305664331
"57415",5209,0.305468535
"6015",5210,0.305402169
"55101",5211,0.305387509
"57095",5212,0.305353724
"11209",5213,0.305285558
"100421533",5214,0.305201559
"203190",5215,0.305157162
"51143",5216,0.30497655
"100288778",5217,0.304919934
"100134229",5218,0.304732171
"7849",5219,0.304565781
"8087",5220,0.304240951
"92949",5221,0.304180918
"85313",5222,0.304165651
"284338",5223,0.304138795
"9757",5224,0.304085663
"5774",5225,0.304002231
"51185",5226,0.303812001
"153572",5227,0.30370989
"22927",5228,0.303570999
"9945",5229,0.303437844
"4245",5230,0.303325871
"3460",5231,0.303273392
"3617",5232,0.303079159
"9429",5233,0.303078603
"7494",5234,0.303057725
"728642",5235,0.302851937
"1757",5236,0.302783125
"63035",5237,0.302627601
"3163",5238,0.302567032
"3643",5239,0.30252091
"10400",5240,0.302382988
"9541",5241,0.302216672
"661",5242,0.302133856
"5007",5243,0.301616858
"114783",5244,0.301583518
"606293",5245,0.301394284
"8754",5246,0.301218584
"57232",5247,0.301169012
"55254",5248,0.30077188
"126382",5249,0.300631575
"7919",5250,0.30057516
"23390",5251,0.30056382
"4171",5252,0.300317799
"83475",5253,0.300110854
"64395",5254,0.300085317
"54491",5255,0.299867745
"58513",5256,0.29979525
"90634",5257,0.299730467
"9140",5258,0.29971062
"9584",5259,0.299580734
"440348",5260,0.299422029
"767851",5261,0.299395064
"57228",5262,0.299113232
"100506070",5263,0.299095992
"60681",5264,0.299008675
"4594",5265,0.298992493
"2861",5266,0.298986883
"1022",5267,0.298911811
"29090",5268,0.298519107
"11064",5269,0.298463175
"3363",5270,0.298421736
"51375",5271,0.298341048
"10422",5272,0.298328538
"9092",5273,0.298126026
"2232",5274,0.298116392
"7205",5275,0.297945249
"2771",5276,0.297894373
"92689",5277,0.297837427
"155435",5278,0.297597041
"23598",5279,0.297581662
"6650",5280,0.297568434
"347734",5281,0.29749399
"51564",5282,0.297402262
"56941",5283,0.297261886
"10362",5284,0.297188106
"55790",5285,0.297181247
"3275",5286,0.296982353
"283747",5287,0.296979543
"65244",5288,0.29691501
"5971",5289,0.296811365
"3856",5290,0.296804472
"3908",5291,0.296756341
"2971",5292,0.296716145
"26060",5293,0.296515142
"8643",5294,0.296512911
"8030",5295,0.296285175
"6713",5296,0.295831187
"57189",5297,0.29572876
"85364",5298,0.295646775
"90196",5299,0.295632329
"2800",5300,0.295152568
"79567",5301,0.295147799
"26127",5302,0.294887874
"3750",5303,0.29456111
"3683",5304,0.294173989
"81605",5305,0.29366331
"6636",5306,0.293362042
"60509",5307,0.293359293
"90649",5308,0.293342826
"10126",5309,0.293236197
"10659",5310,0.292459709
"9204",5311,0.292364297
"55968",5312,0.29230022
"5740",5313,0.292206251
"5510",5314,0.292196364
"83938",5315,0.292164514
"91057",5316,0.292163269
"221442",5317,0.292001401
"728448",5318,0.291938031
"169044",5319,0.291687747
"131405",5320,0.29167435
"24145",5321,0.291388676
"5003",5322,0.291255375
"10216",5323,0.291019855
"5159",5324,0.290728505
"5201",5325,0.290542142
"10735",5326,0.290530428
"655",5327,0.290477899
"57212",5328,0.290321136
"2953",5329,0.290090252
"308",5330,0.2899116
"23479",5331,0.289589536
"6310",5332,0.289507908
"29127",5333,0.289491952
"79089",5334,0.28947911
"651746",5335,0.28937917
"123606",5336,0.289374568
"51621",5337,0.289327025
"10683",5338,0.288961689
"84989",5339,0.288796496
"333929",5340,0.288650443
"84688",5341,0.288589382
"57291",5342,0.28830739
"55696",5343,0.288305116
"102157402",5344,0.288124453
"282969",5345,0.287971664
"636",5346,0.287930611
"26012",5347,0.287910331
"54587",5348,0.287904839
"54442",5349,0.287605663
"54386",5350,0.287484126
"55954",5351,0.287450968
"5901",5352,0.287296335
"65217",5353,0.28716308
"100505666",5354,0.287147875
"2983",5355,0.287133409
"85363",5356,0.287102026
"93953",5357,0.287039803
"10616",5358,0.286987225
"23029",5359,0.286896231
"4043",5360,0.28685865
"9846",5361,0.286729074
"8904",5362,0.286361954
"2030",5363,0.286320039
"100130109",5364,0.286269903
"57763",5365,0.285680001
"51366",5366,0.285479824
"11230",5367,0.285362748
"1489",5368,0.28522779
"100505869",5369,0.285217031
"1404",5370,0.285109759
"4650",5371,0.285077345
"10380",5372,0.28505008
"619207",5373,0.284899871
"60673",5374,0.284697196
"84171",5375,0.284596717
"7511",5376,0.284555431
"79139",5377,0.284510517
"83643",5378,0.284338641
"6631",5379,0.284272879
"54458",5380,0.283883091
"55611",5381,0.283871721
"6392",5382,0.283851581
"133619",5383,0.283814542
"1410",5384,0.283761984
"79629",5385,0.283518249
"51548",5386,0.283302923
"282991",5387,0.283289655
"284996",5388,0.283217627
"55573",5389,0.283141207
"441212",5390,0.2830973
"284451",5391,0.282891297
"148206",5392,0.282808528
"9797",5393,0.282584909
"29802",5394,0.282567879
"122525",5395,0.282385414
"25893",5396,0.282064497
"5360",5397,0.281992461
"254887",5398,0.281949467
"160",5399,0.281940918
"171220",5400,0.28189925
"64852",5401,0.28186091
"528",5402,0.281844507
"10212",5403,0.281787825
"196383",5404,0.281429973
"92703",5405,0.281311175
"11149",5406,0.281257238
"5693",5407,0.28120094
"1375",5408,0.28110718
"10948",5409,0.281040346
"90271",5410,0.280989721
"11315",5411,0.280917387
"23418",5412,0.28085611
"124925",5413,0.2808082
"7991",5414,0.280640513
"8817",5415,0.280522895
"11331",5416,0.280491284
"7709",5417,0.280387682
"85025",5418,0.280352313
"54961",5419,0.280273104
"100288428",5420,0.280069057
"25898",5421,0.280017371
"51282",5422,0.279965434
"10066",5423,0.279880754
"5873",5424,0.279861669
"653140",5425,0.279609515
"9403",5426,0.279517285
"171546",5427,0.27945473
"6100",5428,0.279380471
"2314",5429,0.279240751
"414212",5430,0.279104903
"54915",5431,0.278925826
"3795",5432,0.278866057
"6792",5433,0.27873879
"55577",5434,0.278699089
"55825",5435,0.278666581
"100128888",5436,0.278612555
"79703",5437,0.278416864
"80223",5438,0.278413533
"6096",5439,0.277998251
"146",5440,0.27799368
"80127",5441,0.277925992
"203062",5442,0.277795835
"1573",5443,0.27738279
"79875",5444,0.277337128
"254251",5445,0.277084689
"326591",5446,0.277057359
"222642",5447,0.276982589
"8932",5448,0.276897342
"164656",5449,0.276796021
"5692",5450,0.276792476
"9588",5451,0.276668179
"5534",5452,0.276410886
"10654",5453,0.275868571
"84333",5454,0.275824696
"91404",5455,0.275809615
"55512",5456,0.275772645
"6324",5457,0.275754
"153090",5458,0.275746841
"10712",5459,0.275727554
"645969",5460,0.275626849
"6793",5461,0.275605276
"51320",5462,0.275533181
"63917",5463,0.275110261
"85480",5464,0.275104275
"91252",5465,0.275089363
"84918",5466,0.27490702
"2793",5467,0.274822722
"83941",5468,0.274296437
"131408",5469,0.274240033
"26136",5470,0.273742915
"729288",5471,0.273708637
"132864",5472,0.273640758
"139596",5473,0.273597975
"255308",5474,0.273428837
"100131564",5475,0.273261098
"83548",5476,0.273218142
"79145",5477,0.273063089
"9258",5478,0.273036874
"84844",5479,0.272989488
"8082",5480,0.272870029
"54221",5481,0.272180956
"10938",5482,0.272160228
"51547",5483,0.272096827
"5893",5484,0.271983059
"221547",5485,0.27197276
"25855",5486,0.271954833
"345275",5487,0.271940379
"93323",5488,0.271687152
"5991",5489,0.271667991
"10312",5490,0.271591039
"55334",5491,0.271404472
"26503",5492,0.271230766
"1457",5493,0.271196276
"84061",5494,0.270969325
"100129813",5495,0.270863801
"5600",5496,0.270733574
"220382",5497,0.270172379
"389119",5498,0.270107645
"101101692",5499,0.270091314
"175",5500,0.269951965
"2531",5501,0.269905647
"10746",5502,0.2696087
"100532732",5503,0.26927141
"11330",5504,0.269228722
"8443",5505,0.26901609
"7700",5506,0.26895917
"388799",5507,0.268905392
"162427",5508,0.268883319
"647276",5509,0.268209977
"10188",5510,0.268191303
"7092",5511,0.268152603
"5878",5512,0.268139078
"80306",5513,0.268092826
"92162",5514,0.268002985
"5442",5515,0.267889706
"64940",5516,0.267824005
"29916",5517,0.267682449
"84959",5518,0.267622255
"3151",5519,0.267595792
"91289",5520,0.267522371
"54883",5521,0.267516992
"65005",5522,0.26731584
"57096",5523,0.267205539
"134549",5524,0.266746329
"116985",5525,0.266602919
"22884",5526,0.266422639
"51337",5527,0.266330978
"10558",5528,0.266251522
"100507290",5529,0.266138954
"1164",5530,0.266110347
"115557",5531,0.265620263
"84164",5532,0.265549784
"2066",5533,0.265308261
"5244",5534,0.265290143
"22955",5535,0.265231919
"79685",5536,0.265141315
"1019",5537,0.265121955
"55830",5538,0.265115727
"91942",5539,0.264908569
"50507",5540,0.264879595
"8416",5541,0.264838005
"84243",5542,0.264761558
"283149",5543,0.264713315
"51231",5544,0.264463656
"369",5545,0.26419033
"26256",5546,0.264137133
"29101",5547,0.264126074
"66005",5548,0.264086083
"100271836",5549,0.264021727
"7351",5550,0.264020122
"4798",5551,0.26383328
"29775",5552,0.263770219
"80863",5553,0.26376474
"4277",5554,0.263664997
"57062",5555,0.263621072
"319111",5556,0.263607521
"10777",5557,0.263518902
"64773",5558,0.263315137
"83861",5559,0.263134994
"28965",5560,0.263066814
"23351",5561,0.26300688
"55250",5562,0.262834453
"219749",5563,0.262811881
"22938",5564,0.262650951
"55132",5565,0.262605754
"645784",5566,0.262579645
"23141",5567,0.262009563
"7294",5568,0.261966712
"6470",5569,0.261785324
"388275",5570,0.261782689
"10013",5571,0.261586233
"9887",5572,0.261409348
"808",5573,0.261168201
"51324",5574,0.261098625
"8288",5575,0.261059795
"143879",5576,0.26098976
"26140",5577,0.260961865
"806",5578,0.260941406
"8870",5579,0.260847802
"4685",5580,0.260828607
"81858",5581,0.260731878
"113402",5582,0.260620656
"5089",5583,0.260524909
"28964",5584,0.260499751
"93643",5585,0.26046114
"57121",5586,0.260418319
"9686",5587,0.260285995
"6117",5588,0.259883971
"54974",5589,0.259738923
"135293",5590,0.259676128
"26959",5591,0.25949145
"129642",5592,0.259370696
"145581",5593,0.259040227
"5483",5594,0.258942067
"3455",5595,0.258860155
"101927895",5596,0.25884888
"51275",5597,0.258783363
"83860",5598,0.258761259
"3975",5599,0.258673824
"3075",5600,0.258641771
"103910",5601,0.258420604
"54499",5602,0.258270805
"81669",5603,0.257638108
"5887",5604,0.257487403
"4841",5605,0.257455581
"1650",5606,0.257268607
"23348",5607,0.257193671
"58488",5608,0.257060246
"23370",5609,0.256913943
"91746",5610,0.25672321
"10068",5611,0.256665779
"642797",5612,0.25665486
"92400",5613,0.25664377
"59345",5614,0.256598395
"3087",5615,0.256593672
"25804",5616,0.256539706
"30827",5617,0.256429077
"8676",5618,0.256265351
"51025",5619,0.256124979
"92610",5620,0.255960554
"64645",5621,0.255928714
"135932",5622,0.255828808
"3111",5623,0.25567878
"116937",5624,0.255641804
"374860",5625,0.255550687
"826",5626,0.255545168
"91012",5627,0.255522612
"104326052",5628,0.25552125
"6730",5629,0.255365883
"9564",5630,0.255114593
"81893",5631,0.254821663
"5347",5632,0.254803928
"9351",5633,0.254797341
"128760",5634,0.254773547
"6002",5635,0.254659637
"79585",5636,0.25458185
"101926996",5637,0.254349395
"60672",5638,0.254324489
"24140",5639,0.25400593
"143630",5640,0.25392641
"51187",5641,0.253479221
"10261",5642,0.253092496
"56937",5643,0.253047805
"23245",5644,0.252888506
"219771",5645,0.252753458
"147339",5646,0.252551648
"5217",5647,0.252310671
"23258",5648,0.252239503
"63934",5649,0.252211237
"91608",5650,0.252186875
"7165",5651,0.252080858
"522",5652,0.252011064
"51127",5653,0.251951062
"79074",5654,0.251872857
"5504",5655,0.251642456
"1727",5656,0.251636653
"577",5657,0.251394374
"83695",5658,0.251171379
"387328",5659,0.251098254
"85358",5660,0.250960257
"106479932",5661,0.250802725
"89941",5662,0.250669196
"84142",5663,0.250584753
"6598",5664,0.250519819
"84282",5665,0.250417074
"757",5666,0.250040593
"80224",5667,0.249953878
"1528",5668,0.249904011
"376497",5669,0.249886949
"29801",5670,0.249761326
"53342",5671,0.249531499
"55206",5672,0.249442192
"162655",5673,0.249391368
"7332",5674,0.248820109
"3191",5675,0.248801849
"23641",5676,0.24866097
"6919",5677,0.248626947
"8907",5678,0.248473717
"100422972",5679,0.248074798
"6856",5680,0.248038309
"79752",5681,0.24800068
"64097",5682,0.247872683
"6304",5683,0.247843248
"3400",5684,0.247716828
"94134",5685,0.247516885
"10569",5686,0.247489987
"22904",5687,0.247455487
"100873985",5688,0.247249448
"7913",5689,0.247148223
"84311",5690,0.24714429
"64091",5691,0.24709447
"23203",5692,0.247041752
"64386",5693,0.246641966
"121665",5694,0.24655476
"3831",5695,0.246347513
"89781",5696,0.245965876
"1593",5697,0.245874103
"148156",5698,0.245685059
"400761",5699,0.245568959
"79753",5700,0.245255443
"23053",5701,0.245152572
"80148",5702,0.24512284
"8650",5703,0.245106912
"9144",5704,0.244892473
"56063",5705,0.244676156
"60561",5706,0.244592609
"23151",5707,0.24443344
"146754",5708,0.244397536
"55030",5709,0.244279057
"10540",5710,0.2442588
"57216",5711,0.244015326
"5965",5712,0.243865748
"29904",5713,0.243824443
"6418",5714,0.243816539
"642658",5715,0.243814852
"83605",5716,0.243803689
"6749",5717,0.24376624
"3183",5718,0.243764107
"9802",5719,0.243759835
"387119",5720,0.243692375
"10000",5721,0.243662675
"51014",5722,0.24359269
"85478",5723,0.243579487
"9512",5724,0.243518188
"9170",5725,0.243432149
"8704",5726,0.243328712
"29098",5727,0.243062515
"64979",5728,0.243028753
"1583",5729,0.242900242
"10447",5730,0.242608976
"353511",5731,0.242565358
"120",5732,0.242451809
"27107",5733,0.242386299
"54470",5734,0.242297204
"644096",5735,0.242170374
"653162",5736,0.242095978
"7706",5737,0.241898151
"29922",5738,0.241752726
"58472",5739,0.241672632
"92270",5740,0.241418972
"23386",5741,0.241407823
"388722",5742,0.24131525
"894",5743,0.240874704
"10229",5744,0.24056571
"51222",5745,0.240519593
"100534593",5746,0.240369641
"57584",5747,0.240369096
"284942",5748,0.240258675
"23654",5749,0.240124552
"166824",5750,0.240120743
"3150",5751,0.24001813
"5430",5752,0.239965773
"102723356",5753,0.239798197
"6185",5754,0.239686152
"1017",5755,0.239679076
"605",5756,0.239565667
"9341",5757,0.239448467
"5999",5758,0.239329145
"57531",5759,0.239296598
"207063",5760,0.23924099
"7555",5761,0.23923214
"84936",5762,0.239169903
"100271715",5763,0.239100697
"150472",5764,0.239044932
"4820",5765,0.238940985
"253152",5766,0.238803109
"25906",5767,0.238445335
"79717",5768,0.238399227
"404665",5769,0.238269837
"1427",5770,0.238178531
"92370",5771,0.237901675
"54776",5772,0.237857752
"5150",5773,0.237604168
"127262",5774,0.237393042
"5715",5775,0.23738092
"2959",5776,0.237378492
"6628",5777,0.237331782
"125875",5778,0.237289893
"55290",5779,0.237131962
"284434",5780,0.237126297
"6240",5781,0.23700956
"5771",5782,0.236876471
"65124",5783,0.236801517
"51071",5784,0.236753466
"5611",5785,0.23671488
"730052",5786,0.2364127
"50865",5787,0.236185104
"55258",5788,0.236017831
"9413",5789,0.235944949
"101060389",5790,0.235677159
"162632",5791,0.235223503
"85379",5792,0.235218238
"9255",5793,0.235006073
"7170",5794,0.23495726
"84245",5795,0.234944866
"51339",5796,0.234881107
"10430",5797,0.234659333
"83943",5798,0.234599208
"9466",5799,0.234596324
"55510",5800,0.234556986
"3032",5801,0.234464166
"102723167",5802,0.234440661
"1993",5803,0.234438417
"23034",5804,0.234300256
"6387",5805,0.23417053
"6046",5806,0.234114225
"7764",5807,0.234103263
"1203",5808,0.233828934
"389333",5809,0.233687841
"10273",5810,0.233629684
"8110",5811,0.233556453
"140735",5812,0.233416133
"5875",5813,0.233400758
"54497",5814,0.23320113
"165055",5815,0.233156615
"65986",5816,0.233152316
"114788",5817,0.23301853
"4758",5818,0.232997201
"10921",5819,0.232976179
"4882",5820,0.232441443
"104472848",5821,0.232231754
"106144598",5822,0.232175412
"157697",5823,0.232116263
"351",5824,0.232044806
"6643",5825,0.231980527
"23254",5826,0.231968526
"100616194",5827,0.231888223
"1523",5828,0.231806476
"148898",5829,0.231565016
"27020",5830,0.231502468
"203447",5831,0.231344651
"157713",5832,0.231294866
"79991",5833,0.231082397
"10140",5834,0.230960349
"90668",5835,0.230620411
"100133957",5836,0.230553119
"1537",5837,0.230508331
"7507",5838,0.23049092
"79856",5839,0.230258692
"84858",5840,0.230164729
"26268",5841,0.230138961
"387644",5842,0.230100219
"11338",5843,0.230019769
"57486",5844,0.229940922
"55823",5845,0.2297266
"6197",5846,0.229481437
"57549",5847,0.229425984
"222484",5848,0.229218752
"114793",5849,0.229169508
"7295",5850,0.229149619
"122704",5851,0.229113071
"649395",5852,0.229059525
"10327",5853,0.228837112
"11091",5854,0.22850044
"9924",5855,0.228462884
"157695",5856,0.2283163
"89927",5857,0.227960659
"11174",5858,0.227708224
"6653",5859,0.22769367
"220081",5860,0.227591417
"54904",5861,0.227497403
"7732",5862,0.227332883
"106481827",5863,0.227268184
"5558",5864,0.227013297
"23184",5865,0.226870084
"161725",5866,0.226855981
"920",5867,0.226548554
"1303",5868,0.226236474
"10920",5869,0.226164097
"441457",5870,0.226138008
"54807",5871,0.226093628
"83999",5872,0.226086789
"10560",5873,0.226078185
"92211",5874,0.225784602
"6992",5875,0.225722314
"79269",5876,0.225712216
"23658",5877,0.225524825
"100129792",5878,0.225502335
"10559",5879,0.225379229
"100422558",5880,0.2253523
"286205",5881,0.225317397
"9409",5882,0.22513848
"646892",5883,0.225074232
"101927755",5884,0.224896312
"3327",5885,0.224887244
"51490",5886,0.224344992
"51206",5887,0.22420099
"27230",5888,0.224148541
"11336",5889,0.22406919
"22888",5890,0.224007394
"51637",5891,0.223850358
"11236",5892,0.223521596
"25959",5893,0.223365287
"28956",5894,0.223164727
"79869",5895,0.223149776
"1829",5896,0.223134932
"55565",5897,0.22280514
"100113386",5898,0.222789581
"102723897",5899,0.222782531
"80818",5900,0.222543206
"5170",5901,0.222436816
"15",5902,0.222427282
"253982",5903,0.222419387
"10102",5904,0.222392833
"51444",5905,0.222238536
"28966",5906,0.222103542
"11019",5907,0.221732812
"23094",5908,0.221707819
"29959",5909,0.221475566
"10279",5910,0.221193726
"27113",5911,0.221148639
"10480",5912,0.220972342
"203522",5913,0.220884033
"81606",5914,0.22085655
"100505679",5915,0.220623327
"9663",5916,0.22053327
"246777",5917,0.220525981
"3426",5918,0.220345539
"101927761",5919,0.220270312
"55972",5920,0.220205541
"8818",5921,0.219861323
"401251",5922,0.219795158
"2896",5923,0.219692681
"110806274",5924,0.219655389
"22933",5925,0.219451652
"84660",5926,0.218952166
"11046",5927,0.218947854
"6184",5928,0.218941214
"5977",5929,0.218574305
"8814",5930,0.218553992
"58491",5931,0.218542568
"84987",5932,0.218499852
"5138",5933,0.21844993
"55282",5934,0.218370282
"54436",5935,0.21831838
"8536",5936,0.21828238
"196394",5937,0.218018159
"81602",5938,0.217991123
"4363",5939,0.217845003
"8208",5940,0.217844787
"163859",5941,0.217803882
"3855",5942,0.217724059
"79575",5943,0.217587011
"170679",5944,0.217480382
"128",5945,0.2174692
"257160",5946,0.217248613
"9451",5947,0.217208751
"10020",5948,0.217084783
"197135",5949,0.217053693
"23192",5950,0.216604666
"2889",5951,0.216326285
"3913",5952,0.21624644
"83989",5953,0.216210719
"9295",5954,0.216202367
"26470",5955,0.216108589
"3090",5956,0.216023331
"84301",5957,0.215938872
"583",5958,0.215862044
"8707",5959,0.215847513
"22903",5960,0.215830851
"124491",5961,0.215824896
"5915",5962,0.215790811
"256309",5963,0.215715231
"285329",5964,0.215532274
"113178",5965,0.215411169
"221322",5966,0.215273484
"130872",5967,0.214964323
"654",5968,0.21495574
"56311",5969,0.214905352
"111753249",5970,0.214897873
"2178",5971,0.214881412
"54800",5972,0.214817132
"123228",5973,0.214706821
"117248",5974,0.214705005
"7716",5975,0.214454687
"81555",5976,0.214449809
"26156",5977,0.214233638
"10313",5978,0.214018766
"116447",5979,0.21388596
"199870",5980,0.213850017
"10204",5981,0.213744826
"65108",5982,0.213593198
"7462",5983,0.213466978
"285601",5984,0.213383943
"140825",5985,0.213313377
"90488",5986,0.213228972
"284325",5987,0.213089097
"3632",5988,0.213062366
"29086",5989,0.212997737
"51754",5990,0.212984418
"10492",5991,0.212847335
"7385",5992,0.212720563
"8193",5993,0.212461455
"9524",5994,0.212292175
"9254",5995,0.212164074
"10539",5996,0.212016527
"100506655",5997,0.211850886
"4817",5998,0.211761207
"7005",5999,0.2116968
"5797",6000,0.211677764
"9735",6001,0.211657636
"57707",6002,0.211472726
"10241",6003,0.211231293
"1326",6004,0.211133098
"10444",6005,0.210963702
"374920",6006,0.210841972
"23473",6007,0.210746083
"11092",6008,0.21058052
"9958",6009,0.210159478
"55668",6010,0.21007342
"9270",6011,0.21007163
"6094",6012,0.210026326
"27249",6013,0.209966549
"64960",6014,0.209909332
"1145",6015,0.209704438
"2874",6016,0.209593395
"51239",6017,0.209570888
"64285",6018,0.209536146
"165918",6019,0.209013127
"642641",6020,0.208984554
"84261",6021,0.208828239
"375033",6022,0.208799738
"92840",6023,0.208695209
"93624",6024,0.208606183
"5550",6025,0.208542243
"54556",6026,0.208516833
"79724",6027,0.20850653
"10488",6028,0.208423081
"100421415",6029,0.208318431
"9585",6030,0.2083104
"653122",6031,0.207986056
"26253",6032,0.207948033
"9858",6033,0.207562848
"54752",6034,0.2074957
"55763",6035,0.207307004
"4257",6036,0.207213401
"83877",6037,0.207135738
"121227",6038,0.207027422
"159686",6039,0.206853892
"90485",6040,0.206839883
"57794",6041,0.206687521
"55454",6042,0.206564765
"9612",6043,0.206549678
"57602",6044,0.206199675
"151888",6045,0.206090659
"11200",6046,0.205982444
"51234",6047,0.205977971
"117247",6048,0.205584851
"100652772",6049,0.205169657
"26046",6050,0.205162435
"79616",6051,0.205107744
"25878",6052,0.205076544
"26065",6053,0.205011543
"5780",6054,0.204774612
"26137",6055,0.204764378
"4194",6056,0.204460152
"5782",6057,0.203937389
"10420",6058,0.203837611
"5476",6059,0.203822209
"2733",6060,0.203579592
"6553",6061,0.203228077
"5139",6062,0.203198837
"50488",6063,0.203179022
"128553",6064,0.203162296
"2653",6065,0.202917383
"339231",6066,0.202823167
"51030",6067,0.202820875
"27146",6068,0.202793827
"222068",6069,0.202728127
"6494",6070,0.202715992
"100874008",6071,0.202689716
"5453",6072,0.202664777
"80314",6073,0.202644451
"10987",6074,0.202598054
"51491",6075,0.202461691
"653259",6076,0.202212394
"81550",6077,0.202185289
"26010",6078,0.202139369
"100271700",6079,0.20213341
"118433",6080,0.201832099
"126353",6081,0.201730902
"339745",6082,0.201615765
"144132",6083,0.201590626
"4864",6084,0.20152653
"9050",6085,0.201455994
"11079",6086,0.201375658
"3588",6087,0.201292514
"55707",6088,0.201204801
"56978",6089,0.201125831
"11201",6090,0.201006879
"80781",6091,0.200961402
"7917",6092,0.200638701
"2548",6093,0.200587109
"654433",6094,0.200576727
"54972",6095,0.200562443
"57515",6096,0.200506828
"29844",6097,0.200394948
"51639",6098,0.200279033
"201283",6099,0.20016906
"56904",6100,0.199908378
"221443",6101,0.199677596
"23157",6102,0.199399496
"8301",6103,0.199341312
"316",6104,0.199224283
"143684",6105,0.199188469
"817",6106,0.198948398
"2288",6107,0.198914018
"5571",6108,0.198890941
"5172",6109,0.198865621
"100506994",6110,0.198789569
"10469",6111,0.198586116
"11273",6112,0.198488218
"6458",6113,0.198318377
"10018",6114,0.197949118
"54555",6115,0.197847051
"9064",6116,0.197756246
"3554",6117,0.197708601
"3326",6118,0.197629641
"9025",6119,0.197608072
"92749",6120,0.197577956
"2050",6121,0.197559798
"3563",6122,0.197476407
"23075",6123,0.197232332
"5888",6124,0.197116067
"6836",6125,0.197025175
"9823",6126,0.196954255
"92342",6127,0.196865732
"92283",6128,0.19686079
"7248",6129,0.196756096
"59084",6130,0.196522982
"650",6131,0.196226554
"100129716",6132,0.196214515
"84717",6133,0.196159304
"4720",6134,0.196123674
"5697",6135,0.19599435
"11334",6136,0.195848924
"203",6137,0.195643541
"51193",6138,0.195608068
"106480432",6139,0.195449838
"144100",6140,0.195291653
"84879",6141,0.19516863
"64215",6142,0.195101626
"25957",6143,0.194912776
"8681",6144,0.19485862
"23216",6145,0.194660431
"93100",6146,0.194540934
"7405",6147,0.194410867
"1810",6148,0.194285175
"1025",6149,0.193915334
"8761",6150,0.193865081
"5696",6151,0.193837582
"832",6152,0.193764103
"26019",6153,0.193681288
"131118",6154,0.193579322
"29",6155,0.193574799
"60313",6156,0.193567548
"84502",6157,0.193560516
"54981",6158,0.193543788
"7335",6159,0.193436081
"253512",6160,0.193275186
"284058",6161,0.193270379
"8821",6162,0.193260673
"2690",6163,0.193181157
"280661",6164,0.192678643
"55062",6165,0.19245786
"8702",6166,0.192405852
"27335",6167,0.192229002
"22861",6168,0.191963201
"90525",6169,0.191951891
"147645",6170,0.191944873
"509",6171,0.191917374
"79925",6172,0.191422548
"4681",6173,0.191354907
"55071",6174,0.191254677
"79837",6175,0.190868013
"6586",6176,0.190794402
"8434",6177,0.190675397
"1174",6178,0.190660972
"10208",6179,0.190558086
"9546",6180,0.190478531
"64374",6181,0.190299056
"8504",6182,0.190104063
"1849",6183,0.1899034
"950",6184,0.189768387
"10695",6185,0.189713687
"51386",6186,0.189571042
"10919",6187,0.189556307
"10308",6188,0.18950088
"8813",6189,0.189274899
"4836",6190,0.189238577
"23163",6191,0.189229244
"90121",6192,0.189223059
"8861",6193,0.189118943
"10393",6194,0.188903894
"9446",6195,0.188710115
"84153",6196,0.1886523
"2177",6197,0.188572935
"146279",6198,0.188490765
"148979",6199,0.188457827
"391356",6200,0.188421866
"55143",6201,0.188326713
"81559",6202,0.188078125
"283152",6203,0.188075014
"221496",6204,0.187873913
"283629",6205,0.187858199
"4097",6206,0.187834351
"55690",6207,0.187519881
"4297",6208,0.187484162
"5725",6209,0.187351602
"389866",6210,0.187267684
"27291",6211,0.187226384
"11157",6212,0.187193432
"51076",6213,0.187034372
"643790",6214,0.186781036
"10233",6215,0.186732908
"100271927",6216,0.186728294
"80227",6217,0.186656167
"1004",6218,0.186387153
"1488",6219,0.186149254
"10884",6220,0.18609934
"81611",6221,0.186069189
"5861",6222,0.185883091
"79956",6223,0.185849239
"55090",6224,0.185758417
"6659",6225,0.185727308
"374650",6226,0.185723832
"26133",6227,0.185660294
"91039",6228,0.185487066
"81572",6229,0.185481136
"10450",6230,0.185400139
"51132",6231,0.185364886
"6760",6232,0.18520449
"8450",6233,0.185193405
"8554",6234,0.185176428
"8548",6235,0.184701985
"6878",6236,0.184558529
"2334",6237,0.184536441
"79006",6238,0.184434191
"8532",6239,0.184387785
"7275",6240,0.184292516
"4298",6241,0.184237643
"90342",6242,0.184110053
"51593",6243,0.18391089
"399474",6244,0.183857919
"653268",6245,0.183831746
"23071",6246,0.183758477
"9328",6247,0.183706229
"600",6248,0.183526956
"23607",6249,0.183213471
"7837",6250,0.183210436
"4849",6251,0.182983942
"6801",6252,0.182644662
"5343",6253,0.182539905
"6517",6254,0.182436271
"25871",6255,0.182176584
"22826",6256,0.182144742
"309",6257,0.182100263
"63905",6258,0.182055156
"51260",6259,0.181784155
"8534",6260,0.181706631
"220164",6261,0.181618577
"29766",6262,0.18160556
"90313",6263,0.181482068
"27303",6264,0.181397774
"376267",6265,0.181379993
"26260",6266,0.181097446
"23630",6267,0.181072085
"5295",6268,0.18101466
"5777",6269,0.180984504
"29982",6270,0.18089082
"79693",6271,0.180759293
"114899",6272,0.180702463
"81502",6273,0.180649388
"253782",6274,0.180559214
"10817",6275,0.180557677
"51729",6276,0.180378809
"100616150",6277,0.180183988
"114785",6278,0.180084121
"1564",6279,0.180003463
"63922",6280,0.179899942
"253260",6281,0.179895378
"105372476",6282,0.179891775
"78988",6283,0.179886406
"158",6284,0.179858876
"373",6285,0.179805372
"60436",6286,0.179797931
"23223",6287,0.179665571
"9929",6288,0.179484211
"26175",6289,0.179477322
"8165",6290,0.179406564
"284406",6291,0.179394453
"51710",6292,0.179356169
"54872",6293,0.179176372
"84693",6294,0.179165989
"132625",6295,0.179158228
"401258",6296,0.178796608
"90550",6297,0.178685234
"11278",6298,0.178498427
"100101267",6299,0.178478252
"1112",6300,0.178456656
"50809",6301,0.178446528
"989",6302,0.178432922
"1069",6303,0.178382191
"51759",6304,0.178379413
"5786",6305,0.178338265
"9422",6306,0.177719347
"284167",6307,0.177556239
"3037",6308,0.177542231
"5827",6309,0.17750113
"109729127",6310,0.17710737
"10521",6311,0.177060767
"9909",6312,0.176997991
"29998",6313,0.176983863
"54973",6314,0.176935579
"4858",6315,0.176928702
"2103",6316,0.17689027
"3895",6317,0.176827742
"4669",6318,0.176761946
"100419075",6319,0.176593551
"55069",6320,0.1765498
"51538",6321,0.176302954
"54958",6322,0.176224461
"51497",6323,0.176050286
"643008",6324,0.176027987
"10103",6325,0.175914924
"10490",6326,0.175902507
"729092",6327,0.175833299
"27289",6328,0.175764769
"85403",6329,0.17569635
"6337",6330,0.175690457
"10231",6331,0.175464436
"100287171",6332,0.175274148
"25794",6333,0.175260164
"100507567",6334,0.175157151
"8658",6335,0.174893258
"29081",6336,0.174824983
"26001",6337,0.17470445
"10591",6338,0.17468162
"6687",6339,0.174658792
"2275",6340,0.174609514
"5281",6341,0.174579601
"400073",6342,0.174573833
"64718",6343,0.174417586
"5293",6344,0.174370015
"57665",6345,0.174358503
"2961",6346,0.174235037
"728207",6347,0.174065565
"4320",6348,0.174064118
"101929655",6349,0.174037851
"529",6350,0.173948414
"57597",6351,0.173773402
"7574",6352,0.17366661
"6397",6353,0.173403322
"64981",6354,0.173254925
"1938",6355,0.172889515
"63941",6356,0.172848849
"4123",6357,0.17282073
"6641",6358,0.172760265
"85437",6359,0.172696147
"4191",6360,0.172570994
"27296",6361,0.172494349
"266971",6362,0.172488022
"57091",6363,0.172480144
"151246",6364,0.172315283
"55245",6365,0.172255843
"5805",6366,0.172118393
"5188",6367,0.172085807
"84930",6368,0.171668727
"114805",6369,0.17161273
"100507102",6370,0.171607514
"51061",6371,0.171342749
"8399",6372,0.171219722
"79187",6373,0.171190747
"26088",6374,0.171133365
"55969",6375,0.171060118
"6431",6376,0.170832937
"23309",6377,0.170755266
"150248",6378,0.17052568
"56681",6379,0.170467504
"79172",6380,0.170348725
"80024",6381,0.170154875
"5588",6382,0.170146883
"3920",6383,0.169588629
"5623",6384,0.169363937
"374882",6385,0.169300986
"6660",6386,0.169060577
"341315",6387,0.168955246
"9860",6388,0.168915901
"2887",6389,0.168909241
"81035",6390,0.168787714
"11073",6391,0.168708093
"3306",6392,0.168699652
"8803",6393,0.168683075
"1994",6394,0.168569519
"51506",6395,0.168494083
"10054",6396,0.168460699
"6900",6397,0.16828796
"7181",6398,0.168110554
"101927720",6399,0.167929434
"25937",6400,0.167716197
"28989",6401,0.167687508
"102724316",6402,0.167628921
"2625",6403,0.167616762
"11037",6404,0.167522576
"9265",6405,0.16727845
"1611",6406,0.167255915
"151887",6407,0.167147323
"5527",6408,0.167146073
"938",6409,0.167056979
"9380",6410,0.167055093
"152302",6411,0.166989989
"7265",6412,0.166782804
"100233209",6413,0.166682258
"64763",6414,0.166530937
"26090",6415,0.166476945
"10980",6416,0.166327856
"10052",6417,0.166281319
"116115",6418,0.166202831
"440359",6419,0.166167386
"8763",6420,0.166015893
"55362",6421,0.165954231
"326625",6422,0.165907701
"123879",6423,0.165874069
"5193",6424,0.165808404
"10472",6425,0.165802482
"11137",6426,0.16544792
"2073",6427,0.165386827
"30851",6428,0.16516352
"10548",6429,0.165082534
"28972",6430,0.165039178
"11340",6431,0.165011342
"6652",6432,0.164922029
"65981",6433,0.164857358
"80179",6434,0.164843672
"56963",6435,0.164677139
"171523",6436,0.164648994
"85456",6437,0.1646353
"29888",6438,0.16460974
"4801",6439,0.164526793
"84795",6440,0.164265395
"55602",6441,0.1640963
"28987",6442,0.163983057
"23460",6443,0.163886466
"1289",6444,0.163852437
"83637",6445,0.163851855
"80745",6446,0.163753312
"114876",6447,0.16372473
"1762",6448,0.163418871
"65056",6449,0.163304286
"1718",6450,0.16325742
"199692",6451,0.163197979
"5451",6452,0.162987214
"10234",6453,0.162879057
"23336",6454,0.162742561
"58527",6455,0.16265286
"27044",6456,0.162597893
"196996",6457,0.162547272
"8079",6458,0.162512733
"115992",6459,0.162397455
"56927",6460,0.162376301
"10179",6461,0.162219841
"200933",6462,0.16213844
"54749",6463,0.162138092
"619208",6464,0.162069746
"5195",6465,0.161891771
"150142",6466,0.161802496
"7353",6467,0.161587084
"7589",6468,0.161498601
"1455",6469,0.161490602
"4692",6470,0.161363322
"10040",6471,0.161318246
"475",6472,0.16098944
"100131213",6473,0.160748263
"54360",6474,0.160708926
"1912",6475,0.160706269
"9791",6476,0.160674068
"10748",6477,0.160655141
"8514",6478,0.160633911
"25992",6479,0.160356116
"83464",6480,0.160112886
"7009",6481,0.159918687
"27161",6482,0.159831136
"54821",6483,0.159747288
"4628",6484,0.1597359
"284739",6485,0.159633005
"79786",6486,0.159268917
"51278",6487,0.159265605
"84263",6488,0.159258225
"84324",6489,0.159238142
"50614",6490,0.159087788
"340719",6491,0.158834513
"79174",6492,0.158546981
"301",6493,0.158448301
"23354",6494,0.15803347
"10421",6495,0.158014454
"57045",6496,0.157923076
"664709",6497,0.157741009
"389799",6498,0.157714855
"284385",6499,0.157536367
"128864",6500,0.157470165
"1723",6501,0.157414758
"10082",6502,0.157363099
"51109",6503,0.157349089
"54453",6504,0.157267344
"26290",6505,0.157162801
"9885",6506,0.157070748
"10742",6507,0.156911219
"23042",6508,0.156836649
"400927",6509,0.156816934
"219348",6510,0.156804016
"101927599",6511,0.156580992
"79874",6512,0.156527906
"100507475",6513,0.156507943
"8760",6514,0.156092764
"136895",6515,0.156002625
"26043",6516,0.155905098
"56981",6517,0.155772709
"440567",6518,0.155729292
"5702",6519,0.155377862
"100847010",6520,0.155201651
"28986",6521,0.155161104
"51382",6522,0.155035463
"5607",6523,0.154998743
"4208",6524,0.154910175
"166793",6525,0.154769533
"341",6526,0.154720975
"23762",6527,0.154657501
"4913",6528,0.154654901
"55367",6529,0.154094737
"340252",6530,0.154051428
"23256",6531,0.153851007
"110599564",6532,0.153700659
"828",6533,0.153576935
"550643",6534,0.153450806
"55835",6535,0.153322522
"79957",6536,0.152986158
"406",6537,0.152687256
"55892",6538,0.152677937
"2582",6539,0.152574834
"121268",6540,0.152204694
"84749",6541,0.152140212
"692225",6542,0.152049669
"25901",6543,0.152031776
"64951",6544,0.152000061
"391256",6545,0.151969421
"81567",6546,0.151839406
"84881",6547,0.151740326
"57565",6548,0.151687899
"10093",6549,0.151617791
"56997",6550,0.151455283
"60494",6551,0.151299916
"4697",6552,0.15121315
"692227",6553,0.151198381
"255104",6554,0.150975412
"3959",6555,0.150956301
"339122",6556,0.150934049
"400604",6557,0.150892835
"150696",6558,0.15083042
"22876",6559,0.150740059
"8632",6560,0.150652441
"23595",6561,0.150642765
"84978",6562,0.150438692
"1902",6563,0.150314437
"158586",6564,0.15025193
"10438",6565,0.150198116
"25828",6566,0.149949919
"9184",6567,0.149730653
"348327",6568,0.149518053
"3792",6569,0.149387068
"6218",6570,0.149362017
"57690",6571,0.149301616
"118",6572,0.149263848
"160298",6573,0.149230944
"1258",6574,0.149188326
"5511",6575,0.149186111
"57526",6576,0.149176779
"26013",6577,0.148898369
"8406",6578,0.148269757
"143888",6579,0.147953935
"5499",6580,0.147867183
"25930",6581,0.147788382
"51399",6582,0.147719158
"4649",6583,0.147658139
"8480",6584,0.147258192
"10673",6585,0.147068105
"65265",6586,0.146591586
"654321",6587,0.146533349
"8603",6588,0.146524257
"4893",6589,0.146515077
"101669762",6590,0.146333478
"149499",6591,0.146320909
"9055",6592,0.1463015
"6950",6593,0.146272917
"10975",6594,0.145981594
"9794",6595,0.145931985
"55683",6596,0.14585629
"101060391",6597,0.145832488
"51422",6598,0.145832417
"54987",6599,0.145660187
"54879",6600,0.145361761
"203245",6601,0.145143681
"10904",6602,0.144873283
"84991",6603,0.144399887
"9851",6604,0.144275136
"123355",6605,0.144155019
"199221",6606,0.144065165
"6780",6607,0.144007056
"58538",6608,0.143904472
"84836",6609,0.143867383
"51804",6610,0.143729719
"58533",6611,0.143715631
"101929475",6612,0.14358362
"79140",6613,0.143546322
"4943",6614,0.143413728
"9246",6615,0.143271816
"157378",6616,0.143243512
"4729",6617,0.143200996
"1384",6618,0.143162413
"94103",6619,0.143152586
"84309",6620,0.143000148
"101752400",6621,0.142980948
"118126072",6622,0.142963243
"51699",6623,0.142783501
"334",6624,0.142684215
"56851",6625,0.142669981
"466",6626,0.142571969
"1312",6627,0.142530729
"652978",6628,0.142482255
"51166",6629,0.142323237
"51646",6630,0.142318777
"57447",6631,0.142151702
"137695",6632,0.142053419
"55092",6633,0.14177965
"81846",6634,0.141647159
"7386",6635,0.141453102
"56660",6636,0.14129212
"54822",6637,0.141274389
"6745",6638,0.141113908
"5747",6639,0.141047233
"163059",6640,0.140813195
"116841",6641,0.140145525
"3142",6642,0.140021162
"116150",6643,0.139914411
"101060032",6644,0.139867743
"6302",6645,0.13985313
"5737",6646,0.139727142
"100133190",6647,0.139726708
"54033",6648,0.13960249
"55324",6649,0.139589307
"2049",6650,0.139482332
"317649",6651,0.139456678
"23385",6652,0.139431755
"439949",6653,0.139327426
"136853",6654,0.13926746
"132671",6655,0.138954385
"306",6656,0.138801808
"23016",6657,0.13879938
"400508",6658,0.13859713
"51272",6659,0.13856592
"553115",6660,0.138516195
"51473",6661,0.138497369
"5947",6662,0.138338005
"221908",6663,0.138289738
"84273",6664,0.138101281
"101926918",6665,0.137651917
"10928",6666,0.137563517
"3728",6667,0.137477757
"126374",6668,0.137450882
"117584",6669,0.137308809
"8161",6670,0.137178873
"285613",6671,0.137166479
"8499",6672,0.137104143
"283971",6673,0.137049677
"153733",6674,0.136993246
"79962",6675,0.136858009
"56261",6676,0.136856432
"10245",6677,0.136840872
"11284",6678,0.136818422
"10585",6679,0.136814829
"100422313",6680,0.13662718
"22865",6681,0.136625855
"152",6682,0.136597653
"29896",6683,0.136576824
"139221",6684,0.136500845
"4725",6685,0.136390524
"643159",6686,0.136124915
"100130015",6687,0.135872058
"5394",6688,0.135748222
"1646",6689,0.135531089
"3912",6690,0.135395936
"6668",6691,0.135281277
"55182",6692,0.135090856
"2549",6693,0.135071157
"57551",6694,0.134962903
"54332",6695,0.134769106
"90871",6696,0.134309436
"1284",6697,0.134283045
"27244",6698,0.133876721
"51310",6699,0.133818953
"8444",6700,0.133790799
"27000",6701,0.13372475
"4728",6702,0.133425622
"84458",6703,0.133320242
"154796",6704,0.133149082
"274",6705,0.133090557
"728294",6706,0.133064927
"79568",6707,0.132985937
"51002",6708,0.132943742
"10084",6709,0.132786091
"7553",6710,0.132595085
"440044",6711,0.132413598
"124401",6712,0.132304179
"643136",6713,0.132259369
"10360",6714,0.132187468
"89122",6715,0.132113357
"1743",6716,0.1320429
"57828",6717,0.131992903
"90060",6718,0.131751782
"392617",6719,0.131693682
"124739",6720,0.13144513
"728611",6721,0.131273544
"126823",6722,0.131081142
"1495",6723,0.130934356
"84620",6724,0.130878266
"85016",6725,0.130787543
"23111",6726,0.130496836
"153396",6727,0.130387529
"27043",6728,0.13032361
"51669",6729,0.130254982
"114800",6730,0.130045222
"26984",6731,0.129897852
"5538",6732,0.129870509
"10039",6733,0.12984616
"5286",6734,0.129813494
"8815",6735,0.129750557
"56658",6736,0.129617151
"201475",6737,0.129404048
"10678",6738,0.129281281
"84740",6739,0.129108677
"80346",6740,0.128956124
"84923",6741,0.128793288
"644716",6742,0.128725098
"221078",6743,0.128694948
"64216",6744,0.128599912
"57175",6745,0.128598749
"26206",6746,0.128580503
"9507",6747,0.128556359
"393",6748,0.1285459
"7832",6749,0.128458576
"56915",6750,0.128388586
"2046",6751,0.128330601
"8482",6752,0.128279506
"11189",6753,0.128237284
"8895",6754,0.128203436
"57593",6755,0.128195364
"128439",6756,0.127903121
"79718",6757,0.127789809
"2941",6758,0.127657719
"4134",6759,0.127580719
"64780",6760,0.127515408
"121457",6761,0.127496783
"79726",6762,0.127231854
"203102",6763,0.127213638
"5342",6764,0.127137811
"1106",6765,0.127042314
"51208",6766,0.126999286
"1875",6767,0.126795912
"3837",6768,0.126619472
"54853",6769,0.126473126
"344167",6770,0.126300068
"105375666",6771,0.1262553
"55052",6772,0.126108657
"1302",6773,0.126049036
"5261",6774,0.126025845
"22911",6775,0.125970106
"84892",6776,0.125956553
"1040",6777,0.125861751
"55295",6778,0.125726096
"8766",6779,0.125319197
"54891",6780,0.12518375
"106480837",6781,0.125102219
"283208",6782,0.125019935
"6731",6783,0.124819133
"56905",6784,0.124805644
"284649",6785,0.124394898
"283314",6786,0.124388478
"80742",6787,0.124080712
"167691",6788,0.124061286
"7118",6789,0.12395786
"818",6790,0.123919211
"9175",6791,0.123912037
"78994",6792,0.12361988
"284358",6793,0.123527624
"79400",6794,0.123375785
"84285",6795,0.123270237
"9325",6796,0.122989642
"1797",6797,0.122966752
"105373853",6798,0.122819617
"58506",6799,0.122772791
"114826",6800,0.122770564
"1301",6801,0.122718863
"6482",6802,0.122646894
"83592",6803,0.122584647
"221955",6804,0.122152452
"348094",6805,0.121878106
"253769",6806,0.121727013
"57407",6807,0.12161641
"283991",6808,0.12158376
"10681",6809,0.121515485
"54557",6810,0.121478578
"10899",6811,0.121397456
"3716",6812,0.12136917
"79791",6813,0.121067009
"55255",6814,0.120786767
"6195",6815,0.120691982
"100507459",6816,0.120525528
"9662",6817,0.120427636
"388962",6818,0.120405341
"5981",6819,0.12032746
"6199",6820,0.1200374
"1385",6821,0.119902937
"526",6822,0.119772871
"55737",6823,0.119619991
"83756",6824,0.119592934
"246785",6825,0.119505631
"55813",6826,0.119447898
"23239",6827,0.11913505
"1209",6828,0.119109246
"55743",6829,0.118841422
"100093631",6830,0.118741266
"23142",6831,0.118713058
"29028",6832,0.118639877
"11244",6833,0.118573585
"4089",6834,0.118323309
"100505573",6835,0.118319392
"1290",6836,0.118164703
"64420",6837,0.117970077
"54751",6838,0.117833283
"100310840",6839,0.117823888
"23471",6840,0.11774564
"11325",6841,0.117614244
"5565",6842,0.117066382
"7077",6843,0.117015207
"284618",6844,0.116500527
"84256",6845,0.116290938
"823",6846,0.116191467
"2116",6847,0.116150541
"328",6848,0.116002447
"149095",6849,0.115758812
"4242",6850,0.115677497
"1393",6851,0.115641132
"7803",6852,0.115636808
"100507526",6853,0.115305672
"29107",6854,0.115264242
"79175",6855,0.114921901
"57555",6856,0.114582528
"80139",6857,0.114398257
"100129405",6858,0.114318444
"79576",6859,0.114309729
"740",6860,0.114234452
"125988",6861,0.114047167
"518",6862,0.113987839
"221184",6863,0.113886931
"9516",6864,0.113807002
"387338",6865,0.113778982
"10401",6866,0.113620945
"10262",6867,0.113471906
"114108587",6868,0.113459361
"51292",6869,0.113425901
"4722",6870,0.113377986
"8372",6871,0.113258796
"65123",6872,0.113256152
"55234",6873,0.113210459
"5718",6874,0.113033074
"79090",6875,0.113007528
"4954",6876,0.112974787
"83606",6877,0.112889351
"54407",6878,0.112844752
"137964",6879,0.112613741
"256355",6880,0.112454698
"79648",6881,0.112452797
"117143",6882,0.112346427
"3671",6883,0.112271536
"7920",6884,0.112180325
"149345",6885,0.111677071
"196463",6886,0.111644532
"51635",6887,0.11159851
"701",6888,0.111582125
"9531",6889,0.111571513
"3508",6890,0.11141749
"127687",6891,0.111405514
"151645",6892,0.111395863
"79639",6893,0.111268433
"10336",6894,0.11094586
"100379345",6895,0.110796343
"114327",6896,0.11061082
"55773",6897,0.110401496
"57721",6898,0.11034124
"6071",6899,0.110332206
"23767",6900,0.110257117
"23324",6901,0.110133506
"219541",6902,0.11006481
"23185",6903,0.110004094
"26000",6904,0.109865686
"23126",6905,0.109819041
"9569",6906,0.109777993
"80230",6907,0.109746327
"56034",6908,0.109564651
"63915",6909,0.109519726
"116254",6910,0.109397305
"7543",6911,0.109330445
"10732",6912,0.10896499
"92856",6913,0.108924131
"10910",6914,0.108859776
"9061",6915,0.108830284
"23293",6916,0.108559567
"2665",6917,0.108384902
"55650",6918,0.108356621
"51281",6919,0.108305259
"25987",6920,0.108297306
"2184",6921,0.108150686
"55279",6922,0.107806264
"4850",6923,0.107797716
"123872",6924,0.107753702
"121536",6925,0.1077374
"268",6926,0.107689848
"54873",6927,0.107454395
"54927",6928,0.107390219
"55111",6929,0.107374
"138715",6930,0.107235802
"2121",6931,0.106989701
"6892",6932,0.10694715
"4281",6933,0.106906707
"79807",6934,0.106875441
"79915",6935,0.106694116
"27347",6936,0.106582631
"57348",6937,0.106474221
"7503",6938,0.106471158
"84932",6939,0.106454366
"100131017",6940,0.106429866
"64319",6941,0.106385636
"55151",6942,0.106374352
"139341",6943,0.10637349
"55702",6944,0.106252552
"100133669",6945,0.106088212
"23451",6946,0.105947158
"201627",6947,0.105939061
"5985",6948,0.105890891
"63908",6949,0.10579806
"79864",6950,0.105779343
"29068",6951,0.105668574
"84335",6952,0.105665501
"9863",6953,0.105663437
"63877",6954,0.105504424
"100303728",6955,0.105420943
"91050",6956,0.105381396
"5149",6957,0.105286594
"4128",6958,0.105203504
"7536",6959,0.10511804
"10523",6960,0.105051087
"3131",6961,0.104987411
"10099",6962,0.104925312
"284672",6963,0.104670546
"57184",6964,0.104546191
"284131",6965,0.104512154
"11113",6966,0.104487329
"2957",6967,0.104221397
"57140",6968,0.104164001
"80381",6969,0.104073468
"1113",6970,0.103766312
"7593",6971,0.103688656
"7251",6972,0.103631672
"23609",6973,0.103236234
"5523",6974,0.103235619
"54778",6975,0.103119704
"131616",6976,0.102894051
"79659",6977,0.102789078
"124359",6978,0.102721714
"84627",6979,0.102672526
"5203",6980,0.102636958
"3678",6981,0.102522891
"196500",6982,0.102437678
"84328",6983,0.102349328
"343099",6984,0.10229918
"1345",6985,0.10220549
"4147",6986,0.102188614
"6834",6987,0.102095068
"80723",6988,0.101988509
"102723465",6989,0.101879718
"55140",6990,0.101863365
"56288",6991,0.101733332
"10979",6992,0.101682173
"9570",6993,0.101630123
"9425",6994,0.101450108
"8802",6995,0.10071969
"54606",6996,0.10052451
"159013",6997,0.100438909
"51606",6998,0.100148412
"84787",6999,0.100120671
"9138",7000,0.099890798
"120376",7001,0.099685706
"644890",7002,0.0994595
"892",7003,0.099405162
"515",7004,0.099385187
"5582",7005,0.099338415
"1363",7006,0.099323734
"442117",7007,0.099292972
"9487",7008,0.09928571
"4116",7009,0.098885667
"157574",7010,0.098777727
"55627",7011,0.098701485
"9118",7012,0.09867354
"55228",7013,0.098602292
"5337",7014,0.098553144
"23241",7015,0.098472054
"400618",7016,0.098411387
"55224",7017,0.098320186
"55280",7018,0.097984539
"9311",7019,0.097977426
"93487",7020,0.097806518
"23299",7021,0.097750656
"114569",7022,0.097732848
"10007",7023,0.09765292
"79797",7024,0.097644959
"8646",7025,0.097588035
"6430",7026,0.097241922
"57558",7027,0.097138915
"1594",7028,0.097007563
"7095",7029,0.096994219
"26521",7030,0.096777308
"7690",7031,0.096685199
"113174",7032,0.096575384
"55859",7033,0.096462661
"598",7034,0.096287756
"118924",7035,0.096236338
"158234",7036,0.09593032
"6944",7037,0.095900683
"83596",7038,0.095609668
"9284",7039,0.095606993
"5119",7040,0.095517287
"401720",7041,0.09542742
"51111",7042,0.095332263
"10006",7043,0.095225645
"55734",7044,0.095164188
"23443",7045,0.095080438
"388272",7046,0.095055902
"8446",7047,0.09496839
"55304",7048,0.094857368
"3066",7049,0.094844253
"23559",7050,0.094638208
"7410",7051,0.094442681
"2035",7052,0.094390305
"8525",7053,0.094186133
"8428",7054,0.094137181
"6449",7055,0.093961022
"22905",7056,0.093954562
"388165",7057,0.093949349
"7541",7058,0.093873268
"2201",7059,0.093839346
"56922",7060,0.093792612
"23580",7061,0.093400587
"170541",7062,0.093338374
"162972",7063,0.093286838
"124808",7064,0.093253543
"7456",7065,0.093251141
"51531",7066,0.093232832
"54148",7067,0.093056543
"57491",7068,0.092957849
"51259",7069,0.092859032
"162239",7070,0.092752741
"8405",7071,0.092691378
"26524",7072,0.092627784
"22924",7073,0.092544904
"3321",7074,0.092504963
"29927",7075,0.09244769
"22893",7076,0.092392324
"1196",7077,0.092384585
"5641",7078,0.092244402
"10226",7079,0.092079619
"22795",7080,0.091948188
"23127",7081,0.09192555
"26036",7082,0.091843756
"23193",7083,0.091790445
"53944",7084,0.091732798
"896",7085,0.091671218
"10036",7086,0.091669119
"54328",7087,0.091638607
"4726",7088,0.091562875
"254428",7089,0.091487282
"55208",7090,0.091392728
"25813",7091,0.091369868
"1824",7092,0.091256311
"55847",7093,0.091233618
"3189",7094,0.091110797
"5955",7095,0.091025699
"23492",7096,0.090976733
"442777",7097,0.090911495
"5520",7098,0.090911237
"259308",7099,0.090711549
"23647",7100,0.090559125
"65997",7101,0.090273023
"254048",7102,0.090014797
"81490",7103,0.089967805
"728723",7104,0.089956933
"5894",7105,0.089483024
"7030",7106,0.089344495
"100132923",7107,0.089189228
"497661",7108,0.089182091
"128061",7109,0.088724411
"10892",7110,0.088638709
"10025",7111,0.088352863
"54558",7112,0.088217312
"22821",7113,0.088037758
"54921",7114,0.088009332
"26059",7115,0.08796801
"29934",7116,0.087945658
"100129196",7117,0.087907153
"23295",7118,0.087824683
"8498",7119,0.087568619
"9040",7120,0.087547845
"55276",7121,0.087473289
"8662",7122,0.08730036
"283349",7123,0.087278209
"80153",7124,0.087133471
"55967",7125,0.087099369
"137492",7126,0.087077098
"122416",7127,0.086766895
"54681",7128,0.08653917
"222865",7129,0.086337726
"9857",7130,0.086172396
"11179",7131,0.08616239
"55300",7132,0.086138225
"728621",7133,0.08603105
"83593",7134,0.085567856
"23543",7135,0.085478184
"9197",7136,0.085398971
"10949",7137,0.085374696
"51003",7138,0.085372539
"64748",7139,0.085149993
"79763",7140,0.085143107
"23417",7141,0.08512726
"100421295",7142,0.085074259
"6247",7143,0.085022942
"93349",7144,0.084957116
"10081",7145,0.084826821
"84969",7146,0.084596123
"51087",7147,0.084564286
"152519",7148,0.084541207
"112724",7149,0.084504422
"728005",7150,0.084483996
"14",7151,0.084445602
"10184",7152,0.084429089
"79104",7153,0.08431787
"2571",7154,0.084152359
"57553",7155,0.083988318
"266629",7156,0.083987371
"7805",7157,0.083790665
"26580",7158,0.083769237
"23588",7159,0.083636171
"54014",7160,0.083634674
"131873",7161,0.083359555
"11136",7162,0.082998645
"3065",7163,0.082947111
"11280",7164,0.082917718
"55922",7165,0.082883404
"64428",7166,0.082805158
"10605",7167,0.082499367
"51115",7168,0.082475655
"6274",7169,0.082405694
"84705",7170,0.082341247
"1968",7171,0.08211165
"51727",7172,0.082107571
"29763",7173,0.082052415
"112464",7174,0.082016455
"51773",7175,0.081953773
"11235",7176,0.081804782
"10159",7177,0.081792682
"51068",7178,0.081638377
"200197",7179,0.081265351
"10089",7180,0.081140138
"10557",7181,0.080769089
"11313",7182,0.080624452
"55929",7183,0.080560499
"751071",7184,0.08036724
"27074",7185,0.080255119
"29106",7186,0.0802077
"84679",7187,0.080194897
"23678",7188,0.08004336
"100131208",7189,0.08003513
"57661",7190,0.079982487
"80833",7191,0.079969243
"10085",7192,0.079958834
"10934",7193,0.079943827
"11041",7194,0.079812997
"4698",7195,0.079603054
"9997",7196,0.079254801
"2017",7197,0.079172934
"220136",7198,0.079142405
"79798",7199,0.07901998
"5264",7200,0.078883839
"221262",7201,0.078780261
"84804",7202,0.078711943
"10294",7203,0.078487899
"26519",7204,0.078438179
"9522",7205,0.078258873
"382",7206,0.078110664
"23636",7207,0.077914593
"54954",7208,0.077899006
"84446",7209,0.077746842
"25803",7210,0.077416779
"9158",7211,0.077403763
"8567",7212,0.077402767
"138151",7213,0.077338325
"3682",7214,0.07715423
"4799",7215,0.07710929
"5238",7216,0.077092505
"9988",7217,0.076837515
"28982",7218,0.076733095
"5936",7219,0.076527727
"9742",7220,0.076459896
"1741",7221,0.075956649
"22846",7222,0.075731944
"253725",7223,0.075701251
"55229",7224,0.075602184
"10575",7225,0.07550768
"9217",7226,0.075486519
"79684",7227,0.075481054
"84552",7228,0.075363408
"100132247",7229,0.075281471
"132946",7230,0.075264724
"11228",7231,0.075257248
"54819",7232,0.075141284
"51552",7233,0.075104494
"57478",7234,0.075002783
"55004",7235,0.074895736
"144423",7236,0.074871854
"128869",7237,0.074846095
"3675",7238,0.074832428
"23338",7239,0.074796214
"84283",7240,0.074673487
"23136",7241,0.07464042
"8100",7242,0.074534829
"89894",7243,0.074431673
"64858",7244,0.074259542
"65992",7245,0.073878709
"1470",7246,0.073681575
"25839",7247,0.073552011
"5554",7248,0.073450344
"9878",7249,0.073362682
"91949",7250,0.073272348
"84547",7251,0.072687629
"55347",7252,0.072447552
"114803",7253,0.072337918
"7270",7254,0.072267071
"7368",7255,0.072123338
"1352",7256,0.071903097
"23412",7257,0.071899039
"104502417",7258,0.071668425
"10413",7259,0.071512727
"7707",7260,0.071427441
"23411",7261,0.071412758
"10155",7262,0.071288812
"152518",7263,0.071285785
"51735",7264,0.071026183
"492311",7265,0.070778488
"57466",7266,0.070731636
"3188",7267,0.070616379
"2992",7268,0.070554061
"80755",7269,0.070549853
"6734",7270,0.070426805
"7818",7271,0.070223734
"4802",7272,0.070194667
"8089",7273,0.069932813
"2802",7274,0.069846826
"2762",7275,0.069808477
"7220",7276,0.069777086
"9925",7277,0.06976802
"80759",7278,0.06973735
"30968",7279,0.069525778
"54948",7280,0.069479296
"2875",7281,0.069436152
"80184",7282,0.069423779
"170559",7283,0.069344066
"51226",7284,0.069050606
"8673",7285,0.069035058
"3030",7286,0.069034266
"5463",7287,0.069020665
"1856",7288,0.068736365
"10392",7289,0.068716512
"5709",7290,0.068326151
"10067",7291,0.068293266
"64145",7292,0.068185203
"81607",7293,0.068099224
"728532",7294,0.068076847
"91694",7295,0.067958476
"6102",7296,0.067873163
"65018",7297,0.067839314
"27342",7298,0.067722704
"8660",7299,0.067693815
"5694",7300,0.067421839
"23344",7301,0.06737438
"4705",7302,0.067130993
"81552",7303,0.067085135
"871",7304,0.067065366
"93010",7305,0.066470108
"1734",7306,0.066418711
"8545",7307,0.0663431
"140838",7308,0.066328566
"27069",7309,0.06618103
"142891",7310,0.066164997
"84262",7311,0.066160619
"8447",7312,0.066133217
"26017",7313,0.066014518
"54796",7314,0.065890344
"23368",7315,0.065812027
"149428",7316,0.065662185
"4185",7317,0.065589514
"10930",7318,0.065571372
"90226",7319,0.06548712
"81608",7320,0.065471537
"100130733",7321,0.065467719
"348174",7322,0.065331383
"140775",7323,0.065298177
"7572",7324,0.065266508
"283951",7325,0.065251637
"84814",7326,0.065032259
"100133941",7327,0.064979103
"1933",7328,0.064718365
"57523",7329,0.064663978
"100128010",7330,0.064626631
"151011",7331,0.064564049
"2222",7332,0.064467863
"114815",7333,0.064444669
"10587",7334,0.064315934
"57085",7335,0.064269823
"51663",7336,0.064097124
"9044",7337,0.064043827
"79651",7338,0.063904045
"9278",7339,0.063851594
"89944",7340,0.063692824
"128854",7341,0.063643562
"29074",7342,0.063599988
"100526820",7343,0.06358361
"11021",7344,0.063156316
"94241",7345,0.06300343
"100379571",7346,0.062975669
"654254",7347,0.062795231
"55657",7348,0.06267834
"3996",7349,0.062496244
"55644",7350,0.062435752
"340544",7351,0.062349915
"7401",7352,0.062344059
"64802",7353,0.062315838
"64768",7354,0.061958296
"57703",7355,0.061893984
"813",7356,0.061590133
"25820",7357,0.061549722
"23155",7358,0.061358366
"2621",7359,0.061325126
"100129940",7360,0.061021282
"123169",7361,0.060888422
"5435",7362,0.060854619
"644063",7363,0.060716708
"7086",7364,0.060689208
"64756",7365,0.060670317
"1006",7366,0.060658117
"83940",7367,0.060443587
"6007",7368,0.060422446
"131601",7369,0.060413062
"57683",7370,0.060378607
"348793",7371,0.060149353
"7531",7372,0.060011856
"162962",7373,0.059799734
"50808",7374,0.059691132
"56953",7375,0.059633446
"5547",7376,0.059611346
"145567",7377,0.059372796
"8908",7378,0.059184185
"55214",7379,0.058889585
"1780",7380,0.058823262
"7266",7381,0.05878786
"1486",7382,0.058729657
"106481663",7383,0.058654991
"26121",7384,0.058623369
"54826",7385,0.058609709
"643965",7386,0.058562243
"9772",7387,0.058522821
"7564",7388,0.058324773
"5566",7389,0.058239735
"84967",7390,0.058090692
"25786",7391,0.058041933
"7035",7392,0.057792304
"1687",7393,0.057716891
"340591",7394,0.057691313
"26469",7395,0.057564915
"1056",7396,0.057502929
"1859",7397,0.057463629
"166336",7398,0.057300037
"6835",7399,0.057234873
"10632",7400,0.057187691
"6525",7401,0.056979802
"64208",7402,0.056916016
"55827",7403,0.056912702
"51156",7404,0.056882416
"51651",7405,0.056841451
"26354",7406,0.056814371
"9643",7407,0.056761983
"54815",7408,0.056730643
"254065",7409,0.056547781
"3159",7410,0.05649195
"8570",7411,0.056434216
"23603",7412,0.056332511
"221079",7413,0.056295731
"401588",7414,0.056144833
"93210",7415,0.056082694
"163081",7416,0.05587457
"10554",7417,0.055651432
"100420051",7418,0.055649247
"65264",7419,0.055605159
"55706",7420,0.055523212
"79188",7421,0.055469763
"55731",7422,0.0554156
"55720",7423,0.055327904
"79080",7424,0.055130895
"115207",7425,0.055079026
"5393",7426,0.055055583
"9807",7427,0.054963003
"79758",7428,0.054927031
"10507",7429,0.054733049
"10390",7430,0.054653376
"80152",7431,0.054555285
"5954",7432,0.054526104
"3972",7433,0.054410508
"63899",7434,0.054366126
"8448",7435,0.054273865
"63933",7436,0.054245311
"100874229",7437,0.054112619
"9883",7438,0.054062141
"10838",7439,0.053699983
"286183",7440,0.053694212
"57171",7441,0.053659372
"8626",7442,0.053516706
"10237",7443,0.05351598
"148203",7444,0.053492644
"113791",7445,0.053298901
"7297",7446,0.053236415
"100506462",7447,0.053215986
"9618",7448,0.053143737
"100101467",7449,0.052869309
"2037",7450,0.052633924
"2982",7451,0.052558055
"5682",7452,0.05241028
"26130",7453,0.052319983
"128346",7454,0.052228595
"3184",7455,0.052177592
"9526",7456,0.052107241
"54934",7457,0.052070216
"4236",7458,0.052045807
"79760",7459,0.051986793
"3661",7460,0.051967146
"105372419",7461,0.051887525
"10855",7462,0.051850303
"7673",7463,0.051610037
"961",7464,0.051597859
"3572",7465,0.051568093
"3185",7466,0.051385363
"4121",7467,0.051268701
"51043",7468,0.051069493
"25861",7469,0.050996277
"5116",7470,0.050966137
"23232",7471,0.050914899
"10010",7472,0.050889917
"57685",7473,0.050814704
"29995",7474,0.050464157
"90203",7475,0.050332453
"5868",7476,0.050099744
"27125",7477,0.050063538
"8638",7478,0.049928419
"3337",7479,0.049855313
"83640",7480,0.049765991
"6890",7481,0.04961869
"2948",7482,0.049589393
"64771",7483,0.049583156
"57459",7484,0.049571797
"388610",7485,0.049493163
"51341",7486,0.049478969
"54953",7487,0.049378251
"84807",7488,0.049311742
"5700",7489,0.04930627
"387032",7490,0.049180834
"57107",7491,0.049119084
"50626",7492,0.049032429
"8795",7493,0.048971943
"6721",7494,0.048827118
"342926",7495,0.048762878
"5151",7496,0.048742972
"10915",7497,0.048719334
"84993",7498,0.04839737
"283871",7499,0.048367325
"26091",7500,0.048335155
"126567",7501,0.048128266
"65990",7502,0.048022602
"5784",7503,0.047896309
"78990",7504,0.047845623
"84901",7505,0.047840973
"51650",7506,0.047830801
"23590",7507,0.04773005
"7571",7508,0.047709246
"100271031",7509,0.0476325
"29093",7510,0.047631082
"81533",7511,0.047616461
"84875",7512,0.047526394
"26135",7513,0.047354534
"1645",7514,0.047138035
"29083",7515,0.046838022
"126321",7516,0.046788683
"63898",7517,0.046697709
"9630",7518,0.046609731
"2580",7519,0.046482576
"2734",7520,0.046148408
"9397",7521,0.046139275
"9266",7522,0.046121522
"9488",7523,0.046104717
"9567",7524,0.04596147
"55171",7525,0.04594842
"54888",7526,0.045777373
"4090",7527,0.045585946
"9191",7528,0.045507928
"219537",7529,0.045280692
"5297",7530,0.045250216
"988",7531,0.045197441
"64399",7532,0.045127499
"119392",7533,0.045102583
"23774",7534,0.045021384
"23761",7535,0.04458981
"2318",7536,0.044535278
"91355",7537,0.044506768
"728066",7538,0.044334787
"6647",7539,0.04427717
"29882",7540,0.044196189
"4521",7541,0.043955226
"57599",7542,0.043804549
"153657",7543,0.043779949
"5885",7544,0.043569808
"51008",7545,0.043541065
"6604",7546,0.043481426
"25927",7547,0.043155994
"5339",7548,0.043109323
"26234",7549,0.043051378
"595135",7550,0.042782871
"7216",7551,0.042558732
"9525",7552,0.042546135
"9440",7553,0.042423702
"201255",7554,0.042390734
"23438",7555,0.042353338
"27101",7556,0.042065463
"64710",7557,0.04201259
"55449",7558,0.041998884
"51218",7559,0.041707927
"9360",7560,0.041509641
"342346",7561,0.04133257
"56654",7562,0.041317266
"54801",7563,0.041317099
"2885",7564,0.041245361
"100127983",7565,0.04120352
"55722",7566,0.041107738
"55733",7567,0.040997004
"1026",7568,0.040748357
"10692",7569,0.040524916
"2954",7570,0.040492508
"814",7571,0.040343302
"140688",7572,0.040140443
"150223",7573,0.039930445
"7874",7574,0.039856137
"339965",7575,0.039842581
"90933",7576,0.039829382
"5274",7577,0.039747787
"899",7578,0.039640242
"5627",7579,0.039487489
"442075",7580,0.039222298
"6487",7581,0.03918686
"6717",7582,0.03905918
"57338",7583,0.038996012
"152485",7584,0.038762956
"728851",7585,0.038682191
"222255",7586,0.038655799
"659",7587,0.03856766
"84818",7588,0.038501784
"64860",7589,0.038474468
"11132",7590,0.038465112
"8427",7591,0.038456244
"594",7592,0.038400503
"435",7593,0.038138448
"221662",7594,0.038083559
"847",7595,0.037975504
"10897",7596,0.037968954
"54949",7597,0.037897419
"5018",7598,0.037892397
"9739",7599,0.037531703
"389084",7600,0.037516293
"56850",7601,0.037483308
"5108",7602,0.037477116
"84955",7603,0.037464887
"54517",7604,0.03746103
"85315",7605,0.037319488
"89978",7606,0.037219667
"23080",7607,0.037145081
"100420307",7608,0.037139361
"1355",7609,0.03664299
"51371",7610,0.036565006
"26022",7611,0.036547302
"23013",7612,0.036463163
"114984",7613,0.036425022
"3069",7614,0.036318433
"8976",7615,0.03611719
"51379",7616,0.035974002
"319114",7617,0.035676236
"2766",7618,0.035659289
"8131",7619,0.035527786
"6560",7620,0.035523131
"9530",7621,0.035497347
"91433",7622,0.035436592
"65061",7623,0.03541345
"10452",7624,0.035121736
"79699",7625,0.034976569
"3178",7626,0.03492808
"101927765",7627,0.034592812
"9632",7628,0.034583476
"26119",7629,0.034567148
"8396",7630,0.034080074
"1315",7631,0.034046293
"91368",7632,0.033957771
"55421",7633,0.033927551
"79064",7634,0.033903869
"388662",7635,0.033528887
"9753",7636,0.033465313
"169436",7637,0.033456582
"79902",7638,0.033289009
"112840933",7639,0.032990936
"1801",7640,0.032890165
"254170",7641,0.032889035
"116225",7642,0.032845189
"51100",7643,0.032760231
"51561",7644,0.032751071
"8723",7645,0.032713927
"51149",7646,0.032609478
"388558",7647,0.03247353
"10536",7648,0.032376254
"192670",7649,0.032330951
"5716",7650,0.032257012
"9921",7651,0.032240126
"57496",7652,0.032111093
"7760",7653,0.031604407
"7398",7654,0.031520111
"79608",7655,0.031387902
"29906",7656,0.031178518
"7982",7657,0.031151925
"105369347",7658,0.031056243
"5280",7659,0.031049933
"7050",7660,0.031016274
"51249",7661,0.03098752
"100131211",7662,0.030889483
"101929469",7663,0.030675464
"57108",7664,0.030637628
"81857",7665,0.030582673
"63935",7666,0.030241249
"100506710",7667,0.030129843
"126364",7668,0.029864772
"493856",7669,0.029710798
"171425",7670,0.029671384
"10971",7671,0.029629212
"81832",7672,0.029616138
"84268",7673,0.029592854
"51430",7674,0.029582828
"10767",7675,0.029576288
"8697",7676,0.029526914
"9201",7677,0.029452763
"255919",7678,0.029239195
"207",7679,0.029151014
"79066",7680,0.028846432
"126295",7681,0.028781915
"1029",7682,0.028520674
"55973",7683,0.028329754
"148223",7684,0.027994155
"729535",7685,0.027955179
"65987",7686,0.027914755
"8559",7687,0.027840221
"9723",7688,0.02778917
"257397",7689,0.027757641
"54976",7690,0.027733386
"54847",7691,0.027644932
"5428",7692,0.027588114
"3550",7693,0.027259227
"101927415",7694,0.027188416
"10531",7695,0.027161733
"7324",7696,0.027061649
"6400",7697,0.026988117
"6871",7698,0.026874345
"1781",7699,0.026797115
"342892",7700,0.026729612
"55145",7701,0.026696255
"7222",7702,0.02625571
"26038",7703,0.026235597
"3613",7704,0.026191809
"441161",7705,0.026168336
"9149",7706,0.02590872
"146705",7707,0.025865696
"90416",7708,0.025803638
"9389",7709,0.025793608
"2241",7710,0.025717389
"147007",7711,0.02570986
"767846",7712,0.025578011
"5695",7713,0.025520443
"348938",7714,0.02550819
"57728",7715,0.025480889
"101927102",7716,0.025451655
"64949",7717,0.025425551
"59348",7718,0.025424999
"5092",7719,0.025277542
"23284",7720,0.025266617
"255480",7721,0.025120633
"22980",7722,0.025025948
"56099",7723,0.024916409
"55861",7724,0.024746246
"8086",7725,0.024722182
"643343",7726,0.024715954
"144699",7727,0.02464846
"22902",7728,0.024564537
"84922",7729,0.024513947
"83530",7730,0.024480877
"65980",7731,0.024453347
"6809",7732,0.024308302
"57863",7733,0.024261697
"83871",7734,0.024156813
"158801",7735,0.023943549
"9551",7736,0.023848962
"80254",7737,0.023736216
"57606",7738,0.023710127
"7461",7739,0.02343517
"79780",7740,0.02325815
"22889",7741,0.023121957
"100359396",7742,0.022940631
"54764",7743,0.022854872
"8558",7744,0.022596501
"55137",7745,0.022566025
"347454",7746,0.022259661
"51138",7747,0.022140732
"6880",7748,0.022053265
"100421796",7749,0.022002834
"83759",7750,0.021977772
"653190",7751,0.021942194
"7267",7752,0.021734833
"147727",7753,0.021364515
"440026",7754,0.021316564
"4059",7755,0.021176855
"5524",7756,0.020983385
"9416",7757,0.02079207
"84439",7758,0.020543715
"90592",7759,0.020423147
"55005",7760,0.020376792
"100529215",7761,0.020333984
"55142",7762,0.020310904
"6678",7763,0.020304289
"23387",7764,0.020230483
"57623",7765,0.020046831
"9445",7766,0.019822697
"440456",7767,0.019527525
"169834",7768,0.019429326
"339175",7769,0.019407903
"79018",7770,0.019256603
"2187",7771,0.019119753
"9577",7772,0.019105888
"79709",7773,0.019071193
"83483",7774,0.019013033
"8833",7775,0.018855594
"51477",7776,0.018836824
"22981",7777,0.018717982
"55178",7778,0.018355364
"2048",7779,0.018217141
"83394",7780,0.018212401
"100131897",7781,0.017727626
"109729180",7782,0.017526289
"29080",7783,0.017508705
"84279",7784,0.017480057
"55846",7785,0.017446027
"51074",7786,0.017356988
"653214",7787,0.017276209
"2005",7788,0.017261681
"5710",7789,0.017143479
"4585",7790,0.017051808
"653519",7791,0.016943305
"374666",7792,0.016922058
"9263",7793,0.01660468
"91179",7794,0.016413378
"7936",7795,0.0160273
"55339",7796,0.015964394
"55217",7797,0.015955446
"149840",7798,0.015941969
"79157",7799,0.015747426
"63925",7800,0.015686579
"2620",7801,0.015647544
"25805",7802,0.015287065
"54816",7803,0.01514464
"10844",7804,0.015125339
"673",7805,0.014894109
"10283",7806,0.014683825
"200030",7807,0.014625209
"57636",7808,0.014607476
"5082",7809,0.014335963
"6695",7810,0.014287226
"221927",7811,0.014266964
"5283",7812,0.014234187
"9746",7813,0.014168447
"50618",7814,0.014166023
"2891",7815,0.014150423
"4358",7816,0.01363385
"1003",7817,0.013472511
"55119",7818,0.013383359
"100128285",7819,0.01329151
"4292",7820,0.013249106
"10479",7821,0.013232683
"389633",7822,0.013119308
"56942",7823,0.013081795
"10253",7824,0.013041859
"93986",7825,0.012917664
"7745",7826,0.012793995
"196528",7827,0.012742958
"266727",7828,0.012713031
"11124",7829,0.012461218
"22894",7830,0.01243931
"9026",7831,0.012370574
"7128",7832,0.012167966
"2521",7833,0.012135043
"56951",7834,0.012105591
"8892",7835,0.012098961
"23108",7836,0.012083392
"25945",7837,0.011919323
"5498",7838,0.011814758
"10211",7839,0.011759269
"6607",7840,0.011727897
"399511",7841,0.011610122
"11143",7842,0.011609658
"5663",7843,0.011554806
"100125288",7844,0.011291356
"64895",7845,0.011284425
"5521",7846,0.011275871
"83892",7847,0.010906497
"10613",7848,0.01060008
"100506084",7849,0.010537865
"799",7850,0.010412376
"637",7851,0.010077414
"10923",7852,0.010055124
"23268",7853,0.009927855
"64221",7854,0.009803455
"891",7855,0.009547482
"57149",7856,0.009440997
"91181",7857,0.009360516
"8481",7858,0.009347836
"51230",7859,0.009157586
"1785",7860,0.008995633
"123920",7861,0.008926463
"196475",7862,0.008856136
"7879",7863,0.008801256
"79161",7864,0.008780944
"7554",7865,0.008433595
"9550",7866,0.00842387
"622",7867,0.008399835
"94030",7868,0.008352836
"27030",7869,0.008330311
"727957",7870,0.008288431
"54867",7871,0.0080957
"91687",7872,0.0080794
"54477",7873,0.007960626
"4925",7874,0.007837189
"22866",7875,0.007832153
"390627",7876,0.007771027
"10522",7877,0.007723004
"23637",7878,0.007640495
"467",7879,0.007532099
"22916",7880,0.007208328
"1948",7881,0.007199143
"136647",7882,0.007069886
"55870",7883,0.006682027
"286451",7884,0.006657446
"23592",7885,0.006379457
"9448",7886,0.006262416
"3108",7887,0.005940778
"55567",7888,0.00590639
"84281",7889,0.00586475
"57465",7890,0.005788127
"9820",7891,0.005734577
"51155",7892,0.005430854
"253635",7893,0.005416759
"55176",7894,0.005297262
"51251",7895,0.005273101
"51005",7896,0.005218066
"27",7897,0.004967584
"84107",7898,0.004895637
"84619",7899,0.004687435
"80222",7900,0.004593531
"6667",7901,0.004345158
"10561",7902,0.004291311
"23279",7903,0.004175657
"8398",7904,0.00416606
"408050",7905,0.004124389
"11173",7906,0.004103514
"9871",7907,0.003379573
"57186",7908,0.0033248
"100500802",7909,0.003275465
"4222",7910,0.003199101
"6258",7911,0.0030097
"79581",7912,0.003000341
"8608",7913,0.002962176
"58526",7914,0.002800394
"6903",7915,0.002798566
"64393",7916,0.002786852
"7474",7917,0.002504046
"639",7918,0.002427776
"54825",7919,0.002353269
"79711",7920,0.002322364
"51750",7921,0.002234079
"22827",7922,0.002131036
"10781",7923,0.002072581
"85019",7924,0.002069974
"9685",7925,0.002050077
"5537",7926,0.001940466
"80895",7927,0.001807299
"10095",7928,0.001783467
"3420",7929,0.001756483
"79595",7930,0.001681757
"127933",7931,0.001626147
"56944",7932,0.001572308
"100133005",7933,0.001395678
"100508120",7934,0.001377061
"5613",7935,0.001345392
"109286553",7936,0.001126196
"151516",7937,0.001043971
"55108",7938,0.00087622
"1540",7939,0.00086446
"100288181",7940,0.000765083
"4772",7941,0.000752235
"51117",7942,0.000638814
"163259",7943,0.000609086
"1998",7944,0.000184074
"3843",7945,0.000153409
"3459",7946,9.19e-05
"6830",7947,3.48e-05
"6502",7948,-4.73e-05
"10046",7949,-6.83e-05
"286097",7950,-0.000193179
"9172",7951,-0.000232684
"2767",7952,-0.000563462
"643401",7953,-0.000648099
"51326",7954,-0.00076668
"10293",7955,-0.000855717
"9973",7956,-0.00094995
"55179",7957,-0.001004228
"27109",7958,-0.001095048
"9843",7959,-0.001160317
"1949",7960,-0.001337961
"283948",7961,-0.001386344
"58477",7962,-0.001514365
"23432",7963,-0.001516
"8455",7964,-0.001653317
"1857",7965,-0.00180892
"374354",7966,-0.001953491
"58158",7967,-0.001967604
"51133",7968,-0.001988574
"55904",7969,-0.002087875
"4709",7970,-0.002187001
"1967",7971,-0.002188403
"407",7972,-0.00221051
"54797",7973,-0.002342441
"81562",7974,-0.002357529
"1635",7975,-0.002423426
"51449",7976,-0.002699697
"80207",7977,-0.002729284
"79827",7978,-0.002739186
"92960",7979,-0.002796838
"2157",7980,-0.002945989
"2661",7981,-0.00294838
"2051",7982,-0.003320552
"51167",7983,-0.003346971
"9122",7984,-0.003403612
"27153",7985,-0.003600262
"6811",7986,-0.003618031
"399818",7987,-0.003960892
"116159",7988,-0.004056454
"57168",7989,-0.004125815
"90865",7990,-0.004185392
"55559",7991,-0.00421578
"4149",7992,-0.00424309
"81624",7993,-0.004261922
"7403",7994,-0.004298511
"7171",7995,-0.004350334
"4170",7996,-0.004393122
"130535",7997,-0.004488876
"51522",7998,-0.004497815
"6664",7999,-0.004514386
"8729",8000,-0.004620892
"81488",8001,-0.00479825
"84313",8002,-0.004819064
"30837",8003,-0.004821523
"51304",8004,-0.00482339
"169611",8005,-0.004960168
"148362",8006,-0.005051483
"197187",8007,-0.005167977
"5128",8008,-0.005221599
"5256",8009,-0.005337168
"84231",8010,-0.005344652
"5912",8011,-0.005399082
"106614088",8012,-0.005413601
"81542",8013,-0.005502469
"27429",8014,-0.005564433
"8139",8015,-0.005715694
"81786",8016,-0.005756254
"10003",8017,-0.005771337
"152137",8018,-0.005971575
"10328",8019,-0.006034377
"10914",8020,-0.00610644
"100381270",8021,-0.006398272
"84280",8022,-0.006501103
"998",8023,-0.006598394
"4782",8024,-0.006699593
"10199",8025,-0.006762768
"11282",8026,-0.006937363
"256302",8027,-0.006979763
"5902",8028,-0.006992443
"3654",8029,-0.007080353
"10440",8030,-0.007094952
"55769",8031,-0.007097515
"1999",8032,-0.007247786
"79944",8033,-0.007250061
"4218",8034,-0.007314549
"23398",8035,-0.007320979
"10625",8036,-0.007636848
"100191040",8037,-0.007706783
"64225",8038,-0.0078001
"60488",8039,-0.007853918
"9898",8040,-0.00802245
"9383",8041,-0.008098565
"63943",8042,-0.008299643
"22995",8043,-0.008322147
"6497",8044,-0.008453705
"2979",8045,-0.008612221
"6300",8046,-0.008631532
"7846",8047,-0.008736705
"7283",8048,-0.00878608
"29082",8049,-0.008792203
"2120",8050,-0.008823358
"374395",8051,-0.009305879
"3068",8052,-0.009404067
"25948",8053,-0.009447399
"54849",8054,-0.009600794
"55863",8055,-0.009966242
"146057",8056,-0.010265245
"4968",8057,-0.010355313
"5290",8058,-0.010406214
"51429",8059,-0.010483242
"10011",8060,-0.010622269
"126282",8061,-0.010701448
"11212",8062,-0.010844157
"6051",8063,-0.010863958
"11269",8064,-0.010892504
"3298",8065,-0.010920902
"51248",8066,-0.01092301
"51322",8067,-0.010944874
"57630",8068,-0.010947312
"6500",8069,-0.011470846
"5701",8070,-0.011639042
"8794",8071,-0.011793032
"3607",8072,-0.011795863
"57053",8073,-0.011827221
"378",8074,-0.011909289
"100507117",8075,-0.011996313
"27122",8076,-0.011998363
"54901",8077,-0.012267596
"51092",8078,-0.012327333
"79848",8079,-0.01245699
"84318",8080,-0.012458688
"643246",8081,-0.01255103
"55764",8082,-0.012674615
"23189",8083,-0.012676662
"55148",8084,-0.012731382
"83737",8085,-0.012782864
"8773",8086,-0.012897549
"11167",8087,-0.01319751
"55068",8088,-0.013206766
"65117",8089,-0.013234324
"100505385",8090,-0.013265732
"11168",8091,-0.013346061
"388849",8092,-0.014107597
"10993",8093,-0.014119842
"541471",8094,-0.014322676
"10924",8095,-0.014521782
"11257",8096,-0.014543499
"3707",8097,-0.014864855
"23144",8098,-0.014988865
"5756",8099,-0.015108995
"25942",8100,-0.015164826
"89796",8101,-0.015204349
"2277",8102,-0.015231623
"440423",8103,-0.015264644
"23172",8104,-0.015352332
"84961",8105,-0.01537586
"25865",8106,-0.015391167
"64132",8107,-0.015395346
"404093",8108,-0.015434469
"63826",8109,-0.015733047
"3074",8110,-0.015814131
"10454",8111,-0.01586034
"29894",8112,-0.015874775
"10893",8113,-0.01596678
"23096",8114,-0.016031217
"81609",8115,-0.016031932
"116843",8116,-0.016035455
"7117",8117,-0.016067591
"79577",8118,-0.016175559
"93380",8119,-0.016272293
"53838",8120,-0.016589491
"55218",8121,-0.016656634
"80162",8122,-0.016813967
"199731",8123,-0.016896967
"100129361",8124,-0.017202595
"100506844",8125,-0.017218177
"1964",8126,-0.017347361
"4323",8127,-0.017656146
"9771",8128,-0.017762224
"158399",8129,-0.017948821
"80219",8130,-0.018071548
"19",8131,-0.018428442
"100288332",8132,-0.018742367
"100421577",8133,-0.019134162
"79132",8134,-0.019261635
"6882",8135,-0.019291665
"101929407",8136,-0.019347392
"401303",8137,-0.019369241
"267",8138,-0.019374266
"6935",8139,-0.01938214
"387509",8140,-0.019549668
"10491",8141,-0.019627544
"7569",8142,-0.01964079
"5926",8143,-0.019653024
"80161",8144,-0.019789158
"152002",8145,-0.019799616
"285761",8146,-0.019993941
"642934",8147,-0.020152969
"6777",8148,-0.020156007
"90007",8149,-0.020352193
"79364",8150,-0.020489947
"221481",8151,-0.020497431
"3875",8152,-0.020728464
"3276",8153,-0.020745088
"3700",8154,-0.020806459
"89848",8155,-0.020835188
"79622",8156,-0.021045566
"56954",8157,-0.02111325
"25950",8158,-0.021249415
"139886",8159,-0.021321495
"400960",8160,-0.021343485
"90627",8161,-0.021423473
"81929",8162,-0.021483199
"23020",8163,-0.021492004
"113130",8164,-0.021597859
"80862",8165,-0.021628593
"89782",8166,-0.021747477
"284900",8167,-0.021989999
"60412",8168,-0.02215241
"9261",8169,-0.022300207
"51601",8170,-0.022450991
"5190",8171,-0.022517159
"100131755",8172,-0.02255783
"340542",8173,-0.022603745
"10749",8174,-0.022707591
"7468",8175,-0.022760562
"79768",8176,-0.02277984
"7284",8177,-0.022834007
"1015",8178,-0.022945026
"5920",8179,-0.02299889
"9375",8180,-0.023297706
"79658",8181,-0.023343454
"51426",8182,-0.023425797
"112885",8183,-0.023650319
"143384",8184,-0.023702057
"8492",8185,-0.024023526
"728963",8186,-0.024097379
"221785",8187,-0.024407149
"26271",8188,-0.024523133
"94005",8189,-0.024531613
"10621",8190,-0.024885619
"5606",8191,-0.024892921
"8324",8192,-0.024908499
"54942",8193,-0.024992515
"90586",8194,-0.025056446
"320",8195,-0.025131499
"140461",8196,-0.025428092
"6782",8197,-0.025554792
"56948",8198,-0.025568195
"345757",8199,-0.025606993
"55353",8200,-0.025625266
"641977",8201,-0.025645046
"259294",8202,-0.025695903
"9715",8203,-0.025741285
"2779",8204,-0.025795159
"57658",8205,-0.025902649
"9179",8206,-0.025925567
"51726",8207,-0.026002912
"128434",8208,-0.026189629
"2817",8209,-0.026382525
"7391",8210,-0.026527881
"11059",8211,-0.026827865
"55041",8212,-0.026864456
"27077",8213,-0.026877502
"7786",8214,-0.027008774
"375260",8215,-0.027057703
"23446",8216,-0.027132508
"100505494",8217,-0.027169065
"92597",8218,-0.027447639
"56957",8219,-0.027700832
"9733",8220,-0.027753101
"8805",8221,-0.027842303
"151649",8222,-0.027894505
"103752585",8223,-0.027902292
"2547",8224,-0.028078049
"5928",8225,-0.028109916
"3083",8226,-0.028170767
"55284",8227,-0.028200293
"6996",8228,-0.028436918
"388796",8229,-0.028546793
"7532",8230,-0.028599616
"164633",8231,-0.028695174
"553103",8232,-0.028707954
"6875",8233,-0.028723763
"55832",8234,-0.028724256
"55051",8235,-0.028812292
"54957",8236,-0.028857499
"1317",8237,-0.029200469
"22828",8238,-0.029364281
"80014",8239,-0.029531303
"493861",8240,-0.029580541
"100507419",8241,-0.029646845
"5594",8242,-0.029733373
"120103",8243,-0.029776414
"55810",8244,-0.029816028
"100419903",8245,-0.02997872
"23373",8246,-0.030308536
"27257",8247,-0.03048984
"64359",8248,-0.030516529
"56971",8249,-0.030648835
"10916",8250,-0.030694048
"801",8251,-0.030728217
"29761",8252,-0.030945565
"8899",8253,-0.030946925
"29979",8254,-0.030956085
"27154",8255,-0.03097365
"101929423",8256,-0.031150427
"343171",8257,-0.031301759
"4603",8258,-0.031479139
"59342",8259,-0.031509063
"8412",8260,-0.031527249
"143244",8261,-0.031567525
"101927275",8262,-0.031753092
"79917",8263,-0.031803805
"729967",8264,-0.031960985
"143686",8265,-0.032118023
"10296",8266,-0.032128588
"5962",8267,-0.032208722
"157769",8268,-0.032504152
"54331",8269,-0.032592506
"2553",8270,-0.032725558
"3212",8271,-0.032726353
"4793",8272,-0.032776963
"10330",8273,-0.032806021
"1389",8274,-0.032985203
"2524",8275,-0.032999543
"79609",8276,-0.033227856
"56097",8277,-0.033261766
"106479618",8278,-0.033263128
"9939",8279,-0.033299741
"5883",8280,-0.033342996
"83452",8281,-0.033349899
"84418",8282,-0.033350063
"200539",8283,-0.03342278
"28999",8284,-0.033455903
"26003",8285,-0.033517736
"81853",8286,-0.033632308
"29990",8287,-0.033655608
"54662",8288,-0.033674457
"5871",8289,-0.033805223
"6029",8290,-0.033817983
"94056",8291,-0.03381891
"9513",8292,-0.034177089
"100507316",8293,-0.034266277
"653121",8294,-0.034591099
"25963",8295,-0.034659341
"79701",8296,-0.034964293
"2893",8297,-0.035067756
"51534",8298,-0.035100019
"11078",8299,-0.035108273
"54475",8300,-0.035422906
"648",8301,-0.035567327
"6426",8302,-0.035811592
"9881",8303,-0.035815837
"7286",8304,-0.035976669
"201292",8305,-0.036221228
"23164",8306,-0.036251117
"2870",8307,-0.036373898
"7301",8308,-0.036413192
"64224",8309,-0.03643507
"79841",8310,-0.036469836
"54989",8311,-0.036534178
"100873316",8312,-0.036763744
"28511",8313,-0.037380451
"1398",8314,-0.037754074
"54881",8315,-0.037836028
"10627",8316,-0.038035924
"100507463",8317,-0.038134238
"5865",8318,-0.038187247
"23548",8319,-0.03820303
"5062",8320,-0.038446828
"135114",8321,-0.038460144
"642636",8322,-0.038463681
"65982",8323,-0.038510953
"728917",8324,-0.038533359
"23673",8325,-0.038781668
"254122",8326,-0.038871422
"57592",8327,-0.039038515
"8674",8328,-0.039256102
"80185",8329,-0.039691211
"9946",8330,-0.039731591
"60484",8331,-0.039774736
"5930",8332,-0.039776185
"64864",8333,-0.039838722
"3157",8334,-0.039840926
"94107",8335,-0.039910138
"79642",8336,-0.039941158
"26284",8337,-0.03998972
"90580",8338,-0.040013055
"50807",8339,-0.040114623
"261726",8340,-0.040146616
"29088",8341,-0.040151467
"50485",8342,-0.040397285
"10478",8343,-0.040422076
"101927891",8344,-0.040427038
"92609",8345,-0.040487121
"9727",8346,-0.0404909
"317749",8347,-0.040650022
"51010",8348,-0.040763816
"728730",8349,-0.040979844
"2335",8350,-0.041182372
"9696",8351,-0.041235889
"663",8352,-0.041254019
"10116",8353,-0.041342561
"115294",8354,-0.041354077
"8292",8355,-0.041386318
"387680",8356,-0.041480514
"55096",8357,-0.04149997
"5531",8358,-0.041660639
"64083",8359,-0.041667464
"9896",8360,-0.041777284
"81577",8361,-0.04201626
"55500",8362,-0.04205495
"2634",8363,-0.042058944
"83440",8364,-0.042105493
"119548",8365,-0.042177833
"4179",8366,-0.042188541
"113835",8367,-0.042679731
"64089",8368,-0.04272124
"7022",8369,-0.042867928
"374900",8370,-0.042917715
"108",8371,-0.043099498
"101929693",8372,-0.043340506
"727758",8373,-0.043569418
"84908",8374,-0.043584119
"390213",8375,-0.043834152
"56647",8376,-0.044032674
"4479",8377,-0.044135942
"55471",8378,-0.044166966
"114798",8379,-0.044276359
"116068",8380,-0.04442119
"29956",8381,-0.04443786
"728411",8382,-0.044567478
"219738",8383,-0.044572495
"1876",8384,-0.044579996
"57692",8385,-0.044599498
"6311",8386,-0.044723064
"11100",8387,-0.044737709
"200424",8388,-0.044813252
"84239",8389,-0.044900956
"152100",8390,-0.045042306
"60401",8391,-0.045105479
"94009",8392,-0.045259795
"3049",8393,-0.045334004
"129080",8394,-0.04549145
"2824",8395,-0.045568665
"1577",8396,-0.0456127
"80764",8397,-0.045614255
"253832",8398,-0.045718844
"728121",8399,-0.045799777
"23378",8400,-0.045928346
"55814",8401,-0.04594773
"547",8402,-0.045989326
"64112",8403,-0.046023246
"84376",8404,-0.046162312
"23065",8405,-0.046188716
"81603",8406,-0.046313058
"55653",8407,-0.046417345
"23765",8408,-0.046686319
"79671",8409,-0.046730101
"51170",8410,-0.047183074
"100887750",8411,-0.047333004
"78999",8412,-0.047534289
"27173",8413,-0.047546763
"100421311",8414,-0.047639907
"26504",8415,-0.047647216
"51747",8416,-0.047686377
"5711",8417,-0.047725896
"4176",8418,-0.047727756
"8890",8419,-0.047751609
"91947",8420,-0.047956516
"100873741",8421,-0.048205803
"51397",8422,-0.048507315
"55777",8423,-0.048541002
"259266",8424,-0.048543505
"10498",8425,-0.048566106
"6489",8426,-0.048861347
"23090",8427,-0.048912247
"1821",8428,-0.049037774
"8562",8429,-0.049052213
"10489",8430,-0.049108731
"81619",8431,-0.049351488
"51059",8432,-0.049385509
"27327",8433,-0.049539054
"80005",8434,-0.050276185
"101928378",8435,-0.05032315
"56907",8436,-0.050325867
"7337",8437,-0.050448586
"84661",8438,-0.050469912
"81034",8439,-0.050490491
"5122",8440,-0.050549012
"10618",8441,-0.051075798
"51501",8442,-0.0512773
"23302",8443,-0.051348136
"51023",8444,-0.051607312
"11169",8445,-0.051694525
"729176",8446,-0.051743081
"26100",8447,-0.051747571
"124583",8448,-0.051863737
"81566",8449,-0.051977182
"23291",8450,-0.052290503
"56834",8451,-0.052353093
"6339",8452,-0.052435115
"5516",8453,-0.052600891
"51191",8454,-0.052606881
"720",8455,-0.052669103
"100271564",8456,-0.052733687
"55855",8457,-0.052762437
"11196",8458,-0.052772813
"6885",8459,-0.052856435
"101927117",8460,-0.052932988
"9519",8461,-0.052970521
"148713",8462,-0.052983769
"282997",8463,-0.053058493
"644903",8464,-0.053178634
"1107",8465,-0.053313315
"5581",8466,-0.053513406
"5599",8467,-0.053515124
"6727",8468,-0.053606186
"64282",8469,-0.053686334
"440515",8470,-0.053708859
"26999",8471,-0.053779905
"157567",8472,-0.053806424
"84193",8473,-0.053823891
"7705",8474,-0.053968342
"25913",8475,-0.054142043
"79004",8476,-0.054348867
"55671",8477,-0.054646606
"246330",8478,-0.054693537
"55787",8479,-0.055020068
"51629",8480,-0.055060313
"554049",8481,-0.055084889
"8797",8482,-0.055133747
"64425",8483,-0.055301168
"111216283",8484,-0.055342694
"2150",8485,-0.055401598
"2558",8486,-0.055715407
"6520",8487,-0.055893086
"25914",8488,-0.055941686
"5335",8489,-0.056212734
"10873",8490,-0.05648948
"10483",8491,-0.05670849
"386617",8492,-0.0567357
"113179",8493,-0.056750045
"6638",8494,-0.056779797
"102",8495,-0.056895127
"92799",8496,-0.056942094
"4173",8497,-0.056985921
"9879",8498,-0.057049557
"283578",8499,-0.057094461
"9953",8500,-0.057152583
"7223",8501,-0.057203728
"3097",8502,-0.057359057
"9980",8503,-0.057481822
"5916",8504,-0.057585079
"8826",8505,-0.057769627
"347716",8506,-0.05778164
"7358",8507,-0.058266738
"6472",8508,-0.058343206
"22820",8509,-0.058398319
"286544",8510,-0.058523481
"192669",8511,-0.058577714
"904",8512,-0.058783862
"7389",8513,-0.058906532
"56928",8514,-0.058981899
"90987",8515,-0.059226007
"9768",8516,-0.059248348
"2901",8517,-0.059249453
"2519",8518,-0.059260209
"84809",8519,-0.059315816
"113622",8520,-0.059331665
"22872",8521,-0.059346097
"56061",8522,-0.05960714
"11193",8523,-0.059612924
"653236",8524,-0.059753568
"91445",8525,-0.059958789
"80777",8526,-0.059984167
"203054",8527,-0.060023137
"100506343",8528,-0.060104542
"51513",8529,-0.060157189
"4947",8530,-0.060249106
"6474",8531,-0.060286918
"23196",8532,-0.060379132
"376940",8533,-0.060701832
"58517",8534,-0.060723122
"284611",8535,-0.060843641
"9991",8536,-0.060986238
"54433",8537,-0.061234219
"55661",8538,-0.061338078
"22982",8539,-0.061499349
"55114",8540,-0.061527545
"3957",8541,-0.061644883
"10533",8542,-0.061735683
"118856",8543,-0.061777381
"57460",8544,-0.061842565
"59349",8545,-0.061957473
"127700",8546,-0.061974925
"51719",8547,-0.062038975
"2562",8548,-0.062208208
"3797",8549,-0.062359951
"729991",8550,-0.062547437
"441208",8551,-0.062559456
"388284",8552,-0.062812744
"29993",8553,-0.062885308
"253980",8554,-0.063035156
"23143",8555,-0.063062431
"55975",8556,-0.063158609
"29967",8557,-0.06319288
"57109",8558,-0.063256951
"9444",8559,-0.063350537
"10525",8560,-0.063682134
"4016",8561,-0.064015714
"6733",8562,-0.064181796
"55167",8563,-0.064370019
"55082",8564,-0.064469677
"1487",8565,-0.064544719
"2686",8566,-0.064786166
"80204",8567,-0.064865506
"10090",8568,-0.064969744
"160851",8569,-0.065047245
"57101",8570,-0.065113072
"55754",8571,-0.065251482
"5819",8572,-0.065274523
"10277",8573,-0.065322123
"57414",8574,-0.065665613
"100507392",8575,-0.065741141
"51232",8576,-0.065909013
"55664",8577,-0.065917427
"51164",8578,-0.066138003
"728115",8579,-0.066203683
"115825",8580,-0.066250815
"148254",8581,-0.066306013
"550631",8582,-0.066376536
"1282",8583,-0.066550394
"29079",8584,-0.066792
"103091864",8585,-0.066846607
"23321",8586,-0.066868277
"57569",8587,-0.066969591
"4316",8588,-0.067069831
"24",8589,-0.067097894
"90639",8590,-0.067216404
"7841",8591,-0.067429521
"26233",8592,-0.067445756
"865",8593,-0.067461884
"80311",8594,-0.067653141
"11180",8595,-0.0676671
"2004",8596,-0.067782274
"5649",8597,-0.067857177
"6714",8598,-0.067976957
"23116",8599,-0.067994648
"9156",8600,-0.068403362
"114814",8601,-0.068433261
"144448",8602,-0.068559178
"647219",8603,-0.068636385
"64689",8604,-0.068672902
"7411",8605,-0.068829767
"10723",8606,-0.069010798
"5810",8607,-0.069054734
"9908",8608,-0.069194129
"64320",8609,-0.069376664
"441250",8610,-0.069452923
"161",8611,-0.0694644
"5910",8612,-0.069572399
"149013",8613,-0.069697439
"10073",8614,-0.06974261
"1429",8615,-0.069756806
"8775",8616,-0.069876957
"905",8617,-0.069915302
"1874",8618,-0.069919773
"9652",8619,-0.069958919
"1039",8620,-0.069975062
"8751",8621,-0.07003687
"79017",8622,-0.07012459
"51409",8623,-0.070210043
"5528",8624,-0.070332684
"129685",8625,-0.070342838
"9456",8626,-0.070413574
"10484",8627,-0.070421945
"83604",8628,-0.070476432
"54753",8629,-0.070512908
"10456",8630,-0.070627667
"54863",8631,-0.071069158
"6542",8632,-0.071135594
"64149",8633,-0.071150822
"8527",8634,-0.071302199
"647009",8635,-0.072142155
"7763",8636,-0.072174623
"11140",8637,-0.07221244
"11138",8638,-0.072319201
"84167",8639,-0.072438067
"8535",8640,-0.072727002
"57591",8641,-0.072774723
"200942",8642,-0.072790816
"23225",8643,-0.072836257
"64429",8644,-0.072849508
"153527",8645,-0.073471675
"103157000",8646,-0.073514712
"6883",8647,-0.073517971
"285154",8648,-0.073589344
"100288690",8649,-0.073711955
"7479",8650,-0.073732109
"2958",8651,-0.07387624
"79149",8652,-0.074390667
"59277",8653,-0.074410068
"133686",8654,-0.074574792
"285",8655,-0.074586741
"388567",8656,-0.074642348
"51101",8657,-0.074689966
"10856",8658,-0.074808054
"84752",8659,-0.075229625
"9737",8660,-0.075265072
"6815",8661,-0.075288452
"154007",8662,-0.075388015
"10482",8663,-0.075655182
"360023",8664,-0.075730465
"10168",8665,-0.07585715
"26035",8666,-0.075862336
"5638",8667,-0.075867811
"8526",8668,-0.076060545
"51567",8669,-0.076077183
"401265",8670,-0.076156602
"5587",8671,-0.076182887
"3688",8672,-0.076269926
"8220",8673,-0.076292604
"55698",8674,-0.076592076
"343035",8675,-0.076640291
"25847",8676,-0.07668938
"79102",8677,-0.076753086
"6877",8678,-0.077097713
"80055",8679,-0.077098141
"29953",8680,-0.077149655
"172",8681,-0.077174135
"734",8682,-0.07724384
"148932",8683,-0.077426803
"339977",8684,-0.077455757
"728741",8685,-0.077464396
"51020",8686,-0.077468261
"114784",8687,-0.077607232
"23173",8688,-0.077647762
"400765",8689,-0.077701883
"5289",8690,-0.077886892
"653381",8691,-0.078071304
"221035",8692,-0.078123695
"8743",8693,-0.078246579
"57649",8694,-0.078289669
"84449",8695,-0.078370953
"538",8696,-0.078441475
"5423",8697,-0.078460786
"100861515",8698,-0.07853785
"83758",8699,-0.078551693
"145389",8700,-0.078728833
"643853",8701,-0.078810397
"154664",8702,-0.078892352
"55054",8703,-0.079324085
"84248",8704,-0.079373335
"101929224",8705,-0.079489292
"395",8706,-0.079727575
"5356",8707,-0.079798996
"5698",8708,-0.079872163
"8436",8709,-0.079900552
"745",8710,-0.08019749
"84466",8711,-0.080249914
"8893",8712,-0.080289768
"56271",8713,-0.080354397
"1119",8714,-0.080388686
"984",8715,-0.080455202
"1054",8716,-0.08060542
"4045",8717,-0.080629553
"653440",8718,-0.080636101
"8533",8719,-0.080710717
"151176",8720,-0.080875192
"57696",8721,-0.080955102
"7186",8722,-0.080960721
"170959",8723,-0.081229159
"100775107",8724,-0.081382199
"27286",8725,-0.081525321
"11176",8726,-0.081621263
"28985",8727,-0.081687121
"11321",8728,-0.08169974
"57708",8729,-0.081812726
"6383",8730,-0.082050949
"8036",8731,-0.082053325
"55117",8732,-0.082220327
"163049",8733,-0.082365467
"10935",8734,-0.082367955
"23023",8735,-0.082527823
"284802",8736,-0.082641753
"51667",8737,-0.082714271
"115106",8738,-0.082916457
"57104",8739,-0.08366909
"106481753",8740,-0.08373147
"8939",8741,-0.083844547
"9604",8742,-0.083866017
"100129858",8743,-0.083896888
"79903",8744,-0.08394292
"10644",8745,-0.083956374
"196883",8746,-0.08396043
"976",8747,-0.084148304
"51126",8748,-0.084241977
"5073",8749,-0.084242676
"644820",8750,-0.084252357
"1796",8751,-0.084276086
"81579",8752,-0.084346957
"284106",8753,-0.084392049
"340526",8754,-0.084513026
"5028",8755,-0.084657836
"93343",8756,-0.08473564
"9813",8757,-0.084847173
"284252",8758,-0.084889232
"9711",8759,-0.085212377
"57532",8760,-0.085338906
"586",8761,-0.085453881
"3560",8762,-0.085581561
"339500",8763,-0.085909488
"1431",8764,-0.08596618
"146923",8765,-0.085966422
"5436",8766,-0.086224287
"9260",8767,-0.086246183
"353355",8768,-0.086393379
"3215",8769,-0.086458517
"57343",8770,-0.086555745
"63874",8771,-0.086779182
"79745",8772,-0.086913437
"57727",8773,-0.086928876
"51029",8774,-0.086973919
"1453",8775,-0.086991857
"29945",8776,-0.087204802
"167153",8777,-0.087235142
"10124",8778,-0.087268051
"100506314",8779,-0.087530059
"81890",8780,-0.087686093
"1767",8781,-0.087733808
"57511",8782,-0.088271239
"4901",8783,-0.088559779
"55625",8784,-0.08860367
"23531",8785,-0.088612772
"400617",8786,-0.088662465
"80321",8787,-0.088737036
"55713",8788,-0.088938789
"114827",8789,-0.088944756
"23381",8790,-0.089025632
"51465",8791,-0.089053395
"8269",8792,-0.089105396
"51319",8793,-0.089144176
"55435",8794,-0.089270981
"56940",8795,-0.089507443
"283638",8796,-0.089534277
"138649",8797,-0.089962546
"9114",8798,-0.090033602
"8507",8799,-0.090064281
"10766",8800,-0.090179514
"8842",8801,-0.090265823
"8880",8802,-0.090384123
"79887",8803,-0.090453869
"8495",8804,-0.090461043
"23582",8805,-0.090494469
"401397",8806,-0.090545847
"8786",8807,-0.090547078
"56980",8808,-0.090938351
"51659",8809,-0.091010429
"4237",8810,-0.091029355
"7525",8811,-0.091194012
"643911",8812,-0.091310139
"9862",8813,-0.091552994
"9096",8814,-0.092175169
"9906",8815,-0.092182716
"57666",8816,-0.092267229
"8153",8817,-0.092267444
"24144",8818,-0.092284332
"80143",8819,-0.092361192
"10419",8820,-0.092383222
"56339",8821,-0.093000818
"6845",8822,-0.093037655
"3628",8823,-0.093335605
"84926",8824,-0.093418455
"84910",8825,-0.093502637
"143371",8826,-0.093607747
"83444",8827,-0.093647123
"7518",8828,-0.093728629
"84861",8829,-0.093732916
"54968",8830,-0.093972423
"84940",8831,-0.094063012
"283659",8832,-0.094119052
"10254",8833,-0.094156535
"147650",8834,-0.094267773
"6253",8835,-0.094323624
"9267",8836,-0.094375794
"60492",8837,-0.094516087
"55732",8838,-0.094614887
"8140",8839,-0.094874704
"63977",8840,-0.095066068
"6789",8841,-0.09527213
"286077",8842,-0.095310609
"170958",8843,-0.095320165
"100129029",8844,-0.095397684
"27300",8845,-0.095553554
"7567",8846,-0.095604795
"79932",8847,-0.095708862
"9695",8848,-0.095732797
"51439",8849,-0.095934383
"55226",8850,-0.096001287
"22993",8851,-0.096036591
"5279",8852,-0.096101528
"1545",8853,-0.096128894
"10614",8854,-0.096137185
"4659",8855,-0.09623617
"1965",8856,-0.096264758
"23371",8857,-0.096264781
"10671",8858,-0.096267906
"54939",8859,-0.096350234
"4005",8860,-0.096402249
"26039",8861,-0.096427251
"1300",8862,-0.096623783
"7728",8863,-0.096667451
"140862",8864,-0.096668638
"27232",8865,-0.096694042
"387893",8866,-0.096700938
"6934",8867,-0.096780116
"9785",8868,-0.09678235
"80344",8869,-0.09682011
"90268",8870,-0.096893512
"79623",8871,-0.096905632
"729852",8872,-0.097036784
"84034",8873,-0.097142719
"23677",8874,-0.097388739
"8479",8875,-0.09746469
"23683",8876,-0.097690775
"23760",8877,-0.097745554
"118426",8878,-0.097805609
"51130",8879,-0.097834289
"26589",8880,-0.097975868
"78986",8881,-0.098005993
"92002",8882,-0.098035338
"54700",8883,-0.098128823
"114883",8884,-0.098252662
"55227",8885,-0.098332931
"83450",8886,-0.098431619
"23369",8887,-0.098517081
"101669766",8888,-0.098562336
"79048",8889,-0.099140517
"80195",8890,-0.099198822
"6182",8891,-0.09924037
"60592",8892,-0.099261376
"7105",8893,-0.099280578
"9884",8894,-0.099533089
"5194",8895,-0.099705024
"10152",8896,-0.099848073
"154807",8897,-0.100056282
"7038",8898,-0.100074801
"146540",8899,-0.100208999
"5074",8900,-0.100240543
"100422712",8901,-0.1002437
"57099",8902,-0.100379823
"161753",8903,-0.100564593
"51182",8904,-0.100569112
"4602",8905,-0.100570446
"8799",8906,-0.100695115
"10158",8907,-0.100740703
"29066",8908,-0.100910181
"55858",8909,-0.100973592
"8496",8910,-0.101270176
"642592",8911,-0.101424121
"51067",8912,-0.101439272
"3899",8913,-0.102023719
"9404",8914,-0.102197193
"440525",8915,-0.102208342
"80757",8916,-0.102266495
"2027",8917,-0.102314338
"10989",8918,-0.102700861
"728568",8919,-0.102902057
"23414",8920,-0.102940078
"8675",8921,-0.103013843
"5869",8922,-0.103024221
"51742",8923,-0.10308688
"192146",8924,-0.103121899
"27127",8925,-0.103216368
"728661",8926,-0.1034081
"55719",8927,-0.103522562
"374569",8928,-0.10358788
"9748",8929,-0.10364129
"6434",8930,-0.103882779
"4712",8931,-0.104094798
"4707",8932,-0.104185986
"339230",8933,-0.10419871
"56006",8934,-0.104281507
"6123",8935,-0.104324321
"284459",8936,-0.104330894
"197370",8937,-0.104361096
"4215",8938,-0.104407402
"83591",8939,-0.104433715
"8544",8940,-0.104444579
"10564",8941,-0.104525622
"56605",8942,-0.104567455
"9706",8943,-0.104675727
"9679",8944,-0.104691713
"30000",8945,-0.104704124
"2483",8946,-0.104932554
"4487",8947,-0.104959297
"79190",8948,-0.104975557
"55328",8949,-0.105010646
"3692",8950,-0.105010994
"79783",8951,-0.105123957
"51246",8952,-0.105136267
"5831",8953,-0.105379571
"10520",8954,-0.105452048
"84300",8955,-0.10553667
"56255",8956,-0.105599389
"27068",8957,-0.105736232
"84284",8958,-0.105861201
"51776",8959,-0.105899338
"3656",8960,-0.105968598
"339761",8961,-0.105978214
"23093",8962,-0.106146974
"7770",8963,-0.1062599
"124152",8964,-0.106303998
"54858",8965,-0.106768776
"5546",8966,-0.107216605
"5683",8967,-0.107222442
"55746",8968,-0.107224683
"55109",8969,-0.107291534
"80135",8970,-0.107515779
"8452",8971,-0.107529491
"23117",8972,-0.107660753
"64778",8973,-0.107768584
"5743",8974,-0.108010184
"55063",8975,-0.108258635
"126549",8976,-0.108281356
"10953",8977,-0.10828221
"6446",8978,-0.108353055
"100130561",8979,-0.108725392
"9745",8980,-0.109011583
"201931",8981,-0.10901837
"145748",8982,-0.109038338
"23049",8983,-0.109174372
"84233",8984,-0.109213173
"26155",8985,-0.10924152
"28981",8986,-0.10949655
"53343",8987,-0.109718844
"427",8988,-0.109875623
"5927",8989,-0.109923256
"22909",8990,-0.10999747
"79934",8991,-0.110086845
"2108",8992,-0.110296689
"100131693",8993,-0.110343771
"3104",8994,-0.11044656
"144608",8995,-0.110524678
"11161",8996,-0.110764265
"90411",8997,-0.110818366
"64400",8998,-0.110848757
"6874",8999,-0.110862885
"54964",9000,-0.110908181
"254427",9001,-0.110990516
"56925",9002,-0.111065539
"7158",9003,-0.111135784
"2060",9004,-0.111148174
"1390",9005,-0.111211983
"51592",9006,-0.111239955
"23529",9007,-0.111258845
"55711",9008,-0.111303029
"9743",9009,-0.111756375
"10175",9010,-0.111772263
"100289678",9011,-0.111818343
"5713",9012,-0.111832468
"100507423",9013,-0.111976639
"5862",9014,-0.112109606
"79582",9015,-0.112156433
"9750",9016,-0.112211199
"55346",9017,-0.11231083
"7693",9018,-0.112332008
"6008",9019,-0.11246273
"64766",9020,-0.112517538
"107133516",9021,-0.112720425
"84124",9022,-0.112873522
"6416",9023,-0.113529752
"11147",9024,-0.113769849
"1977",9025,-0.113938207
"2230",9026,-0.114107214
"5468",9027,-0.114147524
"8394",9028,-0.114183253
"55552",9029,-0.114255723
"50484",9030,-0.114332043
"204851",9031,-0.114400331
"9529",9032,-0.114449418
"2909",9033,-0.114491139
"51098",9034,-0.114565225
"283219",9035,-0.114847842
"201514",9036,-0.114903938
"8894",9037,-0.114948978
"64785",9038,-0.115258589
"6634",9039,-0.115744884
"9817",9040,-0.115792322
"145483",9041,-0.116073901
"80232",9042,-0.116184056
"1465",9043,-0.116208425
"100506660",9044,-0.116230878
"27297",9045,-0.116425937
"10594",9046,-0.116456229
"5664",9047,-0.116945334
"153469",9048,-0.116990788
"6942",9049,-0.117336389
"6838",9050,-0.117394541
"283345",9051,-0.117479364
"55851",9052,-0.117515208
"1759",9053,-0.117576797
"6041",9054,-0.11777587
"122616",9055,-0.117991552
"10128",9056,-0.118315479
"27163",9057,-0.11838492
"60312",9058,-0.118543403
"23534",9059,-0.118593376
"25962",9060,-0.118735308
"5639",9061,-0.118749691
"5058",9062,-0.118796069
"5298",9063,-0.118847762
"51454",9064,-0.118854915
"163255",9065,-0.118891461
"2581",9066,-0.119116898
"23007",9067,-0.119208483
"7374",9068,-0.119261149
"94101",9069,-0.119317848
"51265",9070,-0.119405893
"11320",9071,-0.119558734
"730092",9072,-0.119782517
"79612",9073,-0.119909679
"57659",9074,-0.120449019
"113235",9075,-0.120527442
"148046",9076,-0.12055138
"1024",9077,-0.12086894
"347148",9078,-0.120893247
"84886",9079,-0.120924146
"286046",9080,-0.12095474
"10078",9081,-0.121087464
"55588",9082,-0.121388891
"843",9083,-0.121639045
"9415",9084,-0.121884764
"10238",9085,-0.12193427
"100131655",9086,-0.12195755
"79594",9087,-0.122038798
"29803",9088,-0.122096229
"1051",9089,-0.122491936
"29103",9090,-0.12273872
"55216",9091,-0.122741057
"25814",9092,-0.1228204
"2239",9093,-0.122843522
"100505758",9094,-0.123084306
"951",9095,-0.12317029
"79954",9096,-0.123423142
"6183",9097,-0.12343249
"10379",9098,-0.123655521
"83752",9099,-0.123713284
"6263",9100,-0.123762631
"4296",9101,-0.124411303
"4261",9102,-0.124620874
"6499",9103,-0.124764814
"1869",9104,-0.124839576
"22994",9105,-0.12494551
"57464",9106,-0.124983448
"9659",9107,-0.124991716
"9542",9108,-0.125193194
"54503",9109,-0.125340868
"55308",9110,-0.125652514
"100533676",9111,-0.125664343
"164",9112,-0.125677457
"24148",9113,-0.1257632
"4651",9114,-0.125886396
"152217",9115,-0.125919295
"2872",9116,-0.126023352
"8091",9117,-0.126108917
"23332",9118,-0.126174016
"5250",9119,-0.126182031
"3704",9120,-0.126195469
"134266",9121,-0.126206322
"55741",9122,-0.126526795
"2079",9123,-0.126633268
"401264",9124,-0.127188363
"284069",9125,-0.127215637
"729440",9126,-0.127216045
"6632",9127,-0.127746689
"860",9128,-0.127782393
"8273",9129,-0.127794519
"144404",9130,-0.127998118
"55012",9131,-0.128024615
"6814",9132,-0.128099432
"116228",9133,-0.128133835
"26071",9134,-0.128145661
"79707",9135,-0.128379021
"84083",9136,-0.128428947
"51691",9137,-0.128530222
"6386",9138,-0.128562627
"26190",9139,-0.12861263
"54465",9140,-0.12862293
"64175",9141,-0.128668376
"8720",9142,-0.12872352
"9453",9143,-0.128952858
"145482",9144,-0.129116566
"259307",9145,-0.129225206
"2970",9146,-0.129424141
"83660",9147,-0.129453707
"51805",9148,-0.129526376
"255967",9149,-0.129547151
"26261",9150,-0.129579929
"119016",9151,-0.129650151
"84524",9152,-0.129777468
"112",9153,-0.129908588
"54439",9154,-0.130110287
"23326",9155,-0.130646252
"4285",9156,-0.130786653
"56648",9157,-0.130877763
"137902",9158,-0.130998386
"59284",9159,-0.131094348
"25862",9160,-0.131227292
"5884",9161,-0.131231903
"83641",9162,-0.131431912
"10725",9163,-0.131437501
"196051",9164,-0.131525413
"3916",9165,-0.132110822
"3748",9166,-0.132273915
"27102",9167,-0.132354373
"79647",9168,-0.132373534
"51335",9169,-0.132596461
"10423",9170,-0.132632746
"201456",9171,-0.132766829
"27086",9172,-0.133015044
"101927983",9173,-0.133124897
"2242",9174,-0.133326256
"1854",9175,-0.133348076
"9815",9176,-0.133408849
"7534",9177,-0.133506523
"11011",9178,-0.133687052
"149951",9179,-0.133747008
"2319",9180,-0.134060738
"5899",9181,-0.134165947
"147694",9182,-0.134168179
"26258",9183,-0.134199673
"160857",9184,-0.134322497
"25894",9185,-0.134765887
"4436",9186,-0.134907252
"285359",9187,-0.1349161
"57621",9188,-0.135003864
"80167",9189,-0.135038346
"154043",9190,-0.135063636
"25870",9191,-0.135402171
"83878",9192,-0.13563949
"57157",9193,-0.135646849
"54464",9194,-0.135682708
"23780",9195,-0.135768635
"57451",9196,-0.135819815
"58497",9197,-0.13585259
"138065",9198,-0.135859274
"90459",9199,-0.135920722
"166968",9200,-0.136043445
"169841",9201,-0.136087007
"80772",9202,-0.136260966
"83544",9203,-0.13627791
"58516",9204,-0.13630466
"51611",9205,-0.136364147
"80975",9206,-0.136569313
"134285",9207,-0.136579359
"55253",9208,-0.136614795
"147660",9209,-0.136829614
"23101",9210,-0.136960168
"10322",9211,-0.13697217
"83478",9212,-0.13709876
"11108",9213,-0.137099828
"255394",9214,-0.137124456
"10240",9215,-0.137164851
"63929",9216,-0.137224094
"51287",9217,-0.137278883
"54984",9218,-0.137319007
"79770",9219,-0.137402557
"54812",9220,-0.137681471
"10615",9221,-0.137803199
"6309",9222,-0.137971824
"90780",9223,-0.138003928
"51594",9224,-0.138011068
"139065",9225,-0.138032659
"84823",9226,-0.138033031
"51090",9227,-0.138081933
"64922",9228,-0.138096615
"84522",9229,-0.138303004
"10762",9230,-0.138453915
"56889",9231,-0.138465237
"11052",9232,-0.138506716
"283316",9233,-0.138608219
"4140",9234,-0.13863258
"26270",9235,-0.13870137
"114799",9236,-0.138734562
"30850",9237,-0.138754838
"5690",9238,-0.13905667
"56180",9239,-0.139124442
"2932",9240,-0.139315848
"11231",9241,-0.139416845
"10737",9242,-0.139549573
"4154",9243,-0.1396835
"5253",9244,-0.139762059
"2873",9245,-0.139777264
"8774",9246,-0.139784992
"84919",9247,-0.139949821
"9728",9248,-0.139951383
"9967",9249,-0.13997552
"54529",9250,-0.140288882
"130951",9251,-0.140310729
"8812",9252,-0.140404078
"50813",9253,-0.140457377
"25980",9254,-0.140592294
"126433",9255,-0.140737171
"10579",9256,-0.140794878
"4331",9257,-0.140803138
"1788",9258,-0.140826638
"8453",9259,-0.140861754
"10927",9260,-0.140982638
"84173",9261,-0.141039232
"10939",9262,-0.141048254
"140460",9263,-0.141216944
"404672",9264,-0.14126372
"100506428",9265,-0.141529146
"643276",9266,-0.141571206
"1647",9267,-0.141612484
"100133991",9268,-0.141618628
"130507",9269,-0.141715025
"79596",9270,-0.141811739
"5828",9271,-0.142005902
"7746",9272,-0.142250736
"10667",9273,-0.142310434
"9238",9274,-0.142606932
"129450",9275,-0.142728745
"25766",9276,-0.142812632
"8725",9277,-0.142860066
"1478",9278,-0.142878122
"9961",9279,-0.142904252
"284307",9280,-0.142957655
"10617",9281,-0.143053723
"55032",9282,-0.143067099
"9620",9283,-0.143188634
"5310",9284,-0.143208668
"1072",9285,-0.143320904
"285753",9286,-0.143321886
"10202",9287,-0.143434682
"9747",9288,-0.143444668
"23604",9289,-0.143470042
"4337",9290,-0.143474562
"90993",9291,-0.143762423
"138241",9292,-0.143807364
"10580",9293,-0.143812225
"7249",9294,-0.143866207
"9825",9295,-0.143901222
"8027",9296,-0.14420804
"6778",9297,-0.144363762
"7345",9298,-0.144430812
"56112",9299,-0.14444152
"3364",9300,-0.144747569
"5515",9301,-0.144800339
"4440",9302,-0.144886005
"23317",9303,-0.145242205
"4037",9304,-0.146063733
"140831",9305,-0.146377178
"5691",9306,-0.146472088
"155368",9307,-0.146476022
"340037",9308,-0.146956308
"128977",9309,-0.147139249
"92399",9310,-0.147326383
"5494",9311,-0.147331026
"63971",9312,-0.147349325
"10009",9313,-0.147411591
"55680",9314,-0.14748599
"10156",9315,-0.147578923
"55672",9316,-0.147666187
"8871",9317,-0.147709543
"9474",9318,-0.147802257
"26018",9319,-0.147990335
"347862",9320,-0.148030542
"3925",9321,-0.148032131
"2683",9322,-0.148187659
"1009",9323,-0.148226348
"57689",9324,-0.148697894
"100130311",9325,-0.148711237
"55761",9326,-0.148743735
"5636",9327,-0.148782317
"106481735",9328,-0.148825799
"9439",9329,-0.148885773
"729540",9330,-0.149083144
"286148",9331,-0.149135171
"574029",9332,-0.149184975
"80025",9333,-0.149262765
"142684",9334,-0.149370794
"65109",9335,-0.149580037
"28992",9336,-0.149773712
"285362",9337,-0.149779731
"100271594",9338,-0.150172429
"57722",9339,-0.150177946
"653464",9340,-0.150277973
"8000",9341,-0.150449513
"1452",9342,-0.150500825
"10138",9343,-0.150501511
"22864",9344,-0.150566713
"5929",9345,-0.150707775
"9904",9346,-0.150737853
"55898",9347,-0.150846134
"8148",9348,-0.150881152
"23731",9349,-0.151126856
"4325",9350,-0.151207285
"22879",9351,-0.151394468
"80144",9352,-0.151529732
"57826",9353,-0.151537959
"374946",9354,-0.151633722
"259217",9355,-0.152036429
"53344",9356,-0.152044558
"348156",9357,-0.15206002
"23420",9358,-0.152165202
"8555",9359,-0.152309754
"23433",9360,-0.152313569
"4702",9361,-0.152355038
"23313",9362,-0.152579497
"8738",9363,-0.152591577
"162681",9364,-0.152829572
"57718",9365,-0.152839214
"152926",9366,-0.152873633
"146691",9367,-0.153061902
"84975",9368,-0.15323466
"286319",9369,-0.153249662
"8573",9370,-0.153445371
"644128",9371,-0.153555273
"825",9372,-0.153643904
"23038",9373,-0.153906951
"255374",9374,-0.153964377
"10734",9375,-0.154000239
"100506215",9376,-0.154065583
"4026",9377,-0.154187303
"51000",9378,-0.154712509
"9918",9379,-0.154782519
"131034",9380,-0.15499805
"23095",9381,-0.155162642
"84876",9382,-0.155172789
"64924",9383,-0.155200491
"55572",9384,-0.155267441
"113026",9385,-0.155535357
"201973",9386,-0.155598598
"51268",9387,-0.155640498
"153339",9388,-0.155996806
"22930",9389,-0.156202486
"55388",9390,-0.156326539
"4353",9391,-0.156335057
"9353",9392,-0.156590457
"100499227",9393,-0.15675221
"3984",9394,-0.156778771
"285367",9395,-0.157012516
"84294",9396,-0.157029068
"4221",9397,-0.157183875
"246175",9398,-0.157208921
"81570",9399,-0.157343347
"1288",9400,-0.157382617
"57533",9401,-0.157433239
"10642",9402,-0.15751288
"26220",9403,-0.157791193
"64422",9404,-0.157825715
"56105",9405,-0.158059687
"6259",9406,-0.158118928
"83734",9407,-0.15822868
"100874077",9408,-0.158263092
"123016",9409,-0.158300398
"685",9410,-0.158543984
"2356",9411,-0.158736585
"80145",9412,-0.158766562
"387841",9413,-0.158937
"10125",9414,-0.159029186
"51013",9415,-0.159223522
"163227",9416,-0.159383942
"2746",9417,-0.159411538
"284371",9418,-0.159649782
"9592",9419,-0.159809372
"11066",9420,-0.159897131
"51073",9421,-0.159899439
"163",9422,-0.159920648
"91647",9423,-0.159924914
"10276",9424,-0.159970509
"256471",9425,-0.160028369
"1590",9426,-0.160317391
"440043",9427,-0.160390085
"3619",9428,-0.160821636
"25978",9429,-0.161173804
"114625",9430,-0.161621762
"7318",9431,-0.161840452
"79171",9432,-0.162028443
"84196",9433,-0.162066718
"7182",9434,-0.162195254
"26064",9435,-0.162251732
"9672",9436,-0.162295441
"64410",9437,-0.162344548
"59343",9438,-0.162348074
"3845",9439,-0.162365328
"161742",9440,-0.162454832
"51528",9441,-0.162482637
"9113",9442,-0.16255831
"23039",9443,-0.162626764
"55612",9444,-0.162686932
"4012",9445,-0.163015883
"23180",9446,-0.163051497
"54492",9447,-0.163089022
"400126",9448,-0.163172452
"114882",9449,-0.163419594
"80347",9450,-0.163624409
"80233",9451,-0.163638982
"9861",9452,-0.163750567
"571",9453,-0.163987035
"135",9454,-0.164000606
"84240",9455,-0.164034641
"79863",9456,-0.164040744
"79692",9457,-0.164093648
"3695",9458,-0.16435049
"55629",9459,-0.164414529
"780814",9460,-0.164415821
"27098",9461,-0.164503585
"22822",9462,-0.164606396
"387787",9463,-0.164712644
"122830",9464,-0.164732661
"2323",9465,-0.164984613
"122553",9466,-0.16503069
"1955",9467,-0.165252394
"10445",9468,-0.165569338
"57191",9469,-0.165807816
"79973",9470,-0.165820722
"7428",9471,-0.165829689
"498",9472,-0.165866733
"1806",9473,-0.166007026
"10963",9474,-0.166039677
"11170",9475,-0.166041156
"55122",9476,-0.166398737
"677",9477,-0.166497345
"221302",9478,-0.166559283
"54840",9479,-0.166670498
"197342",9480,-0.166722164
"26574",9481,-0.166726544
"3983",9482,-0.166884039
"90859",9483,-0.166942441
"885",9484,-0.166982121
"5788",9485,-0.167041039
"6895",9486,-0.167125741
"27445",9487,-0.167248241
"6421",9488,-0.167265611
"54940",9489,-0.167375212
"284992",9490,-0.167460984
"753",9491,-0.167504662
"4190",9492,-0.167603161
"57508",9493,-0.167631026
"2590",9494,-0.167632908
"10730",9495,-0.167683591
"283450",9496,-0.167887159
"54456",9497,-0.16790213
"100129460",9498,-0.167933989
"80333",9499,-0.168064535
"285463",9500,-0.168091477
"4931",9501,-0.168148088
"6403",9502,-0.168266307
"26512",9503,-0.168300167
"79022",9504,-0.168332911
"158747",9505,-0.168722369
"78997",9506,-0.168813816
"157922",9507,-0.168931474
"57546",9508,-0.1691214
"58473",9509,-0.169127463
"57693",9510,-0.169165574
"2662",9511,-0.169240735
"388591",9512,-0.169281407
"8853",9513,-0.169364196
"79933",9514,-0.169645486
"92667",9515,-0.169718019
"9656",9516,-0.16994515
"22950",9517,-0.170201689
"54535",9518,-0.170265851
"10286",9519,-0.170295357
"55615",9520,-0.170376705
"10946",9521,-0.17056534
"80205",9522,-0.17058536
"140890",9523,-0.170605336
"148213",9524,-0.170639044
"11276",9525,-0.170871716
"10402",9526,-0.170898966
"57455",9527,-0.170959163
"375346",9528,-0.171075236
"55739",9529,-0.171837237
"84303",9530,-0.171942242
"3915",9531,-0.172129723
"25800",9532,-0.172251679
"57474",9533,-0.172341622
"353500",9534,-0.172420084
"64434",9535,-0.172433113
"64708",9536,-0.172679899
"54623",9537,-0.172738493
"84219",9538,-0.172836182
"8542",9539,-0.1728995
"80124",9540,-0.172973101
"10726",9541,-0.17329482
"28990",9542,-0.173413014
"1606",9543,-0.173661536
"4731",9544,-0.173859722
"728841",9545,-0.173877937
"26063",9546,-0.174007757
"11333",9547,-0.174145124
"8518",9548,-0.174157833
"79600",9549,-0.17438611
"25822",9550,-0.174430729
"131965",9551,-0.174451902
"1632",9552,-0.174519883
"7014",9553,-0.174565421
"9097",9554,-0.17473099
"25807",9555,-0.174774309
"841",9556,-0.174831762
"374879",9557,-0.174838171
"5578",9558,-0.174903572
"57720",9559,-0.174945428
"57231",9560,-0.175005098
"3052",9561,-0.175010683
"201294",9562,-0.175023425
"8863",9563,-0.17505498
"139716",9564,-0.175331668
"10131",9565,-0.175379645
"84962",9566,-0.175518705
"10239",9567,-0.17556977
"5684",9568,-0.175804815
"8568",9569,-0.175955557
"105221694",9570,-0.176094516
"1894",9571,-0.1760946
"220869",9572,-0.176104304
"10513",9573,-0.176113571
"5213",9574,-0.176338283
"8315",9575,-0.176435862
"27097",9576,-0.176466094
"6414",9577,-0.176583124
"55323",9578,-0.176664974
"1278",9579,-0.176882234
"101929008",9580,-0.176904806
"390072",9581,-0.177123982
"273",9582,-0.177145795
"219654",9583,-0.177194861
"100132341",9584,-0.177242145
"9252",9585,-0.177405376
"9462",9586,-0.177433299
"257194",9587,-0.177512415
"9276",9588,-0.177574386
"219899",9589,-0.177584428
"8322",9590,-0.177637719
"10962",9591,-0.177674711
"10147",9592,-0.177741948
"140691",9593,-0.177989573
"221154",9594,-0.178354582
"2271",9595,-0.178524027
"9475",9596,-0.17870702
"3267",9597,-0.178732086
"54663",9598,-0.178930291
"1263",9599,-0.178948075
"27295",9600,-0.179058777
"80335",9601,-0.179198862
"55215",9602,-0.179424327
"100130557",9603,-0.179653041
"150290",9604,-0.17981392
"27152",9605,-0.17984112
"51752",9606,-0.179930112
"2592",9607,-0.17999461
"51665",9608,-0.180427542
"9410",9609,-0.180465199
"2313",9610,-0.180637471
"2033",9611,-0.18082626
"374659",9612,-0.180848883
"53371",9613,-0.18104757
"55854",9614,-0.181174104
"55197",9615,-0.181271367
"56160",9616,-0.181292509
"440672",9617,-0.18142983
"54069",9618,-0.181511878
"29966",9619,-0.18176981
"9500",9620,-0.182005795
"55007",9621,-0.182138063
"5705",9622,-0.1822075
"100131526",9623,-0.182226775
"10418",9624,-0.182286049
"2193",9625,-0.182457522
"126375",9626,-0.1824862
"9100",9627,-0.182589529
"1839",9628,-0.182629246
"84162",9629,-0.18265273
"2526",9630,-0.182664707
"83648",9631,-0.182823068
"388815",9632,-0.183137984
"79602",9633,-0.183255097
"100128525",9634,-0.183334813
"29072",9635,-0.183449313
"80255",9636,-0.183512106
"53833",9637,-0.183551597
"55035",9638,-0.183691476
"152189",9639,-0.183804431
"5634",9640,-0.183934932
"55596",9641,-0.18414998
"101926888",9642,-0.184244463
"3609",9643,-0.184366745
"406941",9644,-0.184556005
"51201",9645,-0.184824917
"8661",9646,-0.184935446
"56993",9647,-0.18496722
"476",9648,-0.185343849
"414224",9649,-0.185375396
"55299",9650,-0.185561226
"64764",9651,-0.185695563
"84629",9652,-0.185735879
"143458",9653,-0.185814715
"4437",9654,-0.185827962
"3241",9655,-0.185969423
"56986",9656,-0.18610022
"284004",9657,-0.186174565
"22925",9658,-0.186277239
"1070",9659,-0.186306494
"27019",9660,-0.186522149
"150275",9661,-0.186790066
"6908",9662,-0.186852154
"27131",9663,-0.186929296
"23710",9664,-0.186941584
"2186",9665,-0.187184782
"27072",9666,-0.187238294
"10776",9667,-0.187391851
"1770",9668,-0.187597193
"51530",9669,-0.187688741
"54929",9670,-0.187877123
"106479130",9671,-0.187897405
"5908",9672,-0.188013838
"84878",9673,-0.188053
"10274",9674,-0.188074791
"375748",9675,-0.188184771
"5063",9676,-0.188328181
"147808",9677,-0.188439837
"3551",9678,-0.188645872
"9527",9679,-0.188693496
"143282",9680,-0.188712615
"9972",9681,-0.188816563
"9957",9682,-0.188848558
"22824",9683,-0.188922977
"10278",9684,-0.189011685
"56131",9685,-0.189103926
"145376",9686,-0.189400968
"50489",9687,-0.189494644
"202243",9688,-0.189862196
"6596",9689,-0.190087345
"111064646",9690,-0.190247011
"10282",9691,-0.190272028
"10600",9692,-0.190466943
"143678",9693,-0.190606573
"8473",9694,-0.190646516
"2803",9695,-0.190721661
"221037",9696,-0.190746848
"81873",9697,-0.190793868
"55174",9698,-0.190904692
"2859",9699,-0.190971064
"2176",9700,-0.191112613
"55571",9701,-0.191131811
"3693",9702,-0.191291519
"374986",9703,-0.191328314
"2263",9704,-0.191415357
"752",9705,-0.19142892
"4034",9706,-0.191515222
"58525",9707,-0.191585251
"221937",9708,-0.191698446
"93621",9709,-0.191726259
"342909",9710,-0.191780477
"7314",9711,-0.192197635
"8520",9712,-0.192204231
"58190",9713,-0.192676435
"285672",9714,-0.192676571
"10845",9715,-0.192904978
"55775",9716,-0.192996179
"5257",9717,-0.193000653
"344148",9718,-0.193007707
"23621",9719,-0.193086903
"53339",9720,-0.193103144
"118813",9721,-0.19310566
"81688",9722,-0.193146075
"51301",9723,-0.193171632
"79078",9724,-0.193308027
"79068",9725,-0.193338411
"51649",9726,-0.193498601
"115196",9727,-0.19365603
"28970",9728,-0.193732057
"54851",9729,-0.19393642
"51362",9730,-0.194639379
"22838",9731,-0.194720113
"9348",9732,-0.194752468
"91298",9733,-0.194842468
"23125",9734,-0.195002923
"6872",9735,-0.195057264
"9419",9736,-0.195213915
"4152",9737,-0.195232942
"25966",9738,-0.195251228
"106480921",9739,-0.195412587
"2316",9740,-0.195426749
"26058",9741,-0.195436274
"4701",9742,-0.195502109
"155400",9743,-0.1955349
"6602",9744,-0.195773234
"51163",9745,-0.195782117
"26098",9746,-0.196036162
"2044",9747,-0.196086412
"9868",9748,-0.196440407
"9698",9749,-0.196480009
"3425",9750,-0.196557652
"7172",9751,-0.196586279
"26048",9752,-0.196679925
"55066",9753,-0.196927319
"54093",9754,-0.197003117
"30815",9755,-0.197142305
"84996",9756,-0.197256662
"1605",9757,-0.197398243
"102724571",9758,-0.197500059
"54521",9759,-0.197772552
"283989",9760,-0.197835664
"103689912",9761,-0.197837008
"9636",9762,-0.197882998
"29970",9763,-0.1979059
"60560",9764,-0.19802708
"84062",9765,-0.198072766
"650623",9766,-0.198163236
"719",9767,-0.198170008
"474384",9768,-0.198267074
"1432",9769,-0.198302245
"8925",9770,-0.198769392
"84890",9771,-0.198890606
"124930",9772,-0.198892028
"388228",9773,-0.198992388
"23035",9774,-0.199059986
"6742",9775,-0.199063
"3491",9776,-0.199063403
"100132273",9777,-0.199074303
"266655",9778,-0.19922056
"388015",9779,-0.199324001
"7430",9780,-0.199722157
"11184",9781,-0.200011837
"64849",9782,-0.200140452
"55749",9783,-0.200193036
"56172",9784,-0.200247855
"56254",9785,-0.200299522
"85457",9786,-0.200302659
"26020",9787,-0.200363028
"4155",9788,-0.200411194
"10426",9789,-0.200580963
"51077",9790,-0.200778209
"64430",9791,-0.200819841
"4781",9792,-0.201231339
"387723",9793,-0.201247515
"51015",9794,-0.201313328
"129880",9795,-0.201371746
"23512",9796,-0.201928587
"57688",9797,-0.202028138
"126661",9798,-0.20217097
"63897",9799,-0.202368295
"5332",9800,-0.202767943
"5134",9801,-0.202973942
"151194",9802,-0.203063668
"100272205",9803,-0.203089105
"10841",9804,-0.203150076
"100287722",9805,-0.203191696
"84939",9806,-0.203284301
"54462",9807,-0.203300696
"79029",9808,-0.203332573
"140685",9809,-0.203345924
"9853",9810,-0.203412129
"57448",9811,-0.203536489
"3988",9812,-0.203639981
"112939",9813,-0.203785175
"83480",9814,-0.203815871
"259282",9815,-0.203827176
"114928",9816,-0.203828152
"92521",9817,-0.203921238
"646",9818,-0.204033638
"414765",9819,-0.204053803
"127002",9820,-0.20413767
"5824",9821,-0.2043502
"285955",9822,-0.204497647
"84893",9823,-0.204526753
"51455",9824,-0.204550069
"101927027",9825,-0.204608601
"55631",9826,-0.204731527
"137970",9827,-0.204809687
"134218",9828,-0.204818437
"197259",9829,-0.204892204
"28958",9830,-0.204961365
"51123",9831,-0.205131798
"23041",9832,-0.205472982
"140609",9833,-0.205779493
"83636",9834,-0.206316162
"90529",9835,-0.206359962
"7586",9836,-0.206448024
"4117",9837,-0.206549678
"283459",9838,-0.206651956
"84307",9839,-0.206836468
"4857",9840,-0.206905317
"840",9841,-0.206912799
"728340",9842,-0.206987297
"166614",9843,-0.206990787
"23191",9844,-0.207034705
"25917",9845,-0.207142951
"10602",9846,-0.20715008
"5557",9847,-0.207244202
"79039",9848,-0.207407111
"27443",9849,-0.207455558
"100271650",9850,-0.207489626
"100310846",9851,-0.20769943
"51385",9852,-0.207713252
"256158",9853,-0.207811203
"169714",9854,-0.207910877
"1314",9855,-0.208310875
"88745",9856,-0.208683104
"8189",9857,-0.208781775
"5162",9858,-0.208860918
"79815",9859,-0.209093697
"11135",9860,-0.209153947
"3667",9861,-0.209209365
"55762",9862,-0.209224345
"58476",9863,-0.209585729
"50862",9864,-0.209599589
"9990",9865,-0.209749085
"80010",9866,-0.209841328
"140730",9867,-0.209864552
"1121",9868,-0.210065828
"9692",9869,-0.210449327
"79993",9870,-0.210576419
"6594",9871,-0.210982579
"23190",9872,-0.211205532
"26263",9873,-0.211241732
"192683",9874,-0.21130483
"118424",9875,-0.211482294
"166929",9876,-0.21148485
"348995",9877,-0.211558853
"283489",9878,-0.211587016
"8623",9879,-0.211757105
"9398",9880,-0.212078843
"10635",9881,-0.212117226
"79680",9882,-0.21212272
"9699",9883,-0.212171014
"3140",9884,-0.212243423
"55959",9885,-0.212304233
"51172",9886,-0.21252853
"9014",9887,-0.212590711
"5241",9888,-0.212599563
"2791",9889,-0.212647816
"5071",9890,-0.212781617
"101928346",9891,-0.2128086
"89910",9892,-0.212891013
"246269",9893,-0.2129336
"403323",9894,-0.213083933
"6774",9895,-0.213098194
"28960",9896,-0.213103551
"6016",9897,-0.213133476
"22920",9898,-0.213228179
"9665",9899,-0.213285117
"26160",9900,-0.213285389
"23112",9901,-0.213682467
"4691",9902,-0.213831011
"124783",9903,-0.213899451
"5754",9904,-0.213999343
"55757",9905,-0.214103842
"23234",9906,-0.214133786
"342371",9907,-0.214164901
"54567",9908,-0.214297842
"60625",9909,-0.214304775
"146395",9910,-0.214373853
"284129",9911,-0.21442761
"7789",9912,-0.214461763
"22943",9913,-0.214514019
"10565",9914,-0.214587155
"7010",9915,-0.214787404
"79872",9916,-0.214840149
"506",9917,-0.214906863
"100874001",9918,-0.214988332
"64118",9919,-0.215029061
"9079",9920,-0.215078291
"83937",9921,-0.215160953
"7547",9922,-0.215175899
"6621",9923,-0.215243915
"729857",9924,-0.215470708
"84060",9925,-0.215774977
"55852",9926,-0.215878029
"55379",9927,-0.215941252
"219931",9928,-0.216225127
"90423",9929,-0.216226461
"51373",9930,-0.216426556
"5130",9931,-0.216649148
"84727",9932,-0.216769779
"1983",9933,-0.216955185
"139231",9934,-0.217177412
"26094",9935,-0.217268015
"51204",9936,-0.217351948
"201725",9937,-0.21744742
"5205",9938,-0.217470049
"10964",9939,-0.217756762
"7059",9940,-0.217792429
"79159",9941,-0.217906176
"284613",9942,-0.217976497
"84503",9943,-0.218025833
"54413",9944,-0.218031949
"8408",9945,-0.218289006
"6374",9946,-0.218344543
"388939",9947,-0.218376093
"158431",9948,-0.218398952
"5042",9949,-0.218492452
"9923",9950,-0.218505749
"91316",9951,-0.218666396
"3658",9952,-0.218693688
"122945",9953,-0.218821563
"10891",9954,-0.218942088
"9169",9955,-0.219002476
"60490",9956,-0.219254618
"101929580",9957,-0.219267698
"1362",9958,-0.219679029
"1819",9959,-0.219694269
"10664",9960,-0.219810758
"56262",9961,-0.219892606
"84450",9962,-0.219894862
"23367",9963,-0.219900429
"130502",9964,-0.22004335
"10248",9965,-0.220069256
"9329",9966,-0.220269962
"55709",9967,-0.220314661
"3835",9968,-0.220339483
"57182",9969,-0.220363118
"57088",9970,-0.220467754
"617",9971,-0.220680163
"2011",9972,-0.220761072
"23140",9973,-0.221051765
"24146",9974,-0.221184615
"23304",9975,-0.221204768
"8021",9976,-0.221361982
"23229",9977,-0.22146803
"11198",9978,-0.221575492
"81554",9979,-0.221616522
"23137",9980,-0.221695443
"2677",9981,-0.221702777
"79918",9982,-0.221730374
"56145",9983,-0.221863113
"9790",9984,-0.221893862
"100996939",9985,-0.222039731
"3761",9986,-0.222059291
"57547",9987,-0.222131567
"4361",9988,-0.22221368
"7994",9989,-0.222426456
"51006",9990,-0.22244251
"11112",9991,-0.222652411
"53407",9992,-0.222661354
"83700",9993,-0.222925395
"205327",9994,-0.22293724
"100133038",9995,-0.223362121
"647076",9996,-0.223378494
"208",9997,-0.223433423
"8997",9998,-0.223469974
"112970",9999,-0.223494338
"83931",10000,-0.223598111
"92014",10001,-0.223649993
"374403",10002,-0.223702654
"460",10003,-0.223709846
"84163",10004,-0.223712343
"27148",10005,-0.223794063
"4050",10006,-0.223849949
"9391",10007,-0.224332506
"55023",10008,-0.224496828
"100873744",10009,-0.224777494
"79883",10010,-0.225155961
"154091",10011,-0.225211265
"8615",10012,-0.225217483
"57181",10013,-0.225545346
"91977",10014,-0.225833165
"58493",10015,-0.225909837
"100132774",10016,-0.226082393
"101928527",10017,-0.226107534
"54726",10018,-0.226235142
"100170229",10019,-0.226333901
"54903",10020,-0.226447745
"9373",10021,-0.226498118
"222194",10022,-0.226509151
"94104",10023,-0.226612887
"29969",10024,-0.226619383
"160897",10025,-0.226628345
"10347",10026,-0.22689234
"7772",10027,-0.227003842
"6391",10028,-0.227055588
"55183",10029,-0.227063078
"503569",10030,-0.227267128
"221981",10031,-0.227286454
"775",10032,-0.227956591
"23252",10033,-0.228336959
"2065",10034,-0.228399481
"310",10035,-0.22843824
"390595",10036,-0.228577876
"100506161",10037,-0.228674211
"2332",10038,-0.228709619
"6299",10039,-0.228782197
"10142",10040,-0.228848335
"57001",10041,-0.229096093
"25832",10042,-0.229162012
"8241",10043,-0.229331747
"23118",10044,-0.229342531
"23424",10045,-0.229673339
"59274",10046,-0.230017917
"5160",10047,-0.230049154
"3708",10048,-0.23016572
"51081",10049,-0.230465877
"11098",10050,-0.230543018
"93474",10051,-0.230883254
"114819",10052,-0.230959552
"109729178",10053,-0.231061245
"56829",10054,-0.231074967
"132001",10055,-0.231178076
"79624",10056,-0.231286188
"26273",10057,-0.231407258
"2673",10058,-0.231532171
"9135",10059,-0.231853002
"1213",10060,-0.23188166
"100506451",10061,-0.231893165
"23059",10062,-0.231979743
"8741",10063,-0.232144411
"100037417",10064,-0.232342938
"9801",10065,-0.232674016
"23435",10066,-0.232687784
"280",10067,-0.232704061
"23500",10068,-0.232705983
"10973",10069,-0.23278427
"196385",10070,-0.23286792
"9282",10071,-0.232893652
"9489",10072,-0.23301814
"4162",10073,-0.23302264
"114049",10074,-0.233257933
"331",10075,-0.23330786
"339344",10076,-0.233335234
"29087",10077,-0.233336364
"1521",10078,-0.233819025
"10471",10079,-0.233830893
"84461",10080,-0.233883769
"1036",10081,-0.23421414
"107984504",10082,-0.234374322
"11127",10083,-0.234397355
"54884",10084,-0.234441009
"22800",10085,-0.234540126
"4595",10086,-0.234598936
"201626",10087,-0.234619643
"642",10088,-0.234703533
"100885848",10089,-0.234730258
"842",10090,-0.235167826
"1000",10091,-0.235187319
"8463",10092,-0.235338859
"10398",10093,-0.23566964
"23355",10094,-0.235721412
"51333",10095,-0.235753893
"4779",10096,-0.235768411
"143098",10097,-0.235868449
"129138",10098,-0.23591546
"283209",10099,-0.235966611
"1654",10100,-0.236055935
"79728",10101,-0.236197498
"80199",10102,-0.236250468
"26230",10103,-0.236276938
"285527",10104,-0.236312161
"162967",10105,-0.236340242
"3680",10106,-0.236381909
"51091",10107,-0.236451964
"6790",10108,-0.236474545
"27090",10109,-0.236497107
"101929741",10110,-0.236624296
"10929",10111,-0.23669933
"26576",10112,-0.236766872
"283431",10113,-0.236796849
"5562",10114,-0.236887614
"2140",10115,-0.237134299
"51128",10116,-0.237292193
"4952",10117,-0.237308945
"2041",10118,-0.237320141
"27183",10119,-0.237434442
"3993",10120,-0.237658998
"2071",10121,-0.237664314
"1763",10122,-0.237852173
"22854",10123,-0.23785645
"28968",10124,-0.23831696
"5481",10125,-0.238612798
"51808",10126,-0.238714451
"2491",10127,-0.238730744
"4175",10128,-0.238775982
"5830",10129,-0.23909732
"22934",10130,-0.239172503
"442112",10131,-0.239368428
"9824",10132,-0.23946508
"23366",10133,-0.239606508
"26084",10134,-0.239818943
"463",10135,-0.239863108
"6876",10136,-0.240015495
"284757",10137,-0.240020985
"23786",10138,-0.240092792
"80829",10139,-0.240381712
"5096",10140,-0.240396706
"57194",10141,-0.240441388
"667",10142,-0.240769661
"284111",10143,-0.241289332
"27037",10144,-0.241416663
"7341",10145,-0.241551055
"83879",10146,-0.241558957
"165530",10147,-0.241624638
"6282",10148,-0.241705007
"51390",10149,-0.241915112
"390211",10150,-0.242352669
"7109",10151,-0.24242653
"9194",10152,-0.242451174
"1183",10153,-0.242937194
"285033",10154,-0.242940293
"26024",10155,-0.243128191
"5789",10156,-0.243199666
"747",10157,-0.243311975
"7580",10158,-0.243532769
"6993",10159,-0.243780655
"100505881",10160,-0.244250556
"5931",10161,-0.244267778
"6303",10162,-0.244300724
"8550",10163,-0.244672812
"3732",10164,-0.244676361
"151534",10165,-0.244760843
"9587",10166,-0.244784394
"57589",10167,-0.245200229
"441273",10168,-0.245277316
"163590",10169,-0.245495857
"5471",10170,-0.245661584
"29118",10171,-0.245735693
"1775",10172,-0.245882929
"378108",10173,-0.245939495
"2736",10174,-0.245962453
"54542",10175,-0.246130988
"246719",10176,-0.246544027
"55160",10177,-0.246624622
"440275",10178,-0.246713678
"51493",10179,-0.246838827
"6723",10180,-0.247009291
"100129060",10181,-0.24731066
"100874007",10182,-0.247449601
"1729",10183,-0.247504166
"87171",10184,-0.247550411
"10978",10185,-0.247903335
"51652",10186,-0.248072019
"108903150",10187,-0.24812567
"56912",10188,-0.2481828
"7091",10189,-0.248398516
"346007",10190,-0.248480867
"101928464",10191,-0.248540766
"51479",10192,-0.248825512
"10385",10193,-0.24884323
"1445",10194,-0.248865836
"162993",10195,-0.24888678
"100131691",10196,-0.249213196
"79809",10197,-0.249242571
"348180",10198,-0.249246168
"104457406",10199,-0.249273113
"955",10200,-0.249389178
"27042",10201,-0.249395193
"54467",10202,-0.249422692
"10898",10203,-0.249516108
"5983",10204,-0.250093405
"2931",10205,-0.250109314
"27236",10206,-0.250196654
"51022",10207,-0.250239784
"10473",10208,-0.250762832
"6857",10209,-0.250764051
"8239",10210,-0.250803447
"5552",10211,-0.250805906
"112268105",10212,-0.250869065
"24149",10213,-0.250877603
"51330",10214,-0.250967841
"5447",10215,-0.251050678
"65084",10216,-0.251070183
"374786",10217,-0.251501864
"84656",10218,-0.251561024
"58499",10219,-0.251649071
"9605",10220,-0.251676628
"57585",10221,-0.2517031
"9189",10222,-0.251875813
"25758",10223,-0.252037806
"170261",10224,-0.25209323
"10051",10225,-0.252109889
"137886",10226,-0.252113898
"23505",10227,-0.252145161
"651250",10228,-0.252251385
"535",10229,-0.252460289
"57198",10230,-0.252460686
"7319",10231,-0.252754908
"6622",10232,-0.252763696
"4641",10233,-0.253077056
"54602",10234,-0.25313931
"55072",10235,-0.253346468
"2115",10236,-0.253378695
"55313",10237,-0.253482634
"128497",10238,-0.253485334
"80212",10239,-0.253519068
"353274",10240,-0.253712497
"6940",10241,-0.253777819
"5154",10242,-0.254099023
"91782",10243,-0.254099811
"54480",10244,-0.254146208
"5192",10245,-0.254253186
"23379",10246,-0.25435145
"90139",10247,-0.254374597
"22921",10248,-0.254486328
"25802",10249,-0.254497702
"402317",10250,-0.254669588
"5905",10251,-0.25478869
"8237",10252,-0.25486403
"286827",10253,-0.254938579
"163087",10254,-0.254979029
"7257",10255,-0.25513377
"10922",10256,-0.255207173
"2935",10257,-0.255233674
"65065",10258,-0.255318088
"146542",10259,-0.255333819
"56548",10260,-0.255362454
"3608",10261,-0.25542265
"285268",10262,-0.255662511
"5717",10263,-0.255925266
"11215",10264,-0.255979202
"205564",10265,-0.256127234
"116828",10266,-0.256355856
"79696",10267,-0.256415653
"394",10268,-0.256518985
"163688",10269,-0.256630258
"27433",10270,-0.256688157
"221424",10271,-0.257199303
"55684",10272,-0.25732409
"8654",10273,-0.257424424
"259290",10274,-0.257632982
"57167",10275,-0.257643575
"2776",10276,-0.257671738
"55691",10277,-0.257698162
"27316",10278,-0.257719804
"645126",10279,-0.257810414
"606",10280,-0.257972243
"58490",10281,-0.258373831
"374407",10282,-0.258388411
"55100",10283,-0.258510457
"79734",10284,-0.25861527
"25989",10285,-0.258800789
"3709",10286,-0.258815806
"23194",10287,-0.258950328
"55714",10288,-0.259220599
"10505",10289,-0.259386421
"55626",10290,-0.25953748
"22835",10291,-0.259595963
"1407",10292,-0.25968513
"414328",10293,-0.259758786
"472",10294,-0.259887282
"27238",10295,-0.26017997
"200734",10296,-0.260409649
"474170",10297,-0.26041905
"22906",10298,-0.260430655
"58509",10299,-0.260435926
"27339",10300,-0.260442447
"445328",10301,-0.260493337
"9966",10302,-0.260507884
"307",10303,-0.260782939
"400",10304,-0.260939355
"1630",10305,-0.260954124
"8556",10306,-0.260978331
"100506668",10307,-0.261220587
"6843",10308,-0.261308269
"10150",10309,-0.261345251
"9774",10310,-0.261383441
"57117",10311,-0.261399011
"5184",10312,-0.26139929
"27330",10313,-0.261410309
"85450",10314,-0.261438702
"253018",10315,-0.261517308
"3213",10316,-0.261543986
"10251",10317,-0.261613224
"5934",10318,-0.261643588
"51626",10319,-0.261840769
"10436",10320,-0.261880741
"11267",10321,-0.261992711
"84265",10322,-0.262050805
"23600",10323,-0.262053682
"100288198",10324,-0.262100349
"283870",10325,-0.262874446
"3745",10326,-0.263063419
"81573",10327,-0.26308736
"644101",10328,-0.263154508
"4326",10329,-0.263154728
"100527978",10330,-0.263185052
"10846",10331,-0.263260052
"254050",10332,-0.263283261
"221711",10333,-0.263329121
"60684",10334,-0.263364216
"81847",10335,-0.263474308
"10740",10336,-0.263490349
"4438",10337,-0.263555663
"65977",10338,-0.263560545
"4676",10339,-0.263742875
"9776",10340,-0.264054857
"57190",10341,-0.264136724
"8078",10342,-0.264139108
"5573",10343,-0.264199089
"26277",10344,-0.264236081
"23219",10345,-0.264322815
"7699",10346,-0.264505912
"29843",10347,-0.264619762
"57545",10348,-0.264905083
"191",10349,-0.264979147
"84457",10350,-0.265047424
"376693",10351,-0.265237702
"387590",10352,-0.265239105
"644390",10353,-0.265287234
"9125",10354,-0.265787336
"10153",10355,-0.265803136
"54537",10356,-0.266519963
"55212",10357,-0.266581762
"10062",10358,-0.266649518
"56776",10359,-0.266677196
"23028",10360,-0.266679861
"54923",10361,-0.266949392
"867",10362,-0.266997299
"1387",10363,-0.267103001
"30816",10364,-0.267165049
"200014",10365,-0.267210749
"256435",10366,-0.26722292
"220988",10367,-0.267238405
"55663",10368,-0.267599952
"27095",10369,-0.267627002
"255082",10370,-0.267832855
"124044",10371,-0.267868433
"1479",10372,-0.267966002
"55628",10373,-0.268252394
"5699",10374,-0.268445098
"440081",10375,-0.268462885
"285266",10376,-0.268544927
"51654",10377,-0.268590527
"2074",10378,-0.268729747
"64599",10379,-0.268750654
"57154",10380,-0.268797124
"22862",10381,-0.268837098
"643641",10382,-0.268842504
"8218",10383,-0.26886642
"56946",10384,-0.269164687
"80003",10385,-0.269264541
"8887",10386,-0.269329319
"143279",10387,-0.269453678
"1012",10388,-0.269627577
"84181",10389,-0.269846424
"8642",10390,-0.269921443
"54758",10391,-0.26992724
"27430",10392,-0.270113389
"282809",10393,-0.270146345
"84798",10394,-0.27018656
"2534",10395,-0.27019649
"4124",10396,-0.270395783
"84365",10397,-0.270588508
"10236",10398,-0.270818862
"83694",10399,-0.270819996
"81794",10400,-0.270820571
"54496",10401,-0.27086761
"6642",10402,-0.271024693
"647024",10403,-0.271130935
"5770",10404,-0.271195989
"3612",10405,-0.271300147
"9589",10406,-0.271344301
"112752",10407,-0.271435741
"7334",10408,-0.271495043
"693201",10409,-0.271841534
"50515",10410,-0.271844583
"80351",10411,-0.272122523
"9412",10412,-0.27223176
"25915",10413,-0.272328746
"92255",10414,-0.27234347
"8621",10415,-0.272484618
"23197",10416,-0.272543524
"23251",10417,-0.27254841
"50846",10418,-0.272774785
"54502",10419,-0.272902754
"65110",10420,-0.272925999
"4905",10421,-0.272962891
"389336",10422,-0.272998127
"23215",10423,-0.273150938
"2965",10424,-0.273161252
"1134",10425,-0.273205878
"118987",10426,-0.273350227
"54799",10427,-0.273361226
"113510",10428,-0.273732771
"4074",10429,-0.273744727
"8678",10430,-0.273780325
"55285",10431,-0.273862356
"3841",10432,-0.274046579
"196074",10433,-0.274068099
"79633",10434,-0.274353227
"138948",10435,-0.274465855
"51582",10436,-0.274673561
"80762",10437,-0.274720496
"1783",10438,-0.274811003
"26993",10439,-0.27491881
"6867",10440,-0.275038622
"4354",10441,-0.275068522
"25936",10442,-0.275233424
"7375",10443,-0.275276045
"402569",10444,-0.275788905
"6840",10445,-0.275960997
"55526",10446,-0.275997304
"221400",10447,-0.276052257
"55509",10448,-0.276160293
"64794",10449,-0.27636898
"57142",10450,-0.276373008
"10146",10451,-0.276395351
"783",10452,-0.276400973
"9869",10453,-0.276411035
"9874",10454,-0.276480751
"100861541",10455,-0.277010819
"1609",10456,-0.277068638
"64110",10457,-0.277136789
"23224",10458,-0.277285848
"55275",10459,-0.277485602
"125170",10460,-0.27751344
"26231",10461,-0.277724554
"7090",10462,-0.278190364
"54896",10463,-0.278259196
"253943",10464,-0.278320036
"79591",10465,-0.278408999
"64081",10466,-0.278443242
"83732",10467,-0.278589557
"6855",10468,-0.27860809
"5495",10469,-0.278609314
"85461",10470,-0.278818467
"347240",10471,-0.278821531
"2444",10472,-0.278955141
"58155",10473,-0.278960135
"26751",10474,-0.279150927
"642819",10475,-0.279169392
"64682",10476,-0.279176157
"375444",10477,-0.279665149
"57711",10478,-0.279784324
"29062",10479,-0.279795092
"25850",10480,-0.280240068
"9683",10481,-0.2802823
"84296",10482,-0.280393125
"89970",10483,-0.28050817
"160518",10484,-0.280691952
"6709",10485,-0.280709023
"6532",10486,-0.280892424
"254359",10487,-0.28114381
"546",10488,-0.281274315
"57479",10489,-0.281320711
"55233",10490,-0.281648741
"80774",10491,-0.281761792
"23394",10492,-0.281824528
"56098",10493,-0.281913246
"64927",10494,-0.281953408
"4488",10495,-0.281972963
"91646",10496,-0.282002681
"27349",10497,-0.282371319
"253714",10498,-0.28239057
"91369",10499,-0.282754962
"6091",10500,-0.282963385
"4013",10501,-0.283058323
"84897",10502,-0.283407886
"120379",10503,-0.283591701
"728190",10504,-0.283609214
"400242",10505,-0.283976948
"54885",10506,-0.284012735
"3977",10507,-0.284059649
"54993",10508,-0.284281412
"57498",10509,-0.284294634
"57835",10510,-0.284324208
"57122",10511,-0.284353921
"9989",10512,-0.284366605
"201158",10513,-0.284388475
"4091",10514,-0.284677261
"80727",10515,-0.284790626
"284565",10516,-0.284828616
"116442",10517,-0.285019732
"729082",10518,-0.28534925
"114825",10519,-0.28535782
"55164",10520,-0.28540304
"399959",10521,-0.285521915
"5013",10522,-0.285609772
"57136",10523,-0.285861234
"23139",10524,-0.285903536
"101928153",10525,-0.286011899
"4953",10526,-0.286062168
"56623",10527,-0.286077381
"109729173",10528,-0.286598032
"317662",10529,-0.286687471
"8694",10530,-0.286764548
"7247",10531,-0.286925342
"10691",10532,-0.287073799
"55697",10533,-0.287092053
"4627",10534,-0.287219587
"10998",10535,-0.287314498
"3590",10536,-0.288103292
"7372",10537,-0.288236701
"84614",10538,-0.288263973
"84319",10539,-0.288337191
"9128",10540,-0.288434891
"283820",10541,-0.288444027
"26958",10542,-0.288764608
"23054",10543,-0.288767899
"23165",10544,-0.288861469
"3955",10545,-0.289042287
"79571",10546,-0.28911487
"64759",10547,-0.289463514
"9859",10548,-0.289831326
"10640",10549,-0.289864396
"2595",10550,-0.29019348
"5101",10551,-0.290375389
"57577",10552,-0.290572816
"23331",10553,-0.290680887
"3949",10554,-0.290804119
"5395",10555,-0.290878836
"83479",10556,-0.29099216
"23568",10557,-0.291167436
"9948",10558,-0.291245018
"9126",10559,-0.291336574
"79953",10560,-0.291650728
"9575",10561,-0.291688798
"55296",10562,-0.291869334
"653510",10563,-0.291908633
"10714",10564,-0.292067348
"788",10565,-0.292099342
"345222",10566,-0.292380653
"6118",10567,-0.292453953
"146712",10568,-0.292660763
"11118",10569,-0.29288677
"5465",10570,-0.292890394
"55223",10571,-0.292959583
"55901",10572,-0.293186784
"101241892",10573,-0.293299503
"6654",10574,-0.29330969
"339123",10575,-0.293321558
"4987",10576,-0.293504748
"8733",10577,-0.293541212
"106478967",10578,-0.293624696
"57446",10579,-0.293690112
"57223",10580,-0.29373623
"8314",10581,-0.293761887
"79641",10582,-0.293960481
"399687",10583,-0.294066451
"399665",10584,-0.294148841
"26272",10585,-0.294346302
"84874",10586,-0.294498319
"55755",10587,-0.294529619
"55869",10588,-0.294749608
"1997",10589,-0.294892953
"292",10590,-0.294913642
"10243",10591,-0.295070728
"79894",10592,-0.295091483
"1468",10593,-0.295169885
"124923",10594,-0.295295587
"5802",10595,-0.295298017
"55621",10596,-0.295346128
"124989",10597,-0.295349225
"57187",10598,-0.295414286
"51012",10599,-0.29568678
"79070",10600,-0.295715581
"23161",10601,-0.295749496
"56257",10602,-0.295777798
"9518",10603,-0.296253768
"7003",10604,-0.29627945
"196951",10605,-0.296332605
"9537",10606,-0.296342911
"105378653",10607,-0.296378854
"372",10608,-0.296394088
"390980",10609,-0.296472056
"2131",10610,-0.296707181
"23160",10611,-0.296779403
"80740",10612,-0.297008158
"8844",10613,-0.297093345
"1108",10614,-0.297142375
"5464",10615,-0.297194282
"51340",10616,-0.297307486
"22978",10617,-0.297325725
"4830",10618,-0.29743195
"56910",10619,-0.297582689
"64080",10620,-0.297640869
"201895",10621,-0.297716867
"6326",10622,-0.297804288
"8736",10623,-0.297935667
"26122",10624,-0.298044031
"165324",10625,-0.298245639
"1456",10626,-0.298754169
"23176",10627,-0.298788857
"23089",10628,-0.298851353
"51307",10629,-0.299253921
"8648",10630,-0.299300149
"401612",10631,-0.299618072
"54823",10632,-0.299699193
"23380",10633,-0.299789909
"1264",10634,-0.299900626
"399726",10635,-0.299946292
"146664",10636,-0.300369357
"337867",10637,-0.300461385
"10628",10638,-0.300574891
"23129",10639,-0.30073254
"10869",10640,-0.300801064
"2535",10641,-0.300976584
"7629",10642,-0.301035788
"5218",10643,-0.301232611
"27134",10644,-0.301629792
"5158",10645,-0.301857319
"50717",10646,-0.301909532
"84441",10647,-0.30204278
"23",10648,-0.30205462
"9942",10649,-0.302126727
"10778",10650,-0.302490437
"51738",10651,-0.302941184
"7187",10652,-0.302972898
"64784",10653,-0.303020176
"154865",10654,-0.303072036
"10171",10655,-0.303146804
"116842",10656,-0.30328263
"23036",10657,-0.303372954
"1982",10658,-0.30341747
"388650",10659,-0.303452327
"114818",10660,-0.303458312
"51256",10661,-0.303459071
"5708",10662,-0.303474393
"56990",10663,-0.303645705
"255403",10664,-0.303730866
"51768",10665,-0.30375822
"8886",10666,-0.303771808
"4831",10667,-0.304121713
"286256",10668,-0.30421775
"101928238",10669,-0.304425942
"60491",10670,-0.304552014
"7769",10671,-0.304682798
"81875",10672,-0.304710156
"25981",10673,-0.304818522
"151313",10674,-0.304854686
"100630918",10675,-0.304958867
"2731",10676,-0.305172192
"729009",10677,-0.305320255
"54910",10678,-0.305454469
"11119",10679,-0.306073346
"7306",10680,-0.306098361
"148266",10681,-0.306212957
"83744",10682,-0.306401005
"79784",10683,-0.30664009
"57380",10684,-0.306650449
"101929516",10685,-0.306663643
"126526",10686,-0.307204235
"8395",10687,-0.30724868
"442213",10688,-0.307411203
"25960",10689,-0.307419817
"51441",10690,-0.307883633
"93166",10691,-0.307925639
"60626",10692,-0.30800878
"9675",10693,-0.30807425
"3840",10694,-0.308171378
"25852",10695,-0.308254448
"161823",10696,-0.308358348
"9581",10697,-0.308649341
"6726",10698,-0.308843698
"8639",10699,-0.308929042
"3799",10700,-0.308988649
"9016",10701,-0.30916203
"23113",10702,-0.309175322
"79589",10703,-0.309248425
"148252",10704,-0.309248655
"54878",10705,-0.309530867
"22990",10706,-0.309544442
"202",10707,-0.309603487
"100419056",10708,-0.309627261
"9873",10709,-0.309646834
"81610",10710,-0.309697532
"23530",10711,-0.30974342
"55260",10712,-0.309796789
"2149",10713,-0.309844632
"6575",10714,-0.310028349
"124997",10715,-0.31003353
"27333",10716,-0.31042692
"23077",10717,-0.310428112
"100418887",10718,-0.310502677
"57130",10719,-0.310518001
"93081",10720,-0.310632826
"6884",10721,-0.310733621
"6049",10722,-0.311293969
"65979",10723,-0.311379462
"54028",10724,-0.311421083
"10755",10725,-0.311431738
"22897",10726,-0.311582337
"311",10727,-0.311630259
"9738",10728,-0.311641328
"26095",10729,-0.311650326
"114801",10730,-0.311799817
"5445",10731,-0.31212239
"26134",10732,-0.312188302
"23376",10733,-0.31222859
"55857",10734,-0.312331863
"56987",10735,-0.312334587
"8706",10736,-0.312340385
"64965",10737,-0.312383319
"55188",10738,-0.312545225
"80178",10739,-0.312757299
"2799",10740,-0.312759367
"203523",10741,-0.312824908
"2110",10742,-0.312862973
"285755",10743,-0.313018854
"28514",10744,-0.313079604
"23107",10745,-0.313092907
"7754",10746,-0.313176254
"5602",10747,-0.313242751
"80129",10748,-0.313672659
"7738",10749,-0.313706629
"390226",10750,-0.31396645
"92312",10751,-0.314092564
"54756",10752,-0.314118632
"9277",10753,-0.314489943
"540",10754,-0.314630271
"283643",10755,-0.314912027
"50810",10756,-0.315061802
"79966",10757,-0.315065979
"2976",10758,-0.31543725
"2107",10759,-0.315448355
"285671",10760,-0.315488932
"79970",10761,-0.315688632
"6402",10762,-0.315705926
"375189",10763,-0.31571206
"55364",10764,-0.315915241
"10219",10765,-0.316014188
"2648",10766,-0.316309362
"22843",10767,-0.316504018
"79730",10768,-0.31685501
"9731",10769,-0.316875876
"8941",10770,-0.317037378
"57701",10771,-0.317224286
"7328",10772,-0.317266133
"11342",10773,-0.317361781
"199720",10774,-0.317617618
"11264",10775,-0.317638083
"4359",10776,-0.317904187
"4289",10777,-0.317942195
"25778",10778,-0.318316619
"23506",10779,-0.318373496
"7060",10780,-0.318414456
"6674",10781,-0.318608756
"5411",10782,-0.318694624
"5396",10783,-0.319255422
"114041",10784,-0.319311059
"374655",10785,-0.319381886
"6787",10786,-0.319483013
"9847",10787,-0.31959868
"3192",10788,-0.319645761
"10466",10789,-0.319727081
"128387",10790,-0.319858624
"441394",10791,-0.319977945
"375449",10792,-0.32012047
"84278",10793,-0.320124012
"727910",10794,-0.32019774
"79091",10795,-0.320344289
"1123",10796,-0.320512722
"84909",10797,-0.320556237
"81621",10798,-0.320577353
"58484",10799,-0.32064054
"132789",10800,-0.320650155
"339487",10801,-0.320701857
"9070",10802,-0.320725875
"54468",10803,-0.320735556
"158427",10804,-0.32093601
"11130",10805,-0.321139137
"3796",10806,-0.321213135
"10813",10807,-0.321214889
"51433",10808,-0.321290683
"55700",10809,-0.321301523
"2134",10810,-0.321389432
"990",10811,-0.321529043
"23456",10812,-0.32163918
"60487",10813,-0.322712525
"9534",10814,-0.322762973
"79649",10815,-0.322769374
"7292",10816,-0.322793914
"6925",10817,-0.322816583
"2124",10818,-0.323309501
"2146",10819,-0.323338731
"84839",10820,-0.323421561
"51124",10821,-0.323446426
"835",10822,-0.323468994
"23315",10823,-0.323513962
"516",10824,-0.323559495
"27246",10825,-0.323576741
"100507135",10826,-0.323713387
"100271849",10827,-0.323875915
"729438",10828,-0.32399147
"27075",10829,-0.324243696
"7473",10830,-0.324325574
"9231",10831,-0.324391353
"9382",10832,-0.324491007
"58492",10833,-0.324608443
"2130",10834,-0.32469041
"487",10835,-0.324835153
"10807",10836,-0.324910282
"51780",10837,-0.324981554
"221960",10838,-0.325088373
"57587",10839,-0.325548008
"94097",10840,-0.32562083
"23325",10841,-0.325854877
"7514",10842,-0.325914231
"1280",10843,-0.325916504
"11274",10844,-0.325931984
"54482",10845,-0.326557303
"5536",10846,-0.326595413
"1612",10847,-0.326652657
"4982",10848,-0.326747844
"27332",10849,-0.32689008
"11272",10850,-0.326971931
"94240",10851,-0.32715083
"7046",10852,-0.327282354
"57674",10853,-0.327299124
"114932",10854,-0.327568475
"5586",10855,-0.327568816
"51574",10856,-0.327573626
"84513",10857,-0.32771874
"9730",10858,-0.32785312
"6583",10859,-0.327865921
"23392",10860,-0.327977232
"23759",10861,-0.328062799
"1656",10862,-0.328065646
"26608",10863,-0.328159497
"150082",10864,-0.328258626
"282679",10865,-0.328296341
"3636",10866,-0.328343868
"26225",10867,-0.328352129
"114907",10868,-0.328386408
"79989",10869,-0.328396089
"79019",10870,-0.328634863
"1639",10871,-0.3289078
"285605",10872,-0.32893376
"92344",10873,-0.329002005
"11160",10874,-0.329004447
"10772",10875,-0.329090852
"84440",10876,-0.32946647
"23382",10877,-0.329566445
"51733",10878,-0.329567315
"57805",10879,-0.329674481
"64147",10880,-0.329871309
"728350",10881,-0.329901751
"56893",10882,-0.329925731
"284040",10883,-0.330209268
"3945",10884,-0.330226439
"6738",10885,-0.330538936
"28998",10886,-0.330580548
"657",10887,-0.330598041
"50804",10888,-0.330704211
"23644",10889,-0.330804544
"10048",10890,-0.331042892
"144501",10891,-0.331583961
"124245",10892,-0.332245136
"27063",10893,-0.332268493
"26240",10894,-0.332478302
"837",10895,-0.332527279
"84138",10896,-0.332563266
"9784",10897,-0.332636046
"80023",10898,-0.332659633
"55800",10899,-0.332713173
"57162",10900,-0.332735202
"2189",10901,-0.332736309
"55750",10902,-0.332777496
"135154",10903,-0.332787909
"3251",10904,-0.332856705
"5925",10905,-0.332987137
"117177",10906,-0.333344588
"7327",10907,-0.333616736
"83990",10908,-0.333638338
"79896",10909,-0.333693873
"7520",10910,-0.333714571
"55320",10911,-0.333721238
"2200",10912,-0.333781939
"2651",10913,-0.333858011
"221477",10914,-0.33391191
"54820",10915,-0.333943358
"26262",10916,-0.334314802
"9709",10917,-0.334338625
"158293",10918,-0.334414096
"9093",10919,-0.33445534
"375341",10920,-0.334535984
"646780",10921,-0.334587205
"55330",10922,-0.334772298
"100131454",10923,-0.3350214
"80013",10924,-0.335245965
"285704",10925,-0.335397614
"64792",10926,-0.33548085
"57050",10927,-0.335543695
"23187",10928,-0.335574096
"3698",10929,-0.335683025
"56970",10930,-0.33601665
"10317",10931,-0.33614742
"140459",10932,-0.336516252
"2246",10933,-0.336690809
"10943",10934,-0.336859838
"57669",10935,-0.336911301
"91442",10936,-0.337109282
"102724360",10937,-0.337288463
"284370",10938,-0.337430278
"84916",10939,-0.33747465
"55695",10940,-0.337528337
"80320",10941,-0.337673107
"80765",10942,-0.337730424
"54938",10943,-0.33786439
"4053",10944,-0.338048987
"4610",10945,-0.338218928
"10988",10946,-0.338233016
"4077",10947,-0.338317163
"8065",10948,-0.338373037
"132241",10949,-0.338750068
"4898",10950,-0.338842976
"5939",10951,-0.339126013
"7175",10952,-0.339341127
"54432",10953,-0.339351815
"5036",10954,-0.339422051
"112577464",10955,-0.339618754
"4041",10956,-0.33970674
"23396",10957,-0.339723707
"91695",10958,-0.339813404
"27338",10959,-0.340248846
"55727",10960,-0.340333711
"9648",10961,-0.340691321
"55623",10962,-0.340736341
"2898",10963,-0.340737878
"10463",10964,-0.340741444
"23464",10965,-0.340760376
"83988",10966,-0.340879533
"5433",10967,-0.340915034
"5480",10968,-0.34160427
"120114",10969,-0.34182248
"3344",10970,-0.341909462
"51196",10971,-0.342161306
"112495",10972,-0.342197925
"54856",10973,-0.342395667
"144402",10974,-0.342520281
"4810",10975,-0.342864759
"653115",10976,-0.342924329
"51575",10977,-0.342967367
"91661",10978,-0.343170658
"7779",10979,-0.343350895
"644761",10980,-0.343361649
"100996539",10981,-0.343495242
"28977",10982,-0.343543504
"55222",10983,-0.343755252
"22873",10984,-0.343826498
"79033",10985,-0.343903398
"51566",10986,-0.343923127
"100499177",10987,-0.343930508
"5496",10988,-0.343966575
"27292",10989,-0.343998322
"100506866",10990,-0.34413674
"55636",10991,-0.34421088
"23213",10992,-0.344292854
"4644",10993,-0.34438174
"2622",10994,-0.344453407
"374872",10995,-0.344563969
"53615",10996,-0.344614265
"10371",10997,-0.345466544
"5584",10998,-0.345627701
"100289341",10999,-0.345787633
"339229",11000,-0.345845215
"113878",11001,-0.345874151
"130888",11002,-0.346125679
"222662",11003,-0.346367942
"100129075",11004,-0.346911715
"26301",11005,-0.34696875
"11020",11006,-0.347060327
"90204",11007,-0.347095861
"200025",11008,-0.347211888
"8605",11009,-0.347333342
"79023",11010,-0.347472434
"92305",11011,-0.347661161
"79670",11012,-0.347874401
"54741",11013,-0.348174478
"4718",11014,-0.348366966
"91754",11015,-0.348483852
"1717",11016,-0.348524886
"829",11017,-0.348733465
"79817",11018,-0.349190743
"56884",11019,-0.349255678
"1",11020,-0.349286669
"9812",11021,-0.349366055
"54584",11022,-0.349482775
"6605",11023,-0.349570683
"54995",11024,-0.34959648
"10574",11025,-0.349665945
"10384",11026,-0.350037849
"54471",11027,-0.350151363
"5440",11028,-0.350164687
"56674",11029,-0.350771093
"84277",11030,-0.350892586
"84259",11031,-0.350931378
"25879",11032,-0.350947585
"25776",11033,-0.351036517
"10079",11034,-0.351044627
"9674",11035,-0.351116015
"100129973",11036,-0.351119399
"10200",11037,-0.351339286
"113451",11038,-0.351403134
"84126",11039,-0.351410471
"5860",11040,-0.351695291
"56975",11041,-0.351954157
"1436",11042,-0.351980229
"83607",11043,-0.352215048
"125919",11044,-0.352232436
"2963",11045,-0.352610677
"4294",11046,-0.352666212
"7644",11047,-0.352761878
"7072",11048,-0.353029497
"11034",11049,-0.353071453
"3791",11050,-0.3534767
"79979",11051,-0.353910028
"100130890",11052,-0.354279875
"56111",11053,-0.354335113
"4163",11054,-0.354742145
"55102",11055,-0.354769372
"7162",11056,-0.35478279
"375056",11057,-0.354784112
"55316",11058,-0.354792095
"57489",11059,-0.354806001
"1642",11060,-0.3549072
"7227",11061,-0.355584693
"6646",11062,-0.35562514
"51585",11063,-0.355632342
"729359",11064,-0.355635598
"22997",11065,-0.355781953
"55177",11066,-0.355901617
"9901",11067,-0.356090282
"81889",11068,-0.356217078
"4704",11069,-0.356225585
"54870",11070,-0.356428626
"22931",11071,-0.356470692
"839",11072,-0.356781135
"160140",11073,-0.356819825
"104355426",11074,-0.357074896
"84133",11075,-0.357336683
"84891",11076,-0.357353072
"10217",11077,-0.357483226
"55744",11078,-0.357604172
"439931",11079,-0.357737536
"80317",11080,-0.357770171
"100507401",11081,-0.357773069
"56127",11082,-0.357781398
"64854",11083,-0.3580059
"55193",11084,-0.358232071
"2175",11085,-0.358369964
"54982",11086,-0.358375368
"79673",11087,-0.358519241
"1266",11088,-0.358590173
"25924",11089,-0.35870929
"9688",11090,-0.358758945
"7263",11091,-0.359005742
"57468",11092,-0.359015687
"9919",11093,-0.359470637
"3930",11094,-0.359917052
"6584",11095,-0.360020171
"7415",11096,-0.360202478
"10908",11097,-0.360211034
"109",11098,-0.360219321
"55147",11099,-0.360312285
"729993",11100,-0.360315466
"836",11101,-0.360969069
"200081",11102,-0.361007367
"327",11103,-0.361134982
"231",11104,-0.361188092
"9993",11105,-0.36124989
"131583",11106,-0.361365793
"84612",11107,-0.361415318
"317781",11108,-0.361504406
"100506540",11109,-0.361684321
"7064",11110,-0.361798442
"54510",11111,-0.362007345
"85352",11112,-0.362110268
"100505616",11113,-0.362313147
"647135",11114,-0.362358084
"151195",11115,-0.362421627
"9559",11116,-0.362498294
"115362",11117,-0.362524756
"60559",11118,-0.362846229
"23389",11119,-0.362877186
"57019",11120,-0.362911502
"147166",11121,-0.363031837
"4976",11122,-0.36303223
"120526",11123,-0.363050112
"57192",11124,-0.363070408
"7776",11125,-0.363093023
"10787",11126,-0.36326306
"80198",11127,-0.363678032
"9670",11128,-0.363738014
"79982",11129,-0.363976593
"728377",11130,-0.364052114
"57542",11131,-0.364210686
"3383",11132,-0.364503104
"7342",11133,-0.364606298
"23746",11134,-0.364744589
"55298",11135,-0.364753324
"8935",11136,-0.364796287
"23383",11137,-0.364871145
"10713",11138,-0.364894442
"9039",11139,-0.365083658
"54476",11140,-0.365163768
"54508",11141,-0.365189229
"11245",11142,-0.365193183
"256364",11143,-0.365299487
"201595",11144,-0.365309595
"51714",11145,-0.365375679
"7156",11146,-0.365452277
"79987",11147,-0.36549037
"81928",11148,-0.365555796
"81037",11149,-0.365946655
"286075",11150,-0.365986891
"585",11151,-0.366017936
"50944",11152,-0.366524286
"23253",11153,-0.366758089
"57132",11154,-0.366941606
"7465",11155,-0.367035432
"23168",11156,-0.367472552
"4542",11157,-0.367560244
"9312",11158,-0.367631133
"7019",11159,-0.367721987
"158358",11160,-0.367776489
"192111",11161,-0.367908644
"6599",11162,-0.36804477
"9533",11163,-0.368091256
"64327",11164,-0.368162497
"118672",11165,-0.368165824
"84250",11166,-0.368410568
"4249",11167,-0.368699391
"10576",11168,-0.368711426
"6370",11169,-0.368944128
"84128",11170,-0.368974629
"5362",11171,-0.369008987
"168374",11172,-0.369174681
"64123",11173,-0.369225407
"23312",11174,-0.369393727
"4678",11175,-0.369435272
"1840",11176,-0.369469463
"493753",11177,-0.369714171
"4670",11178,-0.370097281
"55110",11179,-0.370135075
"134359",11180,-0.370235837
"54875",11181,-0.3702676
"106480350",11182,-0.370335535
"64963",11183,-0.37034876
"24137",11184,-0.370442675
"79109",11185,-0.370661859
"64426",11186,-0.37078852
"25788",11187,-0.37097921
"8777",11188,-0.370995854
"3313",11189,-0.371194259
"55181",11190,-0.37124327
"552889",11191,-0.371450454
"84498",11192,-0.371673976
"1241",11193,-0.371777716
"51054",11194,-0.371781662
"4897",11195,-0.372104597
"3336",11196,-0.372499946
"388552",11197,-0.372626782
"26037",11198,-0.372629608
"8934",11199,-0.372663032
"729597",11200,-0.372879256
"140687",11201,-0.373008867
"4302",11202,-0.373262944
"1500",11203,-0.373386298
"10016",11204,-0.373400693
"390",11205,-0.373478858
"5833",11206,-0.373507442
"100130519",11207,-0.37351604
"683",11208,-0.373731406
"130589",11209,-0.373743318
"100130097",11210,-0.373859608
"6451",11211,-0.374073316
"23031",11212,-0.374075916
"1984",11213,-0.374080795
"5813",11214,-0.374299615
"6198",11215,-0.374323502
"106480240",11216,-0.374353936
"101928403",11217,-0.374904092
"56898",11218,-0.374912834
"92906",11219,-0.374978176
"5016",11220,-0.375085351
"9725",11221,-0.375087262
"81556",11222,-0.375100597
"126328",11223,-0.375141865
"1139",11224,-0.375254917
"254128",11225,-0.375295581
"56204",11226,-0.375498966
"889",11227,-0.375633168
"25940",11228,-0.375677928
"11171",11229,-0.375804958
"653199",11230,-0.376093771
"55753",11231,-0.376156459
"80007",11232,-0.376314353
"2022",11233,-0.376913239
"221584",11234,-0.376947051
"27250",11235,-0.37716891
"26073",11236,-0.377204376
"79844",11237,-0.377295007
"11159",11238,-0.377607604
"23264",11239,-0.377773544
"49856",11240,-0.37780762
"55666",11241,-0.377928577
"26145",11242,-0.378155012
"5796",11243,-0.378670023
"79646",11244,-0.378916825
"2191",11245,-0.378971886
"51684",11246,-0.379031484
"1901",11247,-0.379191617
"118429",11248,-0.379218705
"196441",11249,-0.379381035
"388324",11250,-0.379446668
"79676",11251,-0.379591372
"898",11252,-0.379835032
"3340",11253,-0.379937516
"90864",11254,-0.380042452
"100420300",11255,-0.380061186
"100144602",11256,-0.380149735
"54434",11257,-0.380237678
"23019",11258,-0.380253518
"284695",11259,-0.38033165
"128240",11260,-0.380595341
"80328",11261,-0.380651258
"55154",11262,-0.380759287
"59283",11263,-0.381054201
"151295",11264,-0.381433191
"65983",11265,-0.38153874
"23318",11266,-0.381569406
"55760",11267,-0.381805381
"79414",11268,-0.381810394
"5049",11269,-0.381920879
"222698",11270,-0.381963828
"51276",11271,-0.382046931
"7566",11272,-0.382111801
"2878",11273,-0.382238953
"91544",11274,-0.382244826
"649873",11275,-0.382330253
"8291",11276,-0.382447036
"7260",11277,-0.383144315
"3382",11278,-0.383508891
"4076",11279,-0.383609131
"84286",11280,-0.383617249
"79744",11281,-0.383676904
"148268",11282,-0.383789237
"149371",11283,-0.383845834
"79072",11284,-0.384095726
"23314",11285,-0.384124919
"607",11286,-0.384406913
"6860",11287,-0.384562899
"84437",11288,-0.384654359
"57480",11289,-0.384664983
"400569",11290,-0.384797459
"28969",11291,-0.384853901
"7317",11292,-0.385424091
"387921",11293,-0.385479517
"114112",11294,-0.385480462
"6103",11295,-0.385599035
"8508",11296,-0.385739632
"26152",11297,-0.385760873
"9583",11298,-0.38582609
"9459",11299,-0.386006405
"55605",11300,-0.386191112
"79050",11301,-0.386557092
"29954",11302,-0.386610216
"25864",11303,-0.386944563
"285550",11304,-0.387028963
"9031",11305,-0.387144902
"2502",11306,-0.387313225
"182",11307,-0.387369408
"2551",11308,-0.387526654
"284348",11309,-0.387617094
"55660",11310,-0.387821244
"10139",11311,-0.38783715
"10771",11312,-0.38789322
"645638",11313,-0.387901758
"65062",11314,-0.387953072
"1105",11315,-0.388140078
"10497",11316,-0.388152246
"8569",11317,-0.388388822
"8828",11318,-0.388685729
"3454",11319,-0.38871511
"22944",11320,-0.388809293
"57089",11321,-0.38895863
"51765",11322,-0.388996339
"10717",11323,-0.389157105
"4591",11324,-0.389282331
"130355",11325,-0.389332378
"9926",11326,-0.389369395
"53354",11327,-0.389407946
"256356",11328,-0.38974143
"22870",11329,-0.389886131
"9969",11330,-0.390307679
"25934",11331,-0.390358778
"6917",11332,-0.3906813
"11158",11333,-0.390819154
"100507444",11334,-0.390966628
"647087",11335,-0.391416606
"92335",11336,-0.391479
"90141",11337,-0.391667515
"401491",11338,-0.391766282
"397",11339,-0.3918457
"4771",11340,-0.391979829
"7561",11341,-0.392042666
"3093",11342,-0.392529385
"92579",11343,-0.392599789
"54916",11344,-0.392624552
"23583",11345,-0.392860583
"7164",11346,-0.393148032
"9019",11347,-0.393568422
"26031",11348,-0.393632248
"57862",11349,-0.393635558
"23405",11350,-0.393759173
"11103",11351,-0.393980273
"10890",11352,-0.394317087
"29071",11353,-0.394391493
"83987",11354,-0.394466502
"112398",11355,-0.394610115
"22908",11356,-0.394626477
"5529",11357,-0.394639891
"3070",11358,-0.394812538
"83986",11359,-0.394813904
"84436",11360,-0.394837172
"55765",11361,-0.39484128
"100128788",11362,-0.394857362
"4891",11363,-0.395302461
"83540",11364,-0.395312406
"23493",11365,-0.395562479
"157285",11366,-0.395574278
"106481074",11367,-0.395596974
"1793",11368,-0.395739008
"3177",11369,-0.395744315
"28957",11370,-0.395776727
"440104",11371,-0.395804022
"114971",11372,-0.395892646
"7070",11373,-0.395922421
"100996717",11374,-0.396039882
"54951",11375,-0.39627403
"51318",11376,-0.396318017
"2166",11377,-0.396364669
"392",11378,-0.396445815
"100506637",11379,-0.39646771
"7013",11380,-0.396502038
"114926",11381,-0.396539603
"10247",11382,-0.396847567
"23503",11383,-0.396853731
"10527",11384,-0.396944528
"375035",11385,-0.397222239
"2517",11386,-0.397413656
"23228",11387,-0.397859489
"404636",11388,-0.397927826
"23300",11389,-0.397946335
"100128890",11390,-0.397952534
"643338",11391,-0.397967874
"11060",11392,-0.398066543
"115",11393,-0.398161655
"23347",11394,-0.398202825
"57492",11395,-0.398392182
"100505592",11396,-0.398857487
"147991",11397,-0.398863556
"25782",11398,-0.398864926
"375743",11399,-0.398959593
"721",11400,-0.399049316
"84190",11401,-0.399122062
"10970",11402,-0.399209474
"8878",11403,-0.39943104
"51104",11404,-0.399517801
"100131067",11405,-0.39953577
"4999",11406,-0.399614571
"23060",11407,-0.399621003
"84197",11408,-0.399753124
"27130",11409,-0.399938702
"83473",11410,-0.400423862
"100505876",11411,-0.400519898
"23231",11412,-0.400533082
"389072",11413,-0.400760502
"642938",11414,-0.400833905
"29058",11415,-0.400889762
"22900",11416,-0.400980272
"8930",11417,-0.401093165
"6655",11418,-0.40121737
"1353",11419,-0.401244432
"51085",11420,-0.401342269
"6558",11421,-0.401475653
"6491",11422,-0.401477846
"729416",11423,-0.401563465
"150368",11424,-0.401673443
"10193",11425,-0.401748603
"347918",11426,-0.402087314
"55717",11427,-0.402332546
"6819",11428,-0.402450132
"9912",11429,-0.402485419
"148418",11430,-0.402541435
"26960",11431,-0.402562553
"733",11432,-0.402887413
"126306",11433,-0.402946872
"29855",11434,-0.403043967
"1212",11435,-0.403092748
"22834",11436,-0.403291483
"11163",11437,-0.403309175
"5359",11438,-0.403393872
"23158",11439,-0.403552682
"286042",11440,-0.403799547
"84530",11441,-0.403939496
"347475",11442,-0.403939603
"55125",11443,-0.404110689
"7268",11444,-0.40420376
"83594",11445,-0.404246242
"728655",11446,-0.404280755
"1496",11447,-0.404357948
"9075",11448,-0.404370684
"23047",11449,-0.404506782
"84687",11450,-0.404548829
"129401",11451,-0.40456967
"4780",11452,-0.404692815
"23243",11453,-0.404719661
"80131",11454,-0.404754596
"100288142",11455,-0.40481568
"5998",11456,-0.405334289
"284306",11457,-0.405424763
"4940",11458,-0.405431552
"100505678",11459,-0.405568731
"2717",11460,-0.405678297
"23514",11461,-0.405749638
"55833",11462,-0.405780717
"2820",11463,-0.405811399
"9133",11464,-0.405929511
"114781",11465,-0.40620933
"113263",11466,-0.406222614
"9406",11467,-0.406330667
"2064",11468,-0.407076116
"5913",11469,-0.407240289
"91137",11470,-0.407287183
"6236",11471,-0.407290443
"10825",11472,-0.407559933
"440078",11473,-0.407887172
"117246",11474,-0.407970745
"79833",11475,-0.40797303
"25909",11476,-0.408089141
"4001",11477,-0.408363526
"401207",11478,-0.408393322
"55156",11479,-0.40839505
"84895",11480,-0.408402901
"84896",11481,-0.408483528
"5364",11482,-0.408583705
"196446",11483,-0.408843421
"8487",11484,-0.408978741
"93134",11485,-0.409011287
"23235",11486,-0.409159893
"30836",11487,-0.409379584
"101928736",11488,-0.409471257
"23266",11489,-0.40957512
"10044",11490,-0.409611296
"3064",11491,-0.409838946
"116986",11492,-0.410136966
"50999",11493,-0.410510903
"8943",11494,-0.410581179
"133584",11495,-0.410587336
"81627",11496,-0.410718855
"83451",11497,-0.410900566
"50832",11498,-0.411011442
"55862",11499,-0.411198119
"79710",11500,-0.411202229
"57710",11501,-0.411227839
"80067",11502,-0.411873554
"644172",11503,-0.41202496
"387492",11504,-0.412205176
"5738",11505,-0.412483017
"120534",11506,-0.412546007
"56062",11507,-0.412666521
"80036",11508,-0.412773241
"9693",11509,-0.413355281
"27248",11510,-0.413424453
"84229",11511,-0.413458258
"23406",11512,-0.413618248
"9354",11513,-0.41365999
"80315",11514,-0.413755459
"9495",11515,-0.413776959
"132949",11516,-0.413832849
"345930",11517,-0.414282412
"80824",11518,-0.414510785
"51535",11519,-0.414642321
"23133",11520,-0.414648444
"8502",11521,-0.414800512
"26151",11522,-0.415022778
"284080",11523,-0.415073988
"26235",11524,-0.4151439
"80318",11525,-0.415196433
"25843",11526,-0.415449183
"10944",11527,-0.415521031
"55269",11528,-0.415673268
"389856",11529,-0.415793158
"7185",11530,-0.415997681
"113540",11531,-0.416249913
"57520",11532,-0.416569203
"9202",11533,-0.416849911
"55349",11534,-0.416900897
"6609",11535,-0.417022596
"90120",11536,-0.417026512
"10346",11537,-0.417135886
"5191",11538,-0.417143294
"117283",11539,-0.417355461
"147804",11540,-0.417620866
"10886",11541,-0.417719043
"85449",11542,-0.41779676
"9653",11543,-0.417797836
"81930",11544,-0.417826132
"286",11545,-0.418440805
"79974",11546,-0.41847125
"129530",11547,-0.41849451
"7259",11548,-0.418521026
"114822",11549,-0.418944425
"10780",11550,-0.418975714
"84267",11551,-0.419113089
"51075",11552,-0.419166139
"9013",11553,-0.41916948
"7711",11554,-0.419274656
"339210",11555,-0.41929437
"25854",11556,-0.419470492
"51096",11557,-0.420136729
"10608",11558,-0.420210871
"64326",11559,-0.420248151
"4254",11560,-0.420304425
"1809",11561,-0.420309399
"9654",11562,-0.420317198
"146223",11563,-0.420317936
"2967",11564,-0.420815078
"23576",11565,-0.420903337
"10166",11566,-0.420959416
"23509",11567,-0.421112938
"6550",11568,-0.421192274
"4338",11569,-0.421369786
"201965",11570,-0.421570971
"56995",11571,-0.42168082
"100526737",11572,-0.421878038
"6196",11573,-0.421900292
"84527",11574,-0.421932893
"1956",11575,-0.422036889
"144347",11576,-0.422304629
"50840",11577,-0.422466146
"1104",11578,-0.422533189
"4133",11579,-0.422591922
"157869",11580,-0.423028391
"84272",11581,-0.423141656
"6322",11582,-0.423187127
"9435",11583,-0.423550697
"29110",11584,-0.423557707
"133015",11585,-0.423677133
"965",11586,-0.423956566
"57594",11587,-0.424003025
"7448",11588,-0.424216726
"388536",11589,-0.424548063
"3431",11590,-0.424571971
"84905",11591,-0.424678786
"285193",11592,-0.425004777
"79590",11593,-0.425038205
"5621",11594,-0.425140588
"51280",11595,-0.425591318
"7551",11596,-0.425889578
"7753",11597,-0.426189049
"84081",11598,-0.426227315
"93664",11599,-0.426296788
"9196",11600,-0.426466763
"10297",11601,-0.427090797
"3351",11602,-0.427164515
"686",11603,-0.427320089
"11126",11604,-0.42736823
"5431",11605,-0.427412722
"9910",11606,-0.42788868
"10425",11607,-0.427929648
"54718",11608,-0.427984063
"1825",11609,-0.428271142
"114044",11610,-0.428373298
"11093",11611,-0.428437979
"2919",11612,-0.42850977
"154",11613,-0.428571205
"9749",11614,-0.428660929
"113457",11615,-0.428965583
"717",11616,-0.429120573
"9098",11617,-0.429268217
"83468",11618,-0.429368042
"23087",11619,-0.429738099
"388561",11620,-0.430133404
"51144",11621,-0.430527792
"169792",11622,-0.430540102
"116151",11623,-0.430746441
"113",11624,-0.43078622
"112479",11625,-0.430796486
"379",11626,-0.431046013
"9120",11627,-0.431081189
"9563",11628,-0.431318955
"64375",11629,-0.431489171
"147929",11630,-0.431514385
"79725",11631,-0.431550343
"10818",11632,-0.431615149
"55361",11633,-0.431718363
"27241",11634,-0.431791193
"65095",11635,-0.431944649
"55616",11636,-0.432399634
"4478",11637,-0.432449938
"283337",11638,-0.432527989
"8029",11639,-0.432529292
"81029",11640,-0.432683707
"338596",11641,-0.432701388
"51057",11642,-0.432872347
"25904",11643,-0.432874794
"158228",11644,-0.432910059
"4794",11645,-0.433166369
"85463",11646,-0.43328733
"92591",11647,-0.433315881
"25926",11648,-0.433609159
"284390",11649,-0.433635652
"203111",11650,-0.433663621
"28991",11651,-0.433839839
"7633",11652,-0.433899718
"92106",11653,-0.433971568
"55670",11654,-0.434015665
"284615",11655,-0.434101685
"1653",11656,-0.434110502
"83858",11657,-0.434174913
"9374",11658,-0.434210867
"170506",11659,-0.434461305
"3842",11660,-0.434675148
"5896",11661,-0.434753425
"55103",11662,-0.434817682
"55614",11663,-0.434889835
"9364",11664,-0.435014439
"9911",11665,-0.435040363
"90427",11666,-0.43504995
"7940",11667,-0.435486164
"9162",11668,-0.43573564
"6651",11669,-0.435775364
"25853",11670,-0.436067456
"375593",11671,-0.436164653
"130576",11672,-0.436213444
"7733",11673,-0.436242594
"257144",11674,-0.436432366
"23026",11675,-0.436630735
"6453",11676,-0.43664126
"1060",11677,-0.436702469
"134957",11678,-0.436905372
"84292",11679,-0.437124727
"23274",11680,-0.43718789
"148327",11681,-0.437229199
"23649",11682,-0.437338615
"8491",11683,-0.43752408
"5530",11684,-0.437524558
"80169",11685,-0.437549952
"345630",11686,-0.437595987
"57704",11687,-0.437796727
"6879",11688,-0.437806462
"7866",11689,-0.438038145
"222696",11690,-0.438069001
"64397",11691,-0.438124961
"26750",11692,-0.438308084
"57057",11693,-0.438684141
"2317",11694,-0.438693245
"51296",11695,-0.438704914
"5921",11696,-0.438713428
"130827",11697,-0.438750817
"55088",11698,-0.438875525
"11152",11699,-0.438946718
"84298",11700,-0.439021844
"490",11701,-0.439234434
"100009676",11702,-0.439673813
"6342",11703,-0.439847921
"1244",11704,-0.439989499
"1620",11705,-0.440138813
"3633",11706,-0.440155646
"57654",11707,-0.440207186
"654434",11708,-0.440523203
"64332",11709,-0.440592969
"64795",11710,-0.440644694
"30812",11711,-0.440766807
"9088",11712,-0.440804717
"26353",11713,-0.440860746
"50939",11714,-0.441119062
"139322",11715,-0.441142714
"79971",11716,-0.44121206
"112755",11717,-0.44166448
"51602",11718,-0.441750718
"54905",11719,-0.441771772
"8625",11720,-0.442079853
"100506881",11721,-0.442529704
"132321",11722,-0.442820181
"7539",11723,-0.442971591
"91603",11724,-0.442992744
"100421351",11725,-0.443057966
"7376",11726,-0.443434107
"4853",11727,-0.443550267
"23022",11728,-0.443910778
"93058",11729,-0.444004355
"91749",11730,-0.444018149
"8019",11731,-0.444033503
"7166",11732,-0.444113245
"54839",11733,-0.444140882
"23250",11734,-0.444156781
"79858",11735,-0.444510453
"23640",11736,-0.444587271
"21",11737,-0.444629024
"23513",11738,-0.444833122
"54469",11739,-0.444952716
"56106",11740,-0.444968674
"131566",11741,-0.444979186
"23350",11742,-0.444992457
"63916",11743,-0.445099929
"5027",11744,-0.445201703
"5686",11745,-0.445277727
"1638",11746,-0.44550934
"6305",11747,-0.445586214
"119559",11748,-0.445624186
"6432",11749,-0.445908658
"100507244",11750,-0.44692835
"9221",11751,-0.447038885
"10363",11752,-0.447212829
"101926987",11753,-0.44743334
"55729",11754,-0.447788155
"260425",11755,-0.447856482
"65082",11756,-0.44790897
"5938",11757,-0.447944627
"57129",11758,-0.448072552
"3217",11759,-0.448207141
"1778",11760,-0.448622806
"130940",11761,-0.44884102
"645958",11762,-0.448865875
"106481513",11763,-0.449079568
"150383",11764,-0.449489128
"283417",11765,-0.449489725
"6442",11766,-0.449517444
"8243",11767,-0.449718834
"285237",11768,-0.449833998
"284805",11769,-0.44997553
"57617",11770,-0.449990732
"1021",11771,-0.450031055
"138716",11772,-0.450224509
"7093",11773,-0.450386137
"55780",11774,-0.45058489
"65072",11775,-0.450591668
"80149",11776,-0.450856058
"6785",11777,-0.450901914
"100129836",11778,-0.451010485
"7402",11779,-0.451018045
"348254",11780,-0.451189052
"284114",11781,-0.451631953
"7696",11782,-0.451642531
"56911",11783,-0.451796343
"54925",11784,-0.451983636
"79832",11785,-0.45199612
"2972",11786,-0.452036017
"11260",11787,-0.452108769
"606495",11788,-0.452294585
"1657",11789,-0.452616763
"55252",11790,-0.452752368
"390598",11791,-0.452986502
"1020",11792,-0.453214895
"341676",11793,-0.453240518
"57335",11794,-0.453447728
"5069",11795,-0.453576012
"91107",11796,-0.45378491
"117155",11797,-0.454328605
"55225",11798,-0.454389309
"5111",11799,-0.454418052
"5137",11800,-0.454476964
"113655",11801,-0.45447769
"4796",11802,-0.454741536
"339044",11803,-0.454798042
"80237",11804,-0.454917201
"79882",11805,-0.45507287
"64283",11806,-0.455142279
"29957",11807,-0.455253395
"84101",11808,-0.455260732
"4609",11809,-0.455349254
"149420",11810,-0.455840206
"79134",11811,-0.456210584
"6720",11812,-0.456301492
"741",11813,-0.456317056
"2730",11814,-0.456323673
"135138",11815,-0.456335025
"151050",11816,-0.456395083
"23450",11817,-0.45646863
"84159",11818,-0.456513877
"9330",11819,-0.456827343
"101929591",11820,-0.457065299
"8560",11821,-0.457067889
"221017",11822,-0.45710754
"158219",11823,-0.457501948
"3082",11824,-0.457625626
"79811",11825,-0.458119918
"26015",11826,-0.458121989
"9183",11827,-0.458191167
"171427",11828,-0.458249446
"84064",11829,-0.458352014
"54532",11830,-0.458397981
"54780",11831,-0.458817377
"9886",11832,-0.45907686
"404201",11833,-0.45909568
"7552",11834,-0.459233892
"100132406",11835,-0.459617283
"155061",11836,-0.459886028
"80336",11837,-0.459894165
"84553",11838,-0.460023968
"8501",11839,-0.460142901
"8888",11840,-0.460439339
"359739",11841,-0.460620549
"51199",11842,-0.460688492
"51112",11843,-0.460691744
"8493",11844,-0.460803419
"90390",11845,-0.460974973
"389362",11846,-0.461458449
"7132",11847,-0.461645269
"8031",11848,-0.461665549
"23362",11849,-0.462007093
"51377",11850,-0.462042844
"79943",11851,-0.46215104
"60481",11852,-0.46218324
"9890",11853,-0.462584397
"6297",11854,-0.462647083
"142940",11855,-0.462797431
"9913",11856,-0.463322153
"51661",11857,-0.46338495
"9479",11858,-0.463578232
"140739",11859,-0.463744906
"692086",11860,-0.464004094
"5098",11861,-0.464349328
"28512",11862,-0.464667188
"11329",11863,-0.46468842
"4671",11864,-0.464725697
"929",11865,-0.464742409
"113444",11866,-0.464890769
"144717",11867,-0.464963447
"578",11868,-0.465015919
"64324",11869,-0.465137971
"4763",11870,-0.465229502
"2674",11871,-0.465544965
"29928",11872,-0.46561508
"152007",11873,-0.465659124
"57761",11874,-0.465829095
"100422945",11875,-0.465834817
"79877",11876,-0.465875123
"164284",11877,-0.465906695
"57473",11878,-0.465906845
"55578",11879,-0.465961835
"84146",11880,-0.466040645
"54965",11881,-0.466497295
"22796",11882,-0.466765495
"101928578",11883,-0.466921245
"8564",11884,-0.467206533
"22932",11885,-0.467587284
"221527",11886,-0.467653415
"7102",11887,-0.467753986
"90333",11888,-0.467782291
"7048",11889,-0.467909392
"92105",11890,-0.46806311
"8847",11891,-0.46836635
"92595",11892,-0.468659857
"2788",11893,-0.468944077
"83786",11894,-0.468992256
"84312",11895,-0.469012041
"6689",11896,-0.469089614
"100874092",11897,-0.469161533
"10487",11898,-0.469703865
"5631",11899,-0.469804555
"221061",11900,-0.469834481
"100505696",11901,-0.469917471
"3295",11902,-0.47005332
"2744",11903,-0.470331592
"147923",11904,-0.470338403
"79840",11905,-0.470668676
"10391",11906,-0.470671456
"64432",11907,-0.470729479
"200172",11908,-0.470731062
"373156",11909,-0.470787689
"158135",11910,-0.471021968
"317671",11911,-0.471060183
"9927",11912,-0.471382065
"8546",11913,-0.471540644
"1838",11914,-0.471597286
"3597",11915,-0.471616379
"9855",11916,-0.471644973
"54534",11917,-0.472047641
"55681",11918,-0.472455229
"100288432",11919,-0.472556013
"196294",11920,-0.472572774
"10411",11921,-0.47333268
"375190",11922,-0.473406664
"10969",11923,-0.47355835
"84187",11924,-0.473810116
"326300",11925,-0.474056288
"10626",11926,-0.474150984
"79968",11927,-0.47417243
"79135",11928,-0.474240998
"54676",11929,-0.4742439
"8637",11930,-0.474902272
"22907",11931,-0.474969343
"29057",11932,-0.475020116
"8327",11933,-0.475128796
"6773",11934,-0.475187337
"84132",11935,-0.475252487
"390916",11936,-0.475516385
"147670",11937,-0.475516885
"9213",11938,-0.475653592
"440944",11939,-0.476071122
"93649",11940,-0.476071869
"57724",11941,-0.476105644
"8851",11942,-0.476149374
"6603",11943,-0.476264749
"5422",11944,-0.476269882
"114789",11945,-0.47640946
"54969",11946,-0.476437695
"6832",11947,-0.476554455
"56977",11948,-0.476691729
"2710",11949,-0.476736146
"56474",11950,-0.476744202
"163050",11951,-0.477002137
"534",11952,-0.477283048
"1979",11953,-0.477289932
"29123",11954,-0.477343844
"26097",11955,-0.477577595
"9521",11956,-0.477597141
"5889",11957,-0.477670481
"285958",11958,-0.477775047
"7916",11959,-0.477792936
"83692",11960,-0.477796495
"55793",11961,-0.477842194
"253190",11962,-0.47833448
"64105",11963,-0.478365143
"84734",11964,-0.478427528
"124454",11965,-0.478649612
"8824",11966,-0.479209146
"27436",11967,-0.479225806
"100129696",11968,-0.479705948
"57150",11969,-0.479932405
"22954",11970,-0.480169898
"340527",11971,-0.480178973
"138639",11972,-0.480194442
"1739",11973,-0.480228967
"387496",11974,-0.480379216
"80349",11975,-0.480431713
"1677",11976,-0.480448019
"83852",11977,-0.48056773
"649946",11978,-0.480739773
"9968",11979,-0.480776677
"100885776",11980,-0.481083951
"23177",11981,-0.481441369
"255027",11982,-0.481877316
"126129",11983,-0.481950751
"8470",11984,-0.481963037
"3294",11985,-0.482093547
"5966",11986,-0.482163606
"84925",11987,-0.48219226
"5427",11988,-0.482258113
"429",11989,-0.482269974
"85440",11990,-0.48287002
"10629",11991,-0.483491381
"100506436",11992,-0.483544084
"8411",11993,-0.483592472
"27079",11994,-0.483703784
"64839",11995,-0.483790608
"56113",11996,-0.483891602
"4967",11997,-0.483949149
"26123",11998,-0.483999767
"4599",11999,-0.484017
"64750",12000,-0.484117596
"285343",12001,-0.484163933
"105372481",12002,-0.484272936
"11146",12003,-0.484371124
"8767",12004,-0.484389917
"55781",12005,-0.484502906
"9729",12006,-0.48468502
"11214",12007,-0.48495751
"352999",12008,-0.48524825
"399669",12009,-0.485389999
"4860",12010,-0.485842891
"51763",12011,-0.486257756
"121214",12012,-0.486861939
"5308",12013,-0.486885725
"79637",12014,-0.486999827
"400931",12015,-0.487170197
"9917",12016,-0.487398399
"109729160",12017,-0.487739203
"4040",12018,-0.487840448
"9320",12019,-0.487982596
"100505641",12020,-0.488118046
"6331",12021,-0.488612562
"54058",12022,-0.48896951
"115708",12023,-0.489308635
"414245",12024,-0.489435033
"10325",12025,-0.489654439
"7174",12026,-0.489836198
"57698",12027,-0.489844316
"7168",12028,-0.489876155
"57409",12029,-0.489904795
"54902",12030,-0.490037061
"643155",12031,-0.490232205
"5890",12032,-0.490291332
"389168",12033,-0.490300553
"57644",12034,-0.490857431
"10782",12035,-0.491003533
"122769",12036,-0.491236117
"129563",12037,-0.491473205
"9649",12038,-0.491502672
"4885",12039,-0.491716059
"10354",12040,-0.492107053
"51105",12041,-0.492138377
"256586",12042,-0.492353879
"84077",12043,-0.49241422
"81571",12044,-0.492448239
"92797",12045,-0.492648313
"9703",12046,-0.492708719
"79415",12047,-0.492908631
"10643",12048,-0.493023507
"5612",12049,-0.493080739
"23005",12050,-0.493338872
"145173",12051,-0.493350769
"100873902",12052,-0.493409966
"10677",12053,-0.493415179
"1756",12054,-0.493727525
"283385",12055,-0.493760708
"79627",12056,-0.493808498
"374868",12057,-0.493853208
"22803",12058,-0.494045793
"50650",12059,-0.494098984
"4646",12060,-0.494254276
"90025",12061,-0.494326692
"4234",12062,-0.494398502
"84305",12063,-0.494414579
"440193",12064,-0.494549677
"124817",12065,-0.494684062
"140883",12066,-0.494830139
"84726",12067,-0.49490947
"8454",12068,-0.494988038
"114904",12069,-0.495064443
"1520",12070,-0.495167181
"5721",12071,-0.495228649
"653189",12072,-0.495297924
"2918",12073,-0.495335383
"8216",12074,-0.49535889
"8604",12075,-0.495894406
"85378",12076,-0.49597456
"1663",12077,-0.496042523
"650368",12078,-0.496236085
"5987",12079,-0.496258662
"2969",12080,-0.496468266
"169270",12081,-0.496809824
"8879",12082,-0.496972221
"2619",12083,-0.496980697
"11107",12084,-0.497575899
"253558",12085,-0.497634011
"90507",12086,-0.497802399
"8912",12087,-0.497806681
"55291",12088,-0.497881448
"26747",12089,-0.498024973
"84848",12090,-0.498072229
"3329",12091,-0.498139129
"27439",12092,-0.498378632
"8505",12093,-0.498405206
"100126793",12094,-0.498628028
"23384",12095,-0.498774789
"6574",12096,-0.49894508
"5933",12097,-0.499019421
"4645",12098,-0.499042536
"55693",12099,-0.499184
"3743",12100,-0.499229516
"8692",12101,-0.499398882
"23560",12102,-0.499405436
"377",12103,-0.499482552
"100873991",12104,-0.499565285
"3592",12105,-0.499594338
"63901",12106,-0.499616391
"101060684",12107,-0.499664655
"85464",12108,-0.499962133
"55592",12109,-0.500288537
"92345",12110,-0.500812512
"85021",12111,-0.500854771
"283692",12112,-0.500879346
"254013",12113,-0.500941729
"10901",12114,-0.50139224
"8289",12115,-0.501418558
"2975",12116,-0.501478158
"66004",12117,-0.501532886
"22976",12118,-0.501575955
"56130",12119,-0.50159919
"201161",12120,-0.501885326
"9736",12121,-0.502036534
"158866",12122,-0.502257093
"283596",12123,-0.502331889
"7516",12124,-0.502449482
"10693",12125,-0.502631227
"26146",12126,-0.503462904
"653650",12127,-0.503492236
"23301",12128,-0.50350534
"92714",12129,-0.503783324
"148867",12130,-0.503883151
"51136",12131,-0.504191384
"11031",12132,-0.504249316
"7290",12133,-0.504384761
"55020",12134,-0.50438728
"117854",12135,-0.50453493
"8038",12136,-0.504607567
"642741",12137,-0.504838379
"2310",12138,-0.504862854
"25979",12139,-0.504925542
"84942",12140,-0.50513249
"374899",12141,-0.505196089
"83690",12142,-0.505425965
"2905",12143,-0.505477493
"4750",12144,-0.505687975
"54980",12145,-0.505727068
"64172",12146,-0.50582407
"647979",12147,-0.505859019
"100192378",12148,-0.505910446
"112441434",12149,-0.5059107
"6938",12150,-0.505988939
"6335",12151,-0.506693885
"7767",12152,-0.506894482
"9827",12153,-0.506935049
"23271",12154,-0.506964634
"100874203",12155,-0.507008473
"9849",12156,-0.507321989
"84220",12157,-0.507394914
"57609",12158,-0.507967923
"7918",12159,-0.508008141
"55785",12160,-0.508458538
"284098",12161,-0.508461346
"7752",12162,-0.50853386
"221656",12163,-0.508672634
"9907",12164,-0.508785022
"5891",12165,-0.509691099
"23633",12166,-0.509696848
"5467",12167,-0.510435651
"154810",12168,-0.510495652
"126231",12169,-0.510717365
"653820",12170,-0.510728319
"26985",12171,-0.511012326
"80345",12172,-0.511049786
"10049",12173,-0.511271636
"80114",12174,-0.511371285
"23244",12175,-0.511663224
"84889",12176,-0.511962273
"150962",12177,-0.512156414
"80737",12178,-0.512189755
"51660",12179,-0.512325938
"493869",12180,-0.512407121
"138199",12181,-0.512626677
"163882",12182,-0.51276145
"220074",12183,-0.512771467
"55230",12184,-0.512841861
"55917",12185,-0.512955445
"254827",12186,-0.513144609
"56996",12187,-0.513269363
"63979",12188,-0.513383092
"84295",12189,-0.513839441
"80763",12190,-0.513897403
"25929",12191,-0.514134036
"440574",12192,-0.514336447
"8439",12193,-0.514375146
"391712",12194,-0.514578887
"84131",12195,-0.514629227
"11070",12196,-0.514907341
"3595",12197,-0.514979051
"84934",12198,-0.515324778
"55243",12199,-0.515750841
"79683",12200,-0.515814479
"26011",12201,-0.515816331
"170960",12202,-0.516478246
"100526772",12203,-0.516538791
"10598",12204,-0.51671233
"6405",12205,-0.516745453
"129303",12206,-0.516786528
"10985",12207,-0.517188774
"7408",12208,-0.517272988
"7871",12209,-0.517290518
"10446",12210,-0.517427025
"2822",12211,-0.517458352
"57634",12212,-0.517581559
"26507",12213,-0.51780285
"2329",12214,-0.517927133
"3301",12215,-0.517952097
"483",12216,-0.518074886
"113612",12217,-0.518257025
"728589",12218,-0.51839331
"642954",12219,-0.518662404
"55294",12220,-0.518789818
"23403",12221,-0.518801083
"65059",12222,-0.519043282
"10486",12223,-0.519244245
"11057",12224,-0.519301326
"9994",12225,-0.519641731
"50628",12226,-0.519706888
"127018",12227,-0.519794978
"64782",12228,-0.51982941
"8467",12229,-0.519854087
"7775",12230,-0.520039716
"11083",12231,-0.520148973
"1627",12232,-0.520172212
"128229",12233,-0.520196636
"51118",12234,-0.520225748
"222389",12235,-0.520397439
"11165",12236,-0.520415698
"5601",12237,-0.52073115
"2739",12238,-0.520756826
"10769",12239,-0.520757799
"60493",12240,-0.520809036
"79963",12241,-0.520940965
"9877",12242,-0.520974746
"9894",12243,-0.52100156
"619519",12244,-0.52145997
"11099",12245,-0.521520495
"55633",12246,-0.521617726
"5373",12247,-0.521792217
"64601",12248,-0.521826163
"123207",12249,-0.522024254
"64772",12250,-0.522111507
"26173",12251,-0.522176819
"7867",12252,-0.52241541
"53616",12253,-0.522677805
"54919",12254,-0.522703098
"90576",12255,-0.52274244
"23001",12256,-0.522781477
"30011",12257,-0.522818172
"8602",12258,-0.523404519
"80208",12259,-0.523478551
"57605",12260,-0.523638626
"150538",12261,-0.523684213
"55599",12262,-0.52393868
"5976",12263,-0.52397493
"5239",12264,-0.524051112
"152579",12265,-0.524137437
"146433",12266,-0.524408518
"2937",12267,-0.524527999
"348235",12268,-0.524531624
"79830",12269,-0.52469394
"55131",12270,-0.525216359
"10906",12271,-0.525536799
"23542",12272,-0.526412689
"55198",12273,-0.52651999
"9371",12274,-0.526547077
"80324",12275,-0.526755058
"79605",12276,-0.526882691
"6464",12277,-0.526901336
"3268",12278,-0.526923509
"11101",12279,-0.526996522
"554236",12280,-0.527249643
"9819",12281,-0.527313102
"130574",12282,-0.527435854
"10768",12283,-0.527448936
"64770",12284,-0.527543071
"54487",12285,-0.52771998
"987",12286,-0.527872248
"1102",12287,-0.528076399
"440248",12288,-0.52818378
"11319",12289,-0.528196388
"55187",12290,-0.528468874
"100130197",12291,-0.528587596
"147686",12292,-0.528824903
"63892",12293,-0.528898966
"6788",12294,-0.529003949
"7108",12295,-0.529181426
"9091",12296,-0.529190914
"29063",12297,-0.529420726
"151473",12298,-0.529637899
"64318",12299,-0.529759522
"63906",12300,-0.529801286
"146198",12301,-0.529801747
"8563",12302,-0.529970859
"9181",12303,-0.530061332
"9690",12304,-0.530199564
"319099",12305,-0.530365871
"9054",12306,-0.530377361
"56100",12307,-0.530493455
"53353",12308,-0.530658936
"642517",12309,-0.530830017
"80142",12310,-0.53087901
"55075",12311,-0.531089723
"11218",12312,-0.531146806
"2029",12313,-0.531149813
"126969",12314,-0.531163273
"5937",12315,-0.531191435
"101060691",12316,-0.531934555
"79694",12317,-0.532128913
"5291",12318,-0.532137156
"10266",12319,-0.532212309
"11222",12320,-0.532235723
"81545",12321,-0.53230616
"339541",12322,-0.532478504
"8490",12323,-0.532576298
"57534",12324,-0.532576999
"79073",12325,-0.532726666
"23468",12326,-0.532749797
"22868",12327,-0.532801621
"5358",12328,-0.533187567
"64777",12329,-0.533869639
"55677",12330,-0.533943135
"55669",12331,-0.53403369
"30832",12332,-0.534062725
"347517",12333,-0.534137659
"3145",12334,-0.534175038
"3399",12335,-0.534900181
"113189",12336,-0.53513519
"653489",12337,-0.535826491
"10517",12338,-0.535831833
"28988",12339,-0.53599417
"22841",12340,-0.536102977
"10162",12341,-0.536229652
"285175",12342,-0.536294902
"25972",12343,-0.536350297
"374928",12344,-0.536572195
"6786",12345,-0.536671364
"2737",12346,-0.536780388
"10611",12347,-0.536921527
"9600",12348,-0.536930243
"377677",12349,-0.536971955
"90317",12350,-0.53700338
"80006",12351,-0.537291743
"100132891",12352,-0.537422514
"79906",12353,-0.537498707
"56882",12354,-0.537533335
"6251",12355,-0.537796537
"27252",12356,-0.538143046
"284001",12357,-0.538407234
"50511",12358,-0.538418488
"22901",12359,-0.538544461
"9076",12360,-0.538622391
"9701",12361,-0.538692903
"286527",12362,-0.538775238
"59269",12363,-0.538916995
"9562",12364,-0.539095792
"631",12365,-0.539172225
"6341",12366,-0.539382174
"1659",12367,-0.539649013
"55756",12368,-0.540071603
"649446",12369,-0.540118988
"220992",12370,-0.540262022
"50855",12371,-0.54040422
"51734",12372,-0.540412837
"9229",12373,-0.540576737
"343381",12374,-0.540617804
"27010",12375,-0.540744386
"101101775",12376,-0.54075538
"389741",12377,-0.540812289
"1738",12378,-0.54088362
"6480",12379,-0.540952371
"8872",12380,-0.540989236
"90527",12381,-0.541120435
"57570",12382,-0.541525521
"23063",12383,-0.541855835
"488",12384,-0.542069928
"4675",12385,-0.542153117
"441518",12386,-0.542174807
"64427",12387,-0.542227489
"2101",12388,-0.542348167
"6567",12389,-0.542410066
"55798",12390,-0.542465726
"54859",12391,-0.54247846
"29988",12392,-0.542660196
"57124",12393,-0.542867037
"27165",12394,-0.542886021
"286410",12395,-0.543032786
"84733",12396,-0.543069816
"56413",12397,-0.543208605
"100529251",12398,-0.543626362
"4343",12399,-0.543649463
"91147",12400,-0.543682823
"8517",12401,-0.543821382
"10434",12402,-0.543889359
"8515",12403,-0.544157214
"100507495",12404,-0.5442598
"56894",12405,-0.544349576
"1114",12406,-0.544440396
"54734",12407,-0.544541589
"7326",12408,-0.544663911
"645212",12409,-0.544748139
"23428",12410,-0.544772612
"5052",12411,-0.544863615
"150209",12412,-0.544873754
"2185",12413,-0.544959248
"57472",12414,-0.545044897
"29798",12415,-0.545288673
"23174",12416,-0.545487408
"9477",12417,-0.545669562
"84898",12418,-0.545735912
"158067",12419,-0.545738161
"51495",12420,-0.546043889
"122060",12421,-0.546213117
"1789",12422,-0.546247141
"64841",12423,-0.546581059
"100526842",12424,-0.546601993
"996",12425,-0.546610907
"9828",12426,-0.546862043
"627",12427,-0.546932027
"7984",12428,-0.547002085
"256643",12429,-0.547202717
"340075",12430,-0.547209095
"9677",12431,-0.54721765
"55246",12432,-0.548059573
"3655",12433,-0.54816211
"2099",12434,-0.5483682
"4735",12435,-0.548422115
"9668",12436,-0.548468508
"114880",12437,-0.549040725
"153769",12438,-0.549193075
"645292",12439,-0.549226968
"112936",12440,-0.54945491
"51174",12441,-0.549474022
"7112",12442,-0.54947493
"2539",12443,-0.549572628
"9310",12444,-0.549575395
"9647",12445,-0.549646119
"56683",12446,-0.549795781
"2775",12447,-0.550261522
"255809",12448,-0.550305605
"3028",12449,-0.550447429
"1499",12450,-0.550447498
"2346",12451,-0.550801258
"90506",12452,-0.551065051
"669",12453,-0.551119771
"6242",12454,-0.551230586
"55970",12455,-0.551244344
"55173",12456,-0.551278901
"57325",12457,-0.551564873
"28996",12458,-0.551669271
"158787",12459,-0.551911759
"389432",12460,-0.552032117
"1798",12461,-0.552760707
"79788",12462,-0.552938462
"439965",12463,-0.553268798
"54832",12464,-0.553419037
"163732",12465,-0.553420137
"64403",12466,-0.553500348
"3773",12467,-0.553564133
"5475",12468,-0.553888011
"1850",12469,-0.553935432
"285855",12470,-0.554432839
"22836",12471,-0.554704476
"6120",12472,-0.554752861
"10902",12473,-0.554901865
"4929",12474,-0.55513273
"27336",12475,-0.555470765
"374677",12476,-0.555515871
"54617",12477,-0.555536316
"347902",12478,-0.555592239
"7582",12479,-0.55561656
"80728",12480,-0.555731315
"94121",12481,-0.555798751
"25888",12482,-0.55583047
"100128927",12483,-0.555900645
"2570",12484,-0.555995349
"55014",12485,-0.556266468
"64793",12486,-0.556326734
"28971",12487,-0.556467002
"314",12488,-0.556502653
"6741",12489,-0.556575525
"221786",12490,-0.556762863
"1267",12491,-0.556824053
"54842",12492,-0.556869822
"54838",12493,-0.557040523
"144348",12494,-0.557162847
"10092",12495,-0.55724963
"3676",12496,-0.557250987
"1158",12497,-0.55728216
"84698",12498,-0.557309423
"51365",12499,-0.5573743
"7565",12500,-0.557432189
"85369",12501,-0.557495852
"49854",12502,-0.557503372
"53916",12503,-0.55763247
"22832",12504,-0.557858847
"51290",12505,-0.557882444
"100288868",12506,-0.557885797
"55129",12507,-0.558012167
"25921",12508,-0.558105362
"100507257",12509,-0.558160326
"2749",12510,-0.558335639
"100144603",12511,-0.558737454
"6597",12512,-0.559209742
"7844",12513,-0.5597524
"118812",12514,-0.559808704
"80018",12515,-0.559870985
"1655",12516,-0.559872984
"3689",12517,-0.56028627
"23322",12518,-0.560313974
"27255",12519,-0.560598018
"9319",12520,-0.560675335
"57541",12521,-0.560676153
"135112",12522,-0.560757226
"92822",12523,-0.560854978
"101927288",12524,-0.561168573
"57684",12525,-0.561240521
"440435",12526,-0.561366461
"4927",12527,-0.561478224
"908",12528,-0.561661806
"9779",12529,-0.561747277
"51227",12530,-0.561805136
"91461",12531,-0.562001186
"2804",12532,-0.562126996
"5429",12533,-0.562134868
"127703",12534,-0.562452044
"285521",12535,-0.56250299
"170961",12536,-0.562640778
"414",12537,-0.562708751
"85406",12538,-0.562862619
"8543",12539,-0.56334358
"84981",12540,-0.563392712
"157680",12541,-0.563608124
"55789",12542,-0.563681997
"3428",12543,-0.56416356
"201229",12544,-0.5643461
"23352",12545,-0.564504576
"57456",12546,-0.565016327
"7126",12547,-0.565165492
"157739",12548,-0.565234889
"25840",12549,-0.565433873
"130026",12550,-0.565455032
"9372",12551,-0.565478014
"5753",12552,-0.565596867
"27067",12553,-0.56561173
"284086",12554,-0.565715321
"84561",12555,-0.565732518
"57185",12556,-0.565769732
"200576",12557,-0.565901586
"29109",12558,-0.566143708
"79184",12559,-0.566348215
"134553",12560,-0.566393239
"23102",12561,-0.56653274
"285267",12562,-0.566543387
"101735302",12563,-0.566844873
"3303",12564,-0.566850176
"80183",12565,-0.566930332
"11259",12566,-0.567197971
"253650",12567,-0.567294748
"81031",12568,-0.567444683
"2354",12569,-0.567681418
"644353",12570,-0.567682731
"100130600",12571,-0.567828339
"55752",12572,-0.567849674
"25849",12573,-0.568082783
"84340",12574,-0.568207131
"25961",12575,-0.568881876
"63920",12576,-0.568898867
"22878",12577,-0.569046655
"5978",12578,-0.569366523
"84837",12579,-0.56937883
"55425",12580,-0.569968151
"26057",12581,-0.57000963
"8202",12582,-0.570022285
"6601",12583,-0.570320905
"93436",12584,-0.570349801
"256126",12585,-0.570381104
"55037",12586,-0.570445935
"55783",12587,-0.570913026
"2280",12588,-0.571185816
"150159",12589,-0.571315428
"54811",12590,-0.571751384
"51540",12591,-0.572222292
"23132",12592,-0.572441166
"7029",12593,-0.572511192
"57645",12594,-0.572739311
"85477",12595,-0.572814841
"3712",12596,-0.572874136
"57002",12597,-0.572891255
"127253",12598,-0.572940296
"114609",12599,-0.573238549
"3304",12600,-0.573314449
"57562",12601,-0.573507136
"445571",12602,-0.573638585
"3146",12603,-0.573727791
"54941",12604,-0.57376315
"5997",12605,-0.573934298
"22848",12606,-0.574015985
"57647",12607,-0.574100074
"9343",12608,-0.574127312
"26167",12609,-0.574254126
"79071",12610,-0.574728868
"84720",12611,-0.574746734
"79813",12612,-0.574757646
"6610",12613,-0.574884945
"55027",12614,-0.575266363
"1310",12615,-0.575302078
"729178",12616,-0.575352824
"57148",12617,-0.575392943
"4060",12618,-0.575512696
"81537",12619,-0.575757132
"168850",12620,-0.575811473
"85462",12621,-0.5759521
"153241",12622,-0.575953611
"116931",12623,-0.576026159
"1666",12624,-0.576060191
"11068",12625,-0.576303829
"196",12626,-0.576616172
"55531",12627,-0.57663906
"8891",12628,-0.576789057
"80821",12629,-0.576833299
"100505832",12630,-0.576839828
"5164",12631,-0.577412987
"10623",12632,-0.577417406
"152815",12633,-0.577458694
"643300",12634,-0.577531766
"29919",12635,-0.577944143
"23294",12636,-0.577967471
"284800",12637,-0.578254993
"641467",12638,-0.578427053
"5576",12639,-0.578518876
"158055",12640,-0.57856415
"11062",12641,-0.578934873
"9321",12642,-0.579006731
"55196",12643,-0.579206445
"401505",12644,-0.579364858
"79047",12645,-0.579507816
"55721",12646,-0.579508163
"10190",12647,-0.579574982
"7443",12648,-0.579596026
"4867",12649,-0.579599709
"643866",12650,-0.579959373
"90806",12651,-0.580046125
"55356",12652,-0.580228614
"199704",12653,-0.580281598
"283358",12654,-0.580746398
"56252",12655,-0.580773236
"728882",12656,-0.58081743
"1008",12657,-0.580862329
"9793",12658,-0.58103332
"9245",12659,-0.581178447
"29944",12660,-0.581467974
"8539",12661,-0.581511685
"100505648",12662,-0.581702402
"29117",12663,-0.581908401
"51701",12664,-0.582365057
"64788",12665,-0.582751953
"1287",12666,-0.582753781
"112637020",12667,-0.583005519
"114043",12668,-0.583021766
"106481744",12669,-0.583407607
"11311",12670,-0.583619335
"25998",12671,-0.583714214
"79230",12672,-0.583779429
"23131",12673,-0.583930783
"84851",12674,-0.583963218
"203238",12675,-0.584181749
"6645",12676,-0.584196119
"22847",12677,-0.584268332
"204962",12678,-0.584371478
"744",12679,-0.584801796
"124045",12680,-0.584830571
"9646",12681,-0.584861017
"5795",12682,-0.584888976
"10905",12683,-0.585671613
"57639",12684,-0.585702544
"131870",12685,-0.586229853
"3672",12686,-0.586239749
"56101",12687,-0.586353496
"64062",12688,-0.586417583
"54765",12689,-0.586714226
"55656",12690,-0.586771227
"152992",12691,-0.586949872
"1981",12692,-0.587052252
"81614",12693,-0.587317576
"140885",12694,-0.587666297
"8295",12695,-0.58775537
"25836",12696,-0.587968868
"55655",12697,-0.588166036
"284346",12698,-0.588241269
"285647",12699,-0.588685616
"6947",12700,-0.589148879
"60496",12701,-0.589309661
"29102",12702,-0.589321963
"2235",12703,-0.589323058
"25891",12704,-0.589693223
"147948",12705,-0.589712996
"57209",12706,-0.589964455
"1736",12707,-0.59006764
"57560",12708,-0.59013846
"25841",12709,-0.590212973
"9015",12710,-0.590345959
"51194",12711,-0.590350878
"23032",12712,-0.590366307
"84188",12713,-0.590413526
"63895",12714,-0.590413827
"54828",12715,-0.590549468
"57583",12716,-0.590642905
"26092",12717,-0.590650751
"6093",12718,-0.590863632
"197131",12719,-0.591175028
"441631",12720,-0.591286232
"10861",12721,-0.591446185
"23269",12722,-0.591510059
"146456",12723,-0.591514889
"54962",12724,-0.591716072
"84640",12725,-0.591720803
"54834",12726,-0.591838305
"51021",12727,-0.592100335
"79759",12728,-0.592467205
"338811",12729,-0.592668032
"29767",12730,-0.59270411
"3673",12731,-0.592942826
"115704",12732,-0.592997613
"24138",12733,-0.593063604
"7155",12734,-0.59314291
"9334",12735,-0.593485331
"91775",12736,-0.593512841
"126147",12737,-0.593560205
"78991",12738,-0.593807411
"708",12739,-0.594049138
"112840",12740,-0.594417291
"55159",12741,-0.594487941
"10218",12742,-0.594519378
"9443",12743,-0.59459736
"103752584",12744,-0.594610177
"221692",12745,-0.594770575
"100131998",12746,-0.594775245
"57522",12747,-0.595029106
"2678",12748,-0.595227202
"23741",12749,-0.595416825
"55654",12750,-0.595541989
"1181",12751,-0.59565311
"121441",12752,-0.595749552
"27123",12753,-0.595783127
"348110",12754,-0.596243084
"84516",12755,-0.596866446
"7813",12756,-0.597225656
"6483",12757,-0.597297109
"79959",12758,-0.597307154
"2639",12759,-0.597419492
"101928079",12760,-0.597563564
"79776",12761,-0.597654448
"100233198",12762,-0.597705668
"29925",12763,-0.597755274
"55791",12764,-0.597769991
"5420",12765,-0.597911482
"9681",12766,-0.597965357
"10686",12767,-0.598056684
"154442",12768,-0.598141034
"152905",12769,-0.598150979
"23310",12770,-0.598185595
"83857",12771,-0.598505045
"1182",12772,-0.59885779
"8420",12773,-0.599262672
"125476",12774,-0.599801156
"79088",12775,-0.599857109
"100421582",12776,-0.600074623
"4837",12777,-0.600114347
"9578",12778,-0.600648193
"51367",12779,-0.601577362
"9832",12780,-0.601701932
"1802",12781,-0.601757362
"84820",12782,-0.60180484
"79650",12783,-0.602070404
"81691",12784,-0.602127357
"94120",12785,-0.602183984
"26054",12786,-0.602356698
"9136",12787,-0.603137637
"5026",12788,-0.603377982
"10280",12789,-0.603682736
"80095",12790,-0.603791504
"9704",12791,-0.604996851
"246329",12792,-0.605157867
"9712",12793,-0.605158972
"51533",12794,-0.605247488
"6506",12795,-0.605507047
"84287",12796,-0.605529223
"112574",12797,-0.605901231
"2195",12798,-0.605910703
"126626",12799,-0.606088154
"2034",12800,-0.606141007
"55937",12801,-0.606249154
"54806",12802,-0.60672439
"84641",12803,-0.606805384
"84364",12804,-0.606945945
"81894",12805,-0.606963442
"101926941",12806,-0.606963875
"23070",12807,-0.607179034
"219902",12808,-0.607187031
"340385",12809,-0.607400991
"94059",12810,-0.607873736
"646080",12811,-0.607929311
"200185",12812,-0.608212615
"6905",12813,-0.608465709
"10072",12814,-0.609505053
"100131234",12815,-0.610104406
"55888",12816,-0.610151736
"1325",12817,-0.610226154
"1388",12818,-0.610501578
"23046",12819,-0.610518906
"11080",12820,-0.610560106
"9472",12821,-0.610668253
"23499",12822,-0.610735556
"100132352",12823,-0.610875738
"9543",12824,-0.611026167
"7766",12825,-0.611179595
"55607",12826,-0.612418318
"6507",12827,-0.612724029
"114991",12828,-0.612843269
"65975",12829,-0.612854259
"255520",12830,-0.612871332
"83716",12831,-0.61393708
"6873",12832,-0.614004002
"23286",12833,-0.614463724
"1629",12834,-0.614698953
"25809",12835,-0.614876648
"55914",12836,-0.615070922
"23052",12837,-0.615302593
"8460",12838,-0.615433782
"102465478",12839,-0.615434004
"144983",12840,-0.615628791
"23554",12841,-0.615741802
"7390",12842,-0.616193113
"1130",12843,-0.616330399
"2308",12844,-0.616363814
"85002",12845,-0.616808595
"10055",12846,-0.616891046
"112858",12847,-0.616926792
"83746",12848,-0.617052412
"133522",12849,-0.617340455
"219699",12850,-0.617639358
"200958",12851,-0.617798306
"79031",12852,-0.618171477
"89884",12853,-0.618339245
"23248",12854,-0.618431319
"441478",12855,-0.61843882
"10198",12856,-0.618471182
"55704",12857,-0.618838331
"4803",12858,-0.619228372
"9716",12859,-0.619408588
"25996",12860,-0.619467123
"9611",12861,-0.619736394
"1861",12862,-0.6197887
"267002",12863,-0.620036825
"105371743",12864,-0.620125146
"1911",12865,-0.620199424
"222826",12866,-0.620480742
"23358",12867,-0.620521066
"85416",12868,-0.620701555
"5147",12869,-0.620772136
"23218",12870,-0.621060489
"29942",12871,-0.621244423
"23277",12872,-0.621278702
"100288413",12873,-0.621368066
"100507266",12874,-0.621481127
"22844",12875,-0.621538118
"100996712",12876,-0.62170363
"89890",12877,-0.621830883
"84947",12878,-0.621883137
"220323",12879,-0.621979389
"100873956",12880,-0.622250639
"53346",12881,-0.622532213
"7556",12882,-0.623038168
"56121",12883,-0.623634161
"100128055",12884,-0.623651974
"101060200",12885,-0.623868003
"285590",12886,-0.623929885
"288",12887,-0.624023841
"4928",12888,-0.624124638
"9669",12889,-0.624763156
"57563",12890,-0.624792577
"285381",12891,-0.624807463
"5814",12892,-0.625773221
"144165",12893,-0.625900087
"5426",12894,-0.626080786
"27189",12895,-0.626404805
"206358",12896,-0.626517617
"57211",12897,-0.62653675
"378938",12898,-0.62659734
"80110",12899,-0.62696798
"54737",12900,-0.627084864
"246210",12901,-0.627119568
"28962",12902,-0.627302195
"259230",12903,-0.627369945
"2936",12904,-0.627535516
"400673",12905,-0.627549022
"9810",12906,-0.627889163
"60676",12907,-0.627981028
"55239",12908,-0.628250806
"284309",12909,-0.628386015
"54920",12910,-0.628982449
"55332",12911,-0.629083778
"260341",12912,-0.629299497
"57176",12913,-0.629334062
"805",12914,-0.629360096
"112611",12915,-0.629846293
"100132580",12916,-0.630262968
"22809",12917,-0.630721374
"84288",12918,-0.630727809
"54785",12919,-0.63073187
"253461",12920,-0.630813344
"80301",12921,-0.630825436
"1122",12922,-0.6312548
"2068",12923,-0.631257962
"245812",12924,-0.631402453
"9949",12925,-0.631566746
"23670",12926,-0.631683212
"7203",12927,-0.631699226
"7074",12928,-0.631896424
"55916",12929,-0.632019467
"51527",12930,-0.632218246
"8204",12931,-0.6324121
"9215",12932,-0.632484636
"84108",12933,-0.632508635
"200931",12934,-0.632521738
"275",12935,-0.632998651
"9609",12936,-0.63308535
"283755",12937,-0.633449756
"23085",12938,-0.633472852
"11162",12939,-0.63377243
"8438",12940,-0.634160424
"157638",12941,-0.63420643
"23463",12942,-0.634277891
"5791",12943,-0.634614502
"79947",12944,-0.634670143
"26259",12945,-0.634988847
"9933",12946,-0.635082766
"658",12947,-0.63517907
"9880",12948,-0.636354175
"222171",12949,-0.636356112
"25973",12950,-0.637318172
"94161",12951,-0.637506482
"63939",12952,-0.637519421
"253143",12953,-0.637539318
"219743",12954,-0.637572201
"4038",12955,-0.637600326
"57568",12956,-0.637660018
"83875",12957,-0.637962437
"646851",12958,-0.638032942
"23404",12959,-0.638090241
"80218",12960,-0.638273868
"8618",12961,-0.638383641
"55665",12962,-0.638646864
"51060",12963,-0.638648979
"222658",12964,-0.638823408
"9249",12965,-0.638844867
"55589",12966,-0.639005495
"10388",12967,-0.639008015
"100873747",12968,-0.63940776
"340351",12969,-0.639517569
"84948",12970,-0.639623208
"9442",12971,-0.639776117
"10461",12972,-0.63984599
"103",12973,-0.640132535
"375690",12974,-0.64014649
"7594",12975,-0.640410811
"9024",12976,-0.640483421
"8085",12977,-0.6406289
"2294",12978,-0.640687627
"64207",12979,-0.640796885
"1058",12980,-0.640820675
"90874",12981,-0.640908582
"653441",12982,-0.641776205
"9182",12983,-0.641927543
"222234",12984,-0.641990712
"100288152",12985,-0.64229647
"359845",12986,-0.642508535
"2132",12987,-0.642581723
"5685",12988,-0.642928381
"126068",12989,-0.642960437
"55779",12990,-0.643074464
"10464",12991,-0.643417255
"51263",12992,-0.643484733
"374897",12993,-0.643633428
"105370333",12994,-0.643690374
"84852",12995,-0.643697928
"100861412",12996,-0.644339929
"107075116",12997,-0.644649606
"100874261",12998,-0.644669169
"25831",12999,-0.644712156
"7993",13000,-0.645106787
"81844",13001,-0.645209436
"9020",13002,-0.645289237
"51154",13003,-0.645679346
"219287",13004,-0.645718476
"8772",13005,-0.645877904
"10201",13006,-0.646347775
"79664",13007,-0.646491978
"22853",13008,-0.6466097
"3320",13009,-0.646776271
"1143",13010,-0.6468926
"8857",13011,-0.646939318
"10501",13012,-0.647009973
"10301",13013,-0.647090907
"54914",13014,-0.647279224
"29800",13015,-0.648030286
"10775",13016,-0.648110976
"55437",13017,-0.648244937
"402055",13018,-0.648247734
"8509",13019,-0.648495541
"80303",13020,-0.64920296
"85865",13021,-0.64931382
"7094",13022,-0.649501518
"84938",13023,-0.649510745
"113829",13024,-0.649570024
"57506",13025,-0.649690514
"144321",13026,-0.649836513
"10230",13027,-0.649896847
"51755",13028,-0.650266501
"27341",13029,-0.650350761
"55751",13030,-0.65104036
"60386",13031,-0.651131287
"55017",13032,-0.651241911
"9831",13033,-0.651342288
"51122",13034,-0.651643531
"9975",13035,-0.651936744
"23233",13036,-0.651964784
"64137",13037,-0.652315681
"9498",13038,-0.65252953
"27094",13039,-0.652813527
"3033",13040,-0.653397862
"79056",13041,-0.653798831
"23150",13042,-0.653949936
"55301",13043,-0.653971203
"642776",13044,-0.653981471
"55624",13045,-0.654005896
"100130476",13046,-0.654116991
"3054",13047,-0.654205362
"23169",13048,-0.654328348
"100532746",13049,-0.654485491
"92659",13050,-0.654489213
"200765",13051,-0.654506469
"26168",13052,-0.654555008
"51573",13053,-0.655118501
"26049",13054,-0.655154161
"30849",13055,-0.655532357
"400236",13056,-0.655590699
"1497",13057,-0.655596299
"127428",13058,-0.655601347
"57614",13059,-0.655653428
"197258",13060,-0.655691357
"9759",13061,-0.655815046
"2827",13062,-0.656560202
"10165",13063,-0.656672358
"84928",13064,-0.656735172
"7057",13065,-0.656787119
"23265",13066,-0.65690644
"414241",13067,-0.656923581
"113675",13068,-0.657159554
"1787",13069,-0.657673259
"10607",13070,-0.657817142
"6595",13071,-0.657894101
"6949",13072,-0.658369483
"10526",13073,-0.658727909
"642976",13074,-0.6589871
"222663",13075,-0.659029812
"7681",13076,-0.659059025
"729013",13077,-0.659132433
"10773",13078,-0.659231067
"147947",13079,-0.65977088
"645455",13080,-0.660004897
"3482",13081,-0.660057311
"8195",13082,-0.660160326
"503542",13083,-0.660306145
"23091",13084,-0.660462595
"147741",13085,-0.660723088
"58489",13086,-0.660997146
"6943",13087,-0.661017531
"90826",13088,-0.661129532
"10609",13089,-0.661813268
"8804",13090,-0.661890726
"80851",13091,-0.661929682
"10432",13092,-0.6620371
"126017",13093,-0.662222441
"55686",13094,-0.662274285
"84255",13095,-0.662304167
"57502",13096,-0.66236562
"8867",13097,-0.662510745
"55322",13098,-0.662534567
"146059",13099,-0.662583867
"84247",13100,-0.662919248
"2868",13101,-0.663122203
"53373",13102,-0.663261774
"51809",13103,-0.663398634
"79754",13104,-0.663604784
"4131",13105,-0.663684733
"94032",13106,-0.663806236
"25851",13107,-0.664104575
"23002",13108,-0.664149873
"7466",13109,-0.664286303
"6608",13110,-0.664683081
"84775",13111,-0.664715079
"55133",13112,-0.664835861
"6837",13113,-0.664878479
"55662",13114,-0.665472667
"55213",13115,-0.665564105
"124935",13116,-0.665638269
"55632",13117,-0.665793692
"5095",13118,-0.665942142
"1565",13119,-0.666085496
"1962",13120,-0.666476188
"55138",13121,-0.666493839
"100131997",13122,-0.666506178
"51102",13123,-0.666926197
"8883",13124,-0.667096542
"23051",13125,-0.667219267
"3181",13126,-0.667310136
"10129",13127,-0.667755078
"4172",13128,-0.667783544
"133746",13129,-0.6677928
"55070",13130,-0.668243699
"3627",13131,-0.668302886
"100216544",13132,-0.668378167
"93589",13133,-0.668393249
"1737",13134,-0.66888747
"170082",13135,-0.668970831
"57020",13136,-0.669203448
"100506779",13137,-0.669248109
"692099",13138,-0.669726456
"55786",13139,-0.669813365
"645811",13140,-0.66992528
"79003",13141,-0.670105551
"55293",13142,-0.670406751
"138050",13143,-0.670785216
"9057",13144,-0.670810705
"4808",13145,-0.670936241
"85474",13146,-0.671341557
"161829",13147,-0.671349523
"4774",13148,-0.671747494
"90417",13149,-0.671930379
"64333",13150,-0.672558395
"101928969",13151,-0.672820921
"66035",13152,-0.67291194
"23122",13153,-0.673028172
"6904",13154,-0.673272869
"10500",13155,-0.673400933
"254394",13156,-0.673401661
"9344",13157,-0.67375644
"5001",13158,-0.67391227
"8690",13159,-0.674148147
"10137",13160,-0.674166318
"55333",13161,-0.674770646
"11194",13162,-0.675042301
"4886",13163,-0.675154512
"79719",13164,-0.675174902
"64921",13165,-0.675313806
"2245",13166,-0.676260761
"60598",13167,-0.676316808
"548644",13168,-0.676653703
"79669",13169,-0.677121124
"100289019",13170,-0.677265165
"3077",13171,-0.677469513
"143187",13172,-0.677517233
"56171",13173,-0.677741481
"10443",13174,-0.677848583
"3394",13175,-0.677895834
"100507500",13176,-0.678463416
"55622",13177,-0.678840492
"729234",13178,-0.678982555
"6448",13179,-0.679463101
"155066",13180,-0.679629698
"102724105",13181,-0.679720691
"3730",13182,-0.67973154
"339751",13183,-0.680071567
"23341",13184,-0.680728475
"2188",13185,-0.680786587
"497258",13186,-0.681322527
"80308",13187,-0.681606233
"29914",13188,-0.682651373
"22919",13189,-0.682738272
"256051",13190,-0.68295446
"100506939",13191,-0.683010029
"3818",13192,-0.683055745
"57497",13193,-0.68322163
"100130705",13194,-0.683505601
"10244",13195,-0.683757034
"30061",13196,-0.684217859
"79828",13197,-0.684239983
"285331",13198,-0.684388198
"957",13199,-0.684860369
"103695435",13200,-0.684937072
"57680",13201,-0.685055228
"23221",13202,-0.685106257
"57326",13203,-0.685533797
"57505",13204,-0.686076962
"5834",13205,-0.686460409
"441272",13206,-0.686672373
"137682",13207,-0.687003655
"5306",13208,-0.68708906
"10213",13209,-0.687438678
"84549",13210,-0.687689181
"374819",13211,-0.688241492
"5817",13212,-0.688255275
"80146",13213,-0.688450289
"106481623",13214,-0.688758103
"3980",13215,-0.688936523
"55064",13216,-0.68917517
"5781",13217,-0.689183025
"64067",13218,-0.68976781
"100132948",13219,-0.690034321
"126393",13220,-0.69005916
"349075",13221,-0.690061449
"79598",13222,-0.69037849
"4974",13223,-0.690392644
"3992",13224,-0.6903936
"4664",13225,-0.690669554
"64762",13226,-0.690733661
"9765",13227,-0.690844505
"9657",13228,-0.691024555
"89795",13229,-0.691496687
"55646",13230,-0.691615634
"64412",13231,-0.69191239
"3770",13232,-0.692105052
"645960",13233,-0.692200774
"127833",13234,-0.692284116
"339201",13235,-0.69250519
"5229",13236,-0.692522152
"202018",13237,-0.692548145
"117608",13238,-0.692666182
"23130",13239,-0.692794699
"11261",13240,-0.692868301
"27035",13241,-0.69323843
"122773",13242,-0.693317879
"51542",13243,-0.693821617
"283600",13244,-0.694216032
"387036",13245,-0.694338064
"283481",13246,-0.694678111
"646808",13247,-0.694897372
"27254",13248,-0.695269333
"7027",13249,-0.695335617
"151254",13250,-0.695411248
"9101",13251,-0.695948014
"5961",13252,-0.696146977
"64167",13253,-0.696147516
"26873",13254,-0.696391626
"9841",13255,-0.696558028
"128989",13256,-0.696694236
"151230",13257,-0.696854344
"414189",13258,-0.696941973
"100874278",13259,-0.697233161
"647033",13260,-0.697269788
"9821",13261,-0.697730602
"84342",13262,-0.697909702
"56964",13263,-0.698151425
"23240",13264,-0.698204219
"1141",13265,-0.698311393
"60526",13266,-0.699123761
"124402",13267,-0.699447605
"440519",13268,-0.699449206
"91392",13269,-0.699542559
"166647",13270,-0.699919912
"55355",13271,-0.699933277
"1519",13272,-0.700142639
"440465",13273,-0.700254331
"199786",13274,-0.700341878
"6888",13275,-0.700371192
"101060264",13276,-0.700621518
"5932",13277,-0.700745683
"54754",13278,-0.701092645
"91120",13279,-0.701231177
"89958",13280,-0.701439595
"56916",13281,-0.701739879
"253639",13282,-0.701944365
"29890",13283,-0.7020228
"653075",13284,-0.702055511
"146713",13285,-0.702162551
"6271",13286,-0.702427006
"4775",13287,-0.702853945
"414197",13288,-0.702877451
"255252",13289,-0.702944705
"25932",13290,-0.703068844
"7761",13291,-0.703458551
"262",13292,-0.70363129
"54020",13293,-0.70369999
"57214",13294,-0.703744411
"80174",13295,-0.703862693
"256006",13296,-0.704125792
"10224",13297,-0.704767702
"157489",13298,-0.704778491
"51011",13299,-0.704808917
"2287",13300,-0.704852388
"54918",13301,-0.704997325
"101410535",13302,-0.705016683
"54991",13303,-0.705680344
"9306",13304,-0.705987515
"408",13305,-0.706149697
"11128",13306,-0.706297341
"323",13307,-0.706498229
"727851",13308,-0.707079719
"9554",13309,-0.707831966
"11275",13310,-0.707842381
"6490",13311,-0.707939188
"374654",13312,-0.708043858
"347744",13313,-0.708087981
"29994",13314,-0.70819029
"10622",13315,-0.708521597
"100506374",13316,-0.70864305
"91869",13317,-0.708829504
"1786",13318,-0.70941272
"9962",13319,-0.709660079
"10008",13320,-0.709750129
"79443",13321,-0.709883972
"55609",13322,-0.710291039
"5336",13323,-0.710516246
"55839",13324,-0.710556108
"10161",13325,-0.710648242
"100616117",13326,-0.710729456
"8671",13327,-0.710785447
"9399",13328,-0.71109739
"353088",13329,-0.711126892
"23064",13330,-0.711168854
"23408",13331,-0.71130262
"1601",13332,-0.711974608
"81887",13333,-0.712616355
"56102",13334,-0.712942102
"80263",13335,-0.713023281
"283687",13336,-0.713280033
"9778",13337,-0.71328972
"55028",13338,-0.713856543
"54102",13339,-0.714313804
"54536",13340,-0.714676997
"388559",13341,-0.714693575
"203286",13342,-0.714767955
"7150",13343,-0.714881148
"6173",13344,-0.714923901
"252983",13345,-0.714989679
"1059",13346,-0.715240177
"342125",13347,-0.715324008
"23082",13348,-0.715412038
"51279",13349,-0.715659889
"7454",13350,-0.715903282
"3161",13351,-0.716404611
"2629",13352,-0.71662632
"8837",13353,-0.716833938
"51135",13354,-0.717052317
"391081",13355,-0.71735746
"1969",13356,-0.717490489
"22808",13357,-0.717547463
"29978",13358,-0.717706003
"728407",13359,-0.71772355
"5564",13360,-0.718444023
"84515",13361,-0.718567831
"5087",13362,-0.718667619
"10001",13363,-0.718898653
"222235",13364,-0.719329852
"149076",13365,-0.72011487
"65250",13366,-0.720130177
"23066",13367,-0.72023499
"90957",13368,-0.720669061
"1910",13369,-0.720817318
"285352",13370,-0.721022669
"8708",13371,-0.721025389
"146434",13372,-0.721415836
"7621",13373,-0.721512414
"197358",13374,-0.722362942
"644019",13375,-0.722600585
"27143",13376,-0.722881642
"5271",13377,-0.722988384
"10157",13378,-0.723438626
"84812",13379,-0.723474658
"1277",13380,-0.723492486
"2738",13381,-0.724788121
"79158",13382,-0.724850145
"11102",13383,-0.724891047
"100302692",13384,-0.725208941
"100500880",13385,-0.7256116
"11023",13386,-0.725892585
"4739",13387,-0.726002506
"27348",13388,-0.726383701
"283464",13389,-0.726502688
"56103",13390,-0.726544635
"9315",13391,-0.727830338
"64131",13392,-0.727934805
"100287898",13393,-0.728023247
"84865",13394,-0.728041579
"344595",13395,-0.728575269
"9866",13396,-0.72867535
"27301",13397,-0.728777678
"5031",13398,-0.729265672
"57147",13399,-0.729279385
"100418720",13400,-0.729313887
"140710",13401,-0.729455295
"55210",13402,-0.729683032
"284486",13403,-0.729690941
"10113",13404,-0.729813303
"4756",13405,-0.730009473
"200894",13406,-0.730128724
"23067",13407,-0.73111003
"222553",13408,-0.731205282
"93663",13409,-0.731292441
"643723",13410,-0.731436132
"145438",13411,-0.732020045
"8226",13412,-0.732307123
"23272",13413,-0.732388923
"84236",13414,-0.732632349
"6334",13415,-0.732812548
"10059",13416,-0.733150032
"100616210",13417,-0.733360919
"57161",13418,-0.733612927
"2764",13419,-0.734196234
"5903",13420,-0.734236172
"83667",13421,-0.734465595
"29985",13422,-0.734829248
"285962",13423,-0.734858925
"55705",13424,-0.735307543
"10460",13425,-0.73561854
"638",13426,-0.735677153
"388677",13427,-0.736006389
"5019",13428,-0.736094977
"55000",13429,-0.736252602
"152559",13430,-0.736337554
"196264",13431,-0.736344636
"143",13432,-0.736431744
"7726",13433,-0.736768705
"1951",13434,-0.736919773
"56479",13435,-0.737097001
"2009",13436,-0.737147329
"283078",13437,-0.737192475
"6293",13438,-0.737648743
"100289137",13439,-0.737690254
"128710",13440,-0.738231053
"9289",13441,-0.73838669
"54512",13442,-0.738576244
"100128191",13443,-0.739249502
"147687",13444,-0.739558214
"7768",13445,-0.739700837
"56132",13446,-0.739947052
"85476",13447,-0.740151053
"149483",13448,-0.740165392
"55742",13449,-0.740263617
"58512",13450,-0.740526519
"168451",13451,-0.740566751
"9481",13452,-0.740746278
"64101",13453,-0.740787079
"342945",13454,-0.740958376
"22880",13455,-0.741176
"4286",13456,-0.741322605
"553121",13457,-0.741329575
"81831",13458,-0.74136358
"7043",13459,-0.741487959
"57821",13460,-0.741895937
"10512",13461,-0.742189109
"91056",13462,-0.742377271
"10747",13463,-0.742407748
"57381",13464,-0.742448402
"7625",13465,-0.742533766
"26586",13466,-0.742757248
"340390",13467,-0.742859447
"128153",13468,-0.743206965
"1160",13469,-0.743296318
"100131827",13470,-0.74346262
"130557",13471,-0.74355857
"1063",13472,-0.743832256
"29920",13473,-0.744062608
"5305",13474,-0.744121193
"100128012",13475,-0.744241587
"116412",13476,-0.744585242
"3976",13477,-0.745294438
"400818",13478,-0.745379652
"11141",13479,-0.745475412
"3038",13480,-0.745577911
"81539",13481,-0.745586208
"9767",13482,-0.745641446
"55841",13483,-0.745666938
"338699",13484,-0.74574832
"344405",13485,-0.745776093
"92285",13486,-0.746535641
"23431",13487,-0.746568213
"23167",13488,-0.746681309
"23024",13489,-0.746928842
"3717",13490,-0.746929617
"55073",13491,-0.747517889
"1147",13492,-0.747594084
"728558",13493,-0.747620346
"728927",13494,-0.747671313
"23511",13495,-0.747841085
"54625",13496,-0.748140625
"10544",13497,-0.748207324
"5255",13498,-0.749023949
"23708",13499,-0.749965143
"7414",13500,-0.750019457
"84913",13501,-0.75007627
"10269",13502,-0.750173132
"91875",13503,-0.750391261
"51388",13504,-0.750441354
"10069",13505,-0.750918684
"100874002",13506,-0.751053822
"64859",13507,-0.75109673
"51657",13508,-0.751245914
"103752588",13509,-0.751248372
"342357",13510,-0.751345063
"2137",13511,-0.751488468
"414777",13512,-0.751505062
"1871",13513,-0.751885137
"54943",13514,-0.751979806
"6419",13515,-0.751989
"26227",13516,-0.752198033
"56123",13517,-0.752249215
"55317",13518,-0.752332231
"9833",13519,-0.752354627
"84306",13520,-0.752827287
"221756",13521,-0.753221644
"6894",13522,-0.753323968
"7701",13523,-0.753332525
"55701",13524,-0.753445923
"4907",13525,-0.753530785
"79643",13526,-0.753766815
"132158",13527,-0.754720032
"22859",13528,-0.754749114
"55036",13529,-0.75502798
"728130",13530,-0.755040497
"55848",13531,-0.755079927
"56848",13532,-0.755236377
"56110",13533,-0.755940286
"729148",13534,-0.756019768
"3832",13535,-0.756886307
"317761",13536,-0.757383573
"151613",13537,-0.757932007
"10794",13538,-0.758006769
"79986",13539,-0.758084041
"8552",13540,-0.758128991
"55031",13541,-0.758326955
"5577",13542,-0.758514006
"55256",13543,-0.758546763
"10075",13544,-0.758863077
"6241",13545,-0.759439144
"939",13546,-0.760040828
"8624",13547,-0.760096337
"8120",13548,-0.760514807
"51347",13549,-0.760548195
"56956",13550,-0.760597626
"5610",13551,-0.760653799
"57205",13552,-0.760748892
"64418",13553,-0.760783867
"1690",13554,-0.761062604
"9854",13555,-0.763064547
"27233",13556,-0.763105026
"6573",13557,-0.763128262
"57677",13558,-0.76363364
"3092",13559,-0.763902101
"374618",13560,-0.764263674
"1773",13561,-0.764375789
"29943",13562,-0.764501173
"7626",13563,-0.764523913
"79663",13564,-0.764645743
"648000",13565,-0.764710844
"83742",13566,-0.764945285
"7024",13567,-0.765040998
"3324",13568,-0.765249502
"27158",13569,-0.765515787
"140545",13570,-0.765570711
"2806",13571,-0.765726723
"8924",13572,-0.765826443
"5051",13573,-0.766050587
"8737",13574,-0.766259506
"800",13575,-0.766463016
"100533106",13576,-0.766488677
"3839",13577,-0.766559812
"1075",13578,-0.767087736
"6776",13579,-0.76713897
"132320",13580,-0.7679413
"4938",13581,-0.768343546
"693175",13582,-0.768513265
"5168",13583,-0.768928093
"389114",13584,-0.769722856
"83882",13585,-0.769738916
"10210",13586,-0.770022676
"84460",13587,-0.770220467
"118491",13588,-0.770302219
"144811",13589,-0.770325142
"132720",13590,-0.77048363
"5877",13591,-0.770514113
"8732",13592,-0.770520123
"246243",13593,-0.770567777
"5226",13594,-0.770795525
"9870",13595,-0.771139903
"55466",13596,-0.771430307
"64328",13597,-0.771455219
"10763",13598,-0.771666166
"5509",13599,-0.771756436
"5328",13600,-0.771968687
"100418737",13601,-0.772116651
"100506127",13602,-0.772370646
"161424",13603,-0.772992756
"100302736",13604,-0.773007218
"11010",13605,-0.773406327
"442582",13606,-0.773598803
"84144",13607,-0.773659884
"84501",13608,-0.773683524
"100129543",13609,-0.773684592
"79810",13610,-0.774360041
"4303",13611,-0.774667808
"51103",13612,-0.774750599
"7321",13613,-0.774980255
"126272",13614,-0.775132586
"123041",13615,-0.775500319
"7508",13616,-0.775516865
"284349",13617,-0.776032566
"22948",13618,-0.776075853
"730102",13619,-0.776753504
"7799",13620,-0.776762441
"10300",13621,-0.777206692
"55748",13622,-0.777334673
"9899",13623,-0.777553061
"100129354",13624,-0.777580204
"5734",13625,-0.777792655
"23076",13626,-0.778461903
"55778",13627,-0.778578799
"197407",13628,-0.779113236
"23743",13629,-0.779143724
"8476",13630,-0.779735325
"2081",13631,-0.779860666
"284071",13632,-0.780809338
"5326",13633,-0.78089119
"1504",13634,-0.780914058
"7037",13635,-0.781441874
"84071",13636,-0.78150218
"84872",13637,-0.781555038
"253959",13638,-0.781630911
"11096",13639,-0.781738989
"10991",13640,-0.781990824
"54899",13641,-0.782801239
"6683",13642,-0.783080313
"2768",13643,-0.783107051
"1678",13644,-0.783344612
"56109",13645,-0.783608074
"2330",13646,-0.78423775
"283232",13647,-0.784360655
"54103",13648,-0.784442593
"285203",13649,-0.784763716
"55958",13650,-0.785609372
"132430",13651,-0.785876385
"79736",13652,-0.786008487
"25977",13653,-0.786384448
"23262",13654,-0.78657773
"7529",13655,-0.78692622
"285346",13656,-0.787089721
"7439",13657,-0.787206792
"103611155",13658,-0.787213644
"115509",13659,-0.787278374
"54429",13660,-0.787710867
"100506674",13661,-0.787803474
"554203",13662,-0.788028686
"4130",13663,-0.78817911
"9368",13664,-0.788438681
"5452",13665,-0.788529926
"23361",13666,-0.789004768
"285440",13667,-0.789224004
"5892",13668,-0.789426957
"102724826",13669,-0.789521471
"116238",13670,-0.789594425
"8820",13671,-0.789702324
"1161",13672,-0.789762761
"10947",13673,-0.789870524
"56938",13674,-0.789982839
"84624",13675,-0.790160574
"51291",13676,-0.79018005
"7084",13677,-0.79028513
"79890",13678,-0.790484264
"57578",13679,-0.790760826
"84696",13680,-0.790897599
"4200",13681,-0.790898704
"115004",13682,-0.791587812
"2747",13683,-0.791853385
"23230",13684,-0.791859596
"51332",13685,-0.791877092
"84888",13686,-0.792088037
"51686",13687,-0.792100003
"6204",13688,-0.792322164
"6728",13689,-0.792482311
"340348",13690,-0.792718152
"22849",13691,-0.792922338
"284988",13692,-0.793092716
"5378",13693,-0.793248754
"348751",13694,-0.793422825
"85015",13695,-0.79371918
"9826",13696,-0.793745817
"8323",13697,-0.793994568
"8128",13698,-0.794035148
"84275",13699,-0.79408715
"80319",13700,-0.794251041
"1434",13701,-0.794296281
"286343",13702,-0.794414155
"9242",13703,-0.794801964
"56926",13704,-0.795135142
"401509",13705,-0.795758311
"4703",13706,-0.79656899
"3034",13707,-0.796888821
"85453",13708,-0.797002632
"92104",13709,-0.797096562
"7343",13710,-0.797416758
"137075",13711,-0.797535298
"4752",13712,-0.797557092
"200558",13713,-0.79780269
"7741",13714,-0.797953843
"494115",13715,-0.798466945
"400322",13716,-0.798516013
"642489",13717,-0.798720659
"57418",13718,-0.799292366
"51058",13719,-0.799474989
"51028",13720,-0.799933202
"80206",13721,-0.8000787
"670",13722,-0.800341393
"5980",13723,-0.800383748
"54769",13724,-0.800513595
"100128750",13725,-0.800600854
"642574",13726,-0.800702332
"79871",13727,-0.800796995
"401427",13728,-0.801085467
"375061",13729,-0.80132328
"55003",13730,-0.801757285
"51434",13731,-0.801875287
"6696",13732,-0.802213635
"9852",13733,-0.802451498
"133022",13734,-0.80272482
"80789",13735,-0.802780615
"54505",13736,-0.803055286
"9830",13737,-0.803152859
"388569",13738,-0.803277534
"64801",13739,-0.803372176
"79886",13740,-0.803531093
"26292",13741,-0.80361735
"25842",13742,-0.803957214
"5874",13743,-0.803988493
"7592",13744,-0.804116959
"6868",13745,-0.804119383
"84628",13746,-0.804192516
"10645",13747,-0.80476712
"200316",13748,-0.805057585
"338758",13749,-0.806874738
"442578",13750,-0.806893924
"81848",13751,-0.806996757
"1954",13752,-0.80700453
"149069",13753,-0.807282072
"9469",13754,-0.807353328
"56902",13755,-0.807442189
"5793",13756,-0.807568846
"282890",13757,-0.80774952
"65249",13758,-0.808287196
"92999",13759,-0.808307539
"140886",13760,-0.808323368
"79731",13761,-0.808855766
"137994",13762,-0.809288922
"10528",13763,-0.809337997
"50863",13764,-0.809436029
"3437",13765,-0.809502311
"26523",13766,-0.809740673
"100419758",13767,-0.810217244
"494514",13768,-0.810403624
"112849",13769,-0.81044263
"23339",13770,-0.811134881
"414761",13771,-0.8111723
"379025",13772,-0.811531798
"10699",13773,-0.811700454
"90233",13774,-0.811710337
"57717",13775,-0.811804097
"57406",13776,-0.81193457
"388",13777,-0.812543801
"65220",13778,-0.812597712
"4983",13779,-0.812749157
"442524",13780,-0.812969512
"81493",13781,-0.813312871
"6907",13782,-0.813394421
"55770",13783,-0.813649775
"9159",13784,-0.813842211
"221504",13785,-0.814309245
"4636",13786,-0.814480366
"728039",13787,-0.815021628
"7710",13788,-0.815240451
"4686",13789,-0.815393174
"4863",13790,-0.815713837
"116349",13791,-0.815761518
"5015",13792,-0.815861506
"51151",13793,-0.816573724
"79583",13794,-0.816806573
"375484",13795,-0.817123485
"25799",13796,-0.817447537
"221178",13797,-0.81782572
"7581",13798,-0.818361641
"5361",13799,-0.818871839
"23567",13800,-0.818988545
"10329",13801,-0.81902415
"399473",13802,-0.819374933
"109729184",13803,-0.819467818
"53358",13804,-0.819860515
"1186",13805,-0.819946619
"103752589",13806,-0.820579702
"3836",13807,-0.820938139
"54457",13808,-0.820979583
"7444",13809,-0.821133604
"57619",13810,-0.821682622
"2805",13811,-0.822176951
"55745",13812,-0.823009775
"7771",13813,-0.82325943
"55341",13814,-0.823355556
"55676",13815,-0.823394479
"80228",13816,-0.82367086
"55740",13817,-0.823770159
"100289388",13818,-0.823972838
"55815",13819,-0.824605426
"25900",13820,-0.824712081
"10314",13821,-0.824868583
"23283",13822,-0.82505808
"55319",13823,-0.825549134
"124944",13824,-0.826104303
"5681",13825,-0.827090522
"55335",13826,-0.827323232
"9497",13827,-0.827339126
"285513",13828,-0.828107336
"85377",13829,-0.828192229
"283375",13830,-0.828200768
"54739",13831,-0.828243734
"140699",13832,-0.829025713
"54205",13833,-0.829040491
"11022",13834,-0.829102267
"55244",13835,-0.829683826
"54494",13836,-0.830141381
"3566",13837,-0.830640946
"339327",13838,-0.831408155
"55374",13839,-0.831450794
"4629",13840,-0.831655933
"9187",13841,-0.831667052
"162",13842,-0.831742935
"100873477",13843,-0.832176279
"79912",13844,-0.832181636
"573971",13845,-0.832518188
"26007",13846,-0.832655482
"4295",13847,-0.832709848
"29114",13848,-0.832752845
"162963",13849,-0.832766831
"57691",13850,-0.833016033
"84645",13851,-0.833061613
"3096",13852,-0.833636297
"1676",13853,-0.833728807
"54431",13854,-0.834274125
"149297",13855,-0.834607074
"63891",13856,-0.834995651
"79922",13857,-0.835109314
"58486",13858,-0.835312514
"54680",13859,-0.835700375
"23365",13860,-0.835969467
"8174",13861,-0.836127267
"343450",13862,-0.836146019
"100506599",13863,-0.836224883
"4122",13864,-0.836316535
"83401",13865,-0.836475961
"10395",13866,-0.836648416
"57573",13867,-0.83694494
"165545",13868,-0.836986259
"100533107",13869,-0.837280935
"23545",13870,-0.83743283
"26973",13871,-0.837890572
"10019",13872,-0.838235294
"91624",13873,-0.838644925
"83873",13874,-0.838668482
"57657",13875,-0.838911974
"1660",13876,-0.839037732
"80028",13877,-0.839041459
"203547",13878,-0.839310288
"675",13879,-0.839601367
"5459",13880,-0.839996352
"105379054",13881,-0.840537867
"283131",13882,-0.840561409
"56108",13883,-0.840717801
"81671",13884,-0.842049214
"6249",13885,-0.842056014
"105416157",13886,-0.842190806
"54862",13887,-0.842364816
"2196",13888,-0.84244834
"130162",13889,-0.842878445
"100287932",13890,-0.843076703
"357",13891,-0.843261556
"399671",13892,-0.84345735
"84914",13893,-0.843968017
"84141",13894,-0.844494515
"84869",13895,-0.844517996
"106903081",13896,-0.844703354
"91151",13897,-0.845048578
"85441",13898,-0.845243975
"5707",13899,-0.845424724
"205717",13900,-0.845572031
"27346",13901,-0.846025996
"79884",13902,-0.846611331
"51300",13903,-0.846786961
"27229",13904,-0.847454323
"7042",13905,-0.847656767
"6916",13906,-0.84799274
"64135",13907,-0.848352246
"56886",13908,-0.848759848
"7371",13909,-0.848895951
"79805",13910,-0.84890494
"283742",13911,-0.849687752
"594839",13912,-0.849858595
"51728",13913,-0.850058756
"57143",13914,-0.850202351
"25974",13915,-0.850330448
"26995",13916,-0.850346549
"29089",13917,-0.85059002
"79800",13918,-0.850821754
"115560",13919,-0.850978984
"8945",13920,-0.851209303
"221264",13921,-0.851252829
"55728",13922,-0.851419193
"51099",13923,-0.851488225
"100129842",13924,-0.851790797
"641",13925,-0.852181828
"257218",13926,-0.85280518
"6541",13927,-0.853090112
"7296",13928,-0.853328428
"91752",13929,-0.853810193
"100420253",13930,-0.854159941
"54619",13931,-0.854610569
"3569",13932,-0.854790385
"65125",13933,-0.85531301
"5199",13934,-0.855585744
"54551",13935,-0.855604541
"79738",13936,-0.855958806
"124936",13937,-0.85603147
"5189",13938,-0.856716557
"54165",13939,-0.856944243
"80310",13940,-0.856961066
"2086",13941,-0.857573624
"9726",13942,-0.85770564
"5469",13943,-0.858657483
"8449",13944,-0.858877576
"10827",13945,-0.859776941
"50859",13946,-0.859822155
"100874353",13947,-0.860511301
"100507458",13948,-0.86084943
"56126",13949,-0.860966102
"55502",13950,-0.861200215
"284402",13951,-0.861209577
"113000",13952,-0.861515673
"57673",13953,-0.861906143
"54454",13954,-0.861915008
"2194",13955,-0.862091107
"388969",13956,-0.862627074
"79675",13957,-0.862631887
"641808",13958,-0.863106033
"100874054",13959,-0.863231875
"100873378",13960,-0.863255229
"9889",13961,-0.86395242
"2247",13962,-0.864193791
"2635",13963,-0.864316017
"101929688",13964,-0.864513844
"55776",13965,-0.864611686
"84226",13966,-0.865099038
"8848",13967,-0.865145677
"10868",13968,-0.865289332
"84900",13969,-0.865319204
"11097",13970,-0.865726506
"26275",13971,-0.866011856
"55784",13972,-0.866317634
"116236",13973,-0.866397607
"471",13974,-0.866442396
"10885",13975,-0.866547893
"169981",13976,-0.866661533
"79573",13977,-0.866764207
"1744",13978,-0.866822838
"55161",13979,-0.866897451
"8975",13980,-0.866950585
"57580",13981,-0.867009602
"11234",13982,-0.867147844
"10026",13983,-0.867270236
"203228",13984,-0.867317759
"25903",13985,-0.867650038
"55527",13986,-0.867652876
"100499483",13987,-0.868161537
"80020",13988,-0.868891411
"10256",13989,-0.868948654
"283554",13990,-0.869033098
"9021",13991,-0.869052149
"134430",13992,-0.86973546
"100528062",13993,-0.870498946
"90161",13994,-0.870839616
"84068",13995,-0.870847411
"7082",13996,-0.870855548
"22974",13997,-0.871672999
"257019",13998,-0.871783074
"79772",13999,-0.871984854
"7576",14000,-0.872176319
"53981",14001,-0.87229629
"197320",14002,-0.872849224
"554235",14003,-0.872964946
"92126",14004,-0.873309756
"390927",14005,-0.873947274
"399748",14006,-0.874745809
"645233",14007,-0.874784473
"285961",14008,-0.87502473
"64761",14009,-0.875466403
"7504",14010,-0.875541799
"51622",14011,-0.876206384
"10056",14012,-0.876450249
"55472",14013,-0.876683529
"646609",14014,-0.8767142
"56983",14015,-0.877260345
"23303",14016,-0.878028257
"26267",14017,-0.878086582
"8522",14018,-0.87823976
"79133",14019,-0.87848599
"360200",14020,-0.87874981
"117178",14021,-0.878897262
"57102",14022,-0.878941453
"100289178",14023,-0.879097023
"54876",14024,-0.879162742
"256691",14025,-0.879802977
"9603",14026,-0.880056313
"492",14027,-0.88022542
"55366",14028,-0.880659225
"2668",14029,-0.881334324
"8641",14030,-0.882942323
"79142",14031,-0.882991519
"54664",14032,-0.883741586
"57120",14033,-0.883799316
"148137",14034,-0.884049865
"80173",14035,-0.884122881
"6456",14036,-0.884322228
"8034",14037,-0.885155423
"178",14038,-0.885218701
"1374",14039,-0.885247318
"55501",14040,-0.88527121
"440590",14041,-0.885389955
"9783",14042,-0.885529215
"90102",14043,-0.885919175
"79411",14044,-0.886125186
"4217",14045,-0.887179928
"6988",14046,-0.88741868
"1740",14047,-0.887424384
"26515",14048,-0.88745536
"10799",14049,-0.887624893
"54955",14050,-0.88776477
"6775",14051,-0.887888591
"9423",14052,-0.887892616
"7965",14053,-0.88790326
"3604",14054,-0.888172182
"85026",14055,-0.888216611
"148789",14056,-0.88828241
"6059",14057,-0.888395919
"10745",14058,-0.888686395
"113730",14059,-0.888865495
"51018",14060,-0.889039878
"9532",14061,-0.889466224
"400609",14062,-0.889560572
"100996251",14063,-0.889959407
"55120",14064,-0.891516915
"101927204",14065,-0.89167953
"4306",14066,-0.892082388
"55343",14067,-0.892179856
"100506392",14068,-0.892809014
"11164",14069,-0.89380885
"100861548",14070,-0.894108006
"54861",14071,-0.894141812
"3308",14072,-0.894146635
"6722",14073,-0.894434152
"7482",14074,-0.894886429
"51360",14075,-0.895026191
"284697",14076,-0.895248195
"100288380",14077,-0.895488396
"83448",14078,-0.895602523
"6238",14079,-0.895855303
"215",14080,-0.895967465
"80235",14081,-0.89623617
"152330",14082,-0.896538474
"126070",14083,-0.896909588
"26108",14084,-0.897137905
"149111",14085,-0.897206617
"8835",14086,-0.897563898
"100507433",14087,-0.897973599
"220064",14088,-0.898023884
"10900",14089,-0.898291762
"79621",14090,-0.898560518
"143872",14091,-0.898648092
"1062",14092,-0.898678204
"645676",14093,-0.898900438
"55610",14094,-0.899184055
"11177",14095,-0.899724191
"26287",14096,-0.900043972
"9111",14097,-0.900234609
"9897",14098,-0.900695034
"9900",14099,-0.900853794
"64411",14100,-0.900884324
"54906",14101,-0.900930368
"139285",14102,-0.900980996
"145282",14103,-0.901003255
"83696",14104,-0.901322108
"84455",14105,-0.901467238
"57608",14106,-0.901469257
"729375",14107,-0.901594952
"100506555",14108,-0.901767686
"104355217",14109,-0.9017758
"3149",14110,-0.902054856
"153562",14111,-0.902830725
"54788",14112,-0.902983146
"8633",14113,-0.903338865
"4238",14114,-0.903442421
"9223",14115,-0.903467381
"83699",14116,-0.903745091
"64843",14117,-0.903976085
"8200",14118,-0.904457457
"6314",14119,-0.90448247
"57544",14120,-0.904742477
"401024",14121,-0.904790132
"114034",14122,-0.904845677
"7798",14123,-0.904966395
"51056",14124,-0.905030735
"7498",14125,-0.905608734
"3685",14126,-0.906049412
"728806",14127,-0.906251
"541468",14128,-0.906435719
"113277",14129,-0.90660711
"440375",14130,-0.906834674
"1430",14131,-0.90815122
"9131",14132,-0.908202627
"342132",14133,-0.908323191
"114792",14134,-0.90844123
"51088",14135,-0.908600006
"100288730",14136,-0.908658691
"781",14137,-0.90876806
"23195",14138,-0.909049218
"3576",14139,-0.909187487
"79705",14140,-0.909207699
"6936",14141,-0.909426035
"84465",14142,-0.909771806
"9645",14143,-0.909835463
"594837",14144,-0.91002812
"790",14145,-0.910087201
"63876",14146,-0.910141005
"400011",14147,-0.910264335
"79879",14148,-0.910390173
"255928",14149,-0.910758702
"57514",14150,-0.910896043
"9673",14151,-0.911000964
"220359",14152,-0.911033691
"55128",14153,-0.911245196
"8669",14154,-0.91169751
"55172",14155,-0.911754691
"79723",14156,-0.911807841
"6732",14157,-0.912199769
"79092",14158,-0.913070639
"23198",14159,-0.913117362
"64857",14160,-0.913362192
"23660",14161,-0.913606416
"79862",14162,-0.913608163
"23154",14163,-0.913795566
"11318",14164,-0.913864415
"7562",14165,-0.913915472
"2672",14166,-0.914121269
"730051",14167,-0.914178446
"29126",14168,-0.914285684
"142679",14169,-0.914744472
"26974",14170,-0.91491934
"554251",14171,-0.915063834
"613",14172,-0.915092255
"729262",14173,-0.91582729
"112268223",14174,-0.916243457
"101927768",14175,-0.916446372
"23179",14176,-0.916522174
"2202",14177,-0.916727955
"401428",14178,-0.916811649
"54620",14179,-0.916915322
"56672",14180,-0.916955634
"26052",14181,-0.91716949
"339983",14182,-0.917203278
"124093",14183,-0.917240846
"150709",14184,-0.917345205
"9188",14185,-0.917792269
"9684",14186,-0.918296618
"84924",14187,-0.918421907
"64897",14188,-0.919860168
"55248",14189,-0.920541302
"8672",14190,-0.920607003
"115201",14191,-0.920994469
"55568",14192,-0.92122758
"80155",14193,-0.921399958
"447",14194,-0.921518124
"113251",14195,-0.921590583
"22928",14196,-0.922888265
"79829",14197,-0.923022815
"100506046",14198,-0.923236687
"85465",14199,-0.923380389
"199953",14200,-0.923463001
"5924",14201,-0.924440733
"9666",14202,-0.925217833
"10847",14203,-0.925609105
"5739",14204,-0.925951425
"79077",14205,-0.926180666
"9540",14206,-0.927030753
"4683",14207,-0.927166297
"80034",14208,-0.928039888
"23246",14209,-0.928357727
"100652748",14210,-0.928805223
"57469",14211,-0.929042075
"729920",14212,-0.929170503
"728239",14213,-0.92930544
"54495",14214,-0.92935859
"10499",14215,-0.929390166
"113419",14216,-0.929478306
"109729146",14217,-0.929568073
"79607",14218,-0.93001352
"254042",14219,-0.930077073
"23586",14220,-0.930394481
"57477",14221,-0.931110888
"55342",14222,-0.931296094
"100113407",14223,-0.932802052
"1490",14224,-0.932821175
"9678",14225,-0.932955643
"5140",14226,-0.933755152
"126792",14227,-0.934055996
"79691",14228,-0.93419065
"55105",14229,-0.934305263
"26953",14230,-0.93474925
"387264",14231,-0.935084123
"26266",14232,-0.935252506
"134",14233,-0.93535062
"55638",14234,-0.935874529
"399761",14235,-0.936449283
"286128",14236,-0.936467473
"55055",14237,-0.936644825
"171586",14238,-0.937047539
"25994",14239,-0.93749343
"23033",14240,-0.938287698
"388327",14241,-0.938308361
"10309",14242,-0.938439562
"407006",14243,-0.938818303
"222229",14244,-0.938858951
"55920",14245,-0.939031477
"133418",14246,-0.939119123
"57582",14247,-0.93929325
"10221",14248,-0.939448658
"4734",14249,-0.939872256
"65258",14250,-0.939907596
"730094",14251,-0.940317034
"23276",14252,-0.940451499
"338645",14253,-0.940530505
"10940",14254,-0.940531747
"10149",14255,-0.940800849
"89845",14256,-0.941984916
"5166",14257,-0.942129284
"54441",14258,-0.942251706
"285989",14259,-0.942434235
"93627",14260,-0.942476629
"7078",14261,-0.94325503
"9882",14262,-0.943334048
"9147",14263,-0.943738196
"220108",14264,-0.943864507
"3352",14265,-0.944412397
"140766",14266,-0.945022533
"5174",14267,-0.945063146
"10111",14268,-0.945227363
"1621",14269,-0.945292099
"11153",14270,-0.945713682
"23395",14271,-0.945764464
"57513",14272,-0.945993778
"221710",14273,-0.946475961
"3292",14274,-0.947054077
"54908",14275,-0.94706905
"4008",14276,-0.949706128
"146225",14277,-0.949718819
"126248",14278,-0.950189406
"414169",14279,-0.950361392
"23335",14280,-0.951069707
"150465",14281,-0.951510457
"4157",14282,-0.951710156
"55582",14283,-0.951820208
"9236",14284,-0.95182736
"1823",14285,-0.952002845
"57226",14286,-0.952105127
"103021294",14287,-0.952478644
"23426",14288,-0.952569758
"6510",14289,-0.952751065
"26045",14290,-0.95382593
"159963",14291,-0.954272178
"23098",14292,-0.954386891
"55220",14293,-0.955128747
"340481",14294,-0.955469727
"51460",14295,-0.955690179
"92017",14296,-0.956457909
"64848",14297,-0.956521183
"9895",14298,-0.956672147
"55718",14299,-0.956812834
"2052",14300,-0.957363907
"10057",14301,-0.957667449
"4615",14302,-0.957958485
"147912",14303,-0.958379518
"106479706",14304,-0.958494683
"24147",14305,-0.958736938
"643446",14306,-0.959197713
"10061",14307,-0.959713429
"10333",14308,-0.959779819
"22852",14309,-0.959787191
"122953",14310,-0.959795544
"441391",14311,-0.960169242
"51095",14312,-0.96018686
"84570",14313,-0.960323021
"145773",14314,-0.960366347
"23528",14315,-0.960925224
"1138",14316,-0.960969947
"5591",14317,-0.961010329
"619279",14318,-0.961201271
"55604",14319,-0.961452424
"493900",14320,-0.961678883
"219844",14321,-0.961680346
"834",14322,-0.961858683
"23334",14323,-0.96186115
"9937",14324,-0.961901568
"106480011",14325,-0.962057477
"2774",14326,-0.962078728
"171559",14327,-0.962089797
"57552",14328,-0.962650468
"84750",14329,-0.962855056
"148413",14330,-0.962998498
"91408",14331,-0.963146338
"66008",14332,-0.963186761
"4818",14333,-0.963365094
"400954",14334,-0.963812177
"6272",14335,-0.963895183
"9631",14336,-0.964139145
"101928085",14337,-0.964415299
"50651",14338,-0.9646129
"653924",14339,-0.965063416
"84168",14340,-0.965441971
"165829",14341,-0.966240944
"120227",14342,-0.966567915
"55312",14343,-0.966570072
"64170",14344,-0.967070138
"134637",14345,-0.967624447
"7748",14346,-0.96762702
"29128",14347,-0.967693239
"412",14348,-0.968702097
"57082",14349,-0.969711203
"64421",14350,-0.970263688
"729020",14351,-0.97046653
"64925",14352,-0.970521022
"80267",14353,-0.970629568
"400506",14354,-0.970631136
"11262",14355,-0.97158723
"106478958",14356,-0.972161716
"3433",14357,-0.972361008
"79834",14358,-0.9723983
"114885",14359,-0.972877211
"51463",14360,-0.972916991
"100874312",14361,-0.973060468
"41",14362,-0.973986692
"57169",14363,-0.974053922
"5097",14364,-0.974624048
"57224",14365,-0.974643516
"5783",14366,-0.975233485
"2072",14367,-0.975416805
"51633",14368,-0.975636075
"84125",14369,-0.97587928
"80039",14370,-0.975892267
"4247",14371,-0.976817888
"83743",14372,-0.977134149
"23345",14373,-0.977143175
"55006",14374,-0.977299722
"85455",14375,-0.977493805
"102724364",14376,-0.977598087
"4345",14377,-0.977814922
"133383",14378,-0.978073689
"223082",14379,-0.978758209
"387745",14380,-0.979913853
"8317",14381,-0.98006156
"80021",14382,-0.980465044
"54621",14383,-0.981037452
"7157",14384,-0.981187174
"4719",14385,-0.981267788
"219347",14386,-0.981554217
"54067",14387,-0.983193415
"7011",14388,-0.983372939
"200895",14389,-0.983542834
"110806298",14390,-0.983768536
"126298",14391,-0.985337437
"54149",14392,-0.986203366
"127495",14393,-0.986231928
"57620",14394,-0.98633454
"653308",14395,-0.987284182
"2395",14396,-0.987713789
"56138",14397,-0.987770271
"85417",14398,-0.987813583
"81932",14399,-0.987833264
"3767",14400,-0.987954445
"401097",14401,-0.988180345
"81790",14402,-0.988393979
"116984",14403,-0.988996597
"64321",14404,-0.989548981
"149478",14405,-0.98964841
"2218",14406,-0.989709622
"79081",14407,-0.990034272
"7273",14408,-0.990296001
"388335",14409,-0.991026995
"60558",14410,-0.991370859
"54931",14411,-0.991510149
"79905",14412,-0.991778502
"100133545",14413,-0.991996116
"84771",14414,-0.992054668
"523",14415,-0.992210823
"5030",14416,-0.992447276
"23057",14417,-0.992521002
"641339",14418,-0.993321126
"340277",14419,-0.993609565
"84085",14420,-0.993819358
"6252",14421,-0.993971244
"93587",14422,-0.994677257
"1376",14423,-0.994939172
"25806",14424,-0.995266165
"123688",14425,-0.995353021
"51427",14426,-0.995654565
"257236",14427,-0.995933329
"4199",14428,-0.996824223
"283284",14429,-0.998576593
"494513",14430,-0.998595593
"7486",14431,-0.99864709
"93550",14432,-0.998913836
"92691",14433,-0.999378729
"22869",14434,-0.999479184
"4790",14435,-0.999608653
"27124",14436,-0.999720662
"51134",14437,-1.000164173
"9127",14438,-1.000235291
"595",14439,-1.000437628
"23288",14440,-1.000565229
"26005",14441,-1.000678045
"91664",14442,-1.000711797
"92558",14443,-1.000928036
"29940",14444,-1.000991165
"28955",14445,-1.00175477
"25880",14446,-1.001769076
"284403",14447,-1.001931079
"81789",14448,-1.0025147
"441459",14449,-1.002892401
"168667",14450,-1.002932367
"7052",14451,-1.003345218
"55315",14452,-1.003356034
"220930",14453,-1.003525201
"3141",14454,-1.003826346
"25939",14455,-1.003892076
"2966",14456,-1.004035031
"22926",14457,-1.004041779
"79677",14458,-1.005304032
"653238",14459,-1.00562808
"105370888",14460,-1.005764445
"8629",14461,-1.006154731
"55153",14462,-1.006545064
"83959",14463,-1.006700219
"3631",14464,-1.008053054
"106480630",14465,-1.008609093
"134510",14466,-1.008647375
"27185",14467,-1.009181407
"327657",14468,-1.009416391
"114786",14469,-1.009487245
"8809",14470,-1.009721475
"10302",14471,-1.010009706
"51692",14472,-1.010913433
"84946",14473,-1.011491569
"60528",14474,-1.012336746
"84830",14475,-1.013232083
"100499183",14476,-1.013651916
"166378",14477,-1.013669602
"158880",14478,-1.014173439
"23078",14479,-1.014350174
"51619",14480,-1.014786479
"349565",14481,-1.015205313
"26278",14482,-1.015598962
"5208",14483,-1.015862877
"164684",14484,-1.016813329
"80854",14485,-1.017533156
"3312",14486,-1.017562367
"2960",14487,-1.018408754
"57650",14488,-1.018569332
"285368",14489,-1.018647975
"3430",14490,-1.018807383
"2530",14491,-1.018909248
"196483",14492,-1.01892533
"6712",14493,-1.019365795
"23556",14494,-1.019396814
"352909",14495,-1.02013716
"347051",14496,-1.020270466
"284353",14497,-1.020889826
"157753",14498,-1.020978483
"163486",14499,-1.02135031
"51175",14500,-1.02178027
"54868",14501,-1.022051959
"23175",14502,-1.022475765
"283254",14503,-1.022556992
"79924",14504,-1.023097914
"642987",14505,-1.023974213
"441027",14506,-1.024147658
"100506714",14507,-1.024209165
"80339",14508,-1.024688742
"388115",14509,-1.025695532
"64579",14510,-1.026889476
"4324",14511,-1.027607706
"693220",14512,-1.02763605
"84735",14513,-1.027723507
"368",14514,-1.027976647
"118460",14515,-1.028506072
"81792",14516,-1.029308543
"64417",14517,-1.029618401
"55163",14518,-1.029908287
"100996307",14519,-1.029930906
"84864",14520,-1.030707553
"57827",14521,-1.030799307
"1462",14522,-1.031185564
"100048912",14523,-1.032535595
"644596",14524,-1.032628276
"145407",14525,-1.033334813
"113218477",14526,-1.033686867
"100506033",14527,-1.034236515
"5608",14528,-1.034323081
"56624",14529,-1.034464775
"81856",14530,-1.03453631
"26776",14531,-1.034712411
"2250",14532,-1.03623138
"7058",14533,-1.036862891
"729533",14534,-1.037359919
"152877",14535,-1.038639704
"124565",14536,-1.03883731
"153443",14537,-1.039060112
"8540",14538,-1.03910772
"64799",14539,-1.03914291
"6004",14540,-1.039906022
"7782",14541,-1.040012769
"5045",14542,-1.042584137
"57521",14543,-1.042655707
"84984",14544,-1.042823101
"57336",14545,-1.043417919
"10514",14546,-1.04376566
"5825",14547,-1.044219928
"10220",14548,-1.04423896
"28232",14549,-1.044802372
"8745",14550,-1.044837314
"2527",14551,-1.046038198
"80304",14552,-1.046693723
"6648",14553,-1.047041228
"84870",14554,-1.047276154
"1373",14555,-1.047465205
"81839",14556,-1.048696478
"26872",14557,-1.049475569
"101929147",14558,-1.050304139
"29078",14559,-1.050713544
"57103",14560,-1.05111015
"8914",14561,-1.053540815
"731605",14562,-1.054948675
"56256",14563,-1.055360899
"84172",14564,-1.055568593
"110806277",14565,-1.055781192
"340156",14566,-1.056247673
"192668",14567,-1.056401667
"56920",14568,-1.056557977
"574407",14569,-1.056566624
"151056",14570,-1.057026649
"102723619",14571,-1.057241197
"64222",14572,-1.057330324
"84074",14573,-1.057996838
"3652",14574,-1.058865843
"8651",14575,-1.059004136
"729723",14576,-1.059061029
"27351",14577,-1.05923257
"84816",14578,-1.059783099
"23086",14579,-1.060112686
"5456",14580,-1.060435656
"353497",14581,-1.060811859
"4482",14582,-1.061139138
"55278",14583,-1.06134838
"2589",14584,-1.061803444
"100289274",14585,-1.061933278
"2904",14586,-1.062162075
"55735",14587,-1.06224967
"353091",14588,-1.062292078
"253827",14589,-1.063480411
"51302",14590,-1.064480434
"6581",14591,-1.064652682
"81788",14592,-1.065150818
"84668",14593,-1.065538255
"55617",14594,-1.065635822
"3419",14595,-1.066353806
"7584",14596,-1.06673
"171568",14597,-1.066920427
"388963",14598,-1.067080768
"130132",14599,-1.067226393
"56890",14600,-1.067271643
"79027",14601,-1.067387434
"440416",14602,-1.067733347
"90324",14603,-1.068201356
"9875",14604,-1.068391805
"91614",14605,-1.068425018
"100506060",14606,-1.068689857
"91010",14607,-1.068861783
"4647",14608,-1.06966698
"100422943",14609,-1.069764001
"3417",14610,-1.070808504
"114987",14611,-1.070927523
"23518",14612,-1.071712562
"387263",14613,-1.072275292
"283933",14614,-1.07293845
"51209",14615,-1.072942519
"220202",14616,-1.073236035
"283377",14617,-1.07366791
"9400",14618,-1.073730088
"399979",14619,-1.073918852
"29104",14620,-1.074293344
"6498",14621,-1.074467516
"23357",14622,-1.075177981
"6909",14623,-1.075400519
"23333",14624,-1.075716528
"387758",14625,-1.075981117
"6493",14626,-1.076174678
"404734",14627,-1.0766242
"79178",14628,-1.077186467
"23012",14629,-1.07776721
"7743",14630,-1.077799972
"1602",14631,-1.078018722
"100507398",14632,-1.078770101
"344558",14633,-1.078935626
"2850",14634,-1.079367258
"29947",14635,-1.079494212
"54970",14636,-1.080418078
"56163",14637,-1.080894383
"286103",14638,-1.081235879
"100526835",14639,-1.081243488
"55086",14640,-1.08151705
"54762",14641,-1.081692375
"110806272",14642,-1.082886272
"283373",14643,-1.083124544
"23211",14644,-1.083289563
"9464",14645,-1.084572439
"84176",14646,-1.08517496
"101056700",14647,-1.085235464
"5775",14648,-1.085976079
"7364",14649,-1.086126867
"252884",14650,-1.086205609
"6382",14651,-1.08646093
"9331",14652,-1.087084131
"51315",14653,-1.087134216
"54082",14654,-1.088306695
"1033",14655,-1.088612211
"253559",14656,-1.088726338
"89853",14657,-1.088755043
"110806280",14658,-1.089186664
"9766",14659,-1.090109023
"55659",14660,-1.090366217
"54553",14661,-1.091035888
"7675",14662,-1.092904787
"7639",14663,-1.093123463
"7620",14664,-1.093420397
"57670",14665,-1.096158395
"84135",14666,-1.096370645
"3084",14667,-1.097068482
"23400",14668,-1.097910186
"367",14669,-1.097916412
"79657",14670,-1.097990983
"136227",14671,-1.098434054
"84793",14672,-1.099802809
"117583",14673,-1.100286631
"55157",14674,-1.100871254
"100131193",14675,-1.10103293
"56606",14676,-1.101163465
"100506686",14677,-1.101169693
"55127",14678,-1.101837722
"57829",14679,-1.101996892
"84070",14680,-1.102127498
"151636",14681,-1.10214862
"160418",14682,-1.102700852
"284723",14683,-1.104612682
"43847",14684,-1.105107092
"55081",14685,-1.105111024
"56242",14686,-1.105180057
"107",14687,-1.105390748
"1827",14688,-1.105608703
"10403",14689,-1.10586646
"5519",14690,-1.106197974
"51110",14691,-1.106445578
"51715",14692,-1.10681145
"8884",14693,-1.107549894
"55652",14694,-1.107924236
"80209",14695,-1.107966962
"3214",14696,-1.108032054
"23768",14697,-1.108551666
"448990",14698,-1.108873528
"7127",14699,-1.109655608
"55794",14700,-1.110110607
"162073",14701,-1.110444875
"995",14702,-1.111150691
"100129583",14703,-1.111252439
"94137",14704,-1.111284608
"728591",14705,-1.111537398
"117145",14706,-1.112434072
"2743",14707,-1.113238083
"7596",14708,-1.113983868
"131474",14709,-1.114486255
"9053",14710,-1.11558507
"81491",14711,-1.116113082
"55024",14712,-1.116305914
"346157",14713,-1.117180874
"25938",14714,-1.117929736
"11226",14715,-1.118806851
"142",14716,-1.11898734
"84327",14717,-1.11936962
"27340",14718,-1.119383243
"101929402",14719,-1.119525436
"159195",14720,-1.120169852
"64863",14721,-1.120425007
"100422371",14722,-1.120656891
"5567",14723,-1.121311443
"55008",14724,-1.121828283
"93594",14725,-1.122613618
"9915",14726,-1.122753631
"10741",14727,-1.122758345
"54841",14728,-1.123671289
"352954",14729,-1.123912139
"96764",14730,-1.123945629
"56999",14731,-1.12457571
"11154",14732,-1.124980116
"55619",14733,-1.12503271
"51313",14734,-1.125064929
"115811",14735,-1.125534511
"493812",14736,-1.125623607
"84520",14737,-1.125704239
"5455",14738,-1.126716526
"11227",14739,-1.127944537
"4638",14740,-1.128354832
"100293516",14741,-1.128411134
"168455",14742,-1.128747075
"56122",14743,-1.128795615
"51645",14744,-1.128885243
"285335",14745,-1.130232904
"4253",14746,-1.131365149
"525",14747,-1.13310173
"101927096",14748,-1.133660236
"339400",14749,-1.133807338
"5592",14750,-1.13488322
"440854",14751,-1.135303597
"22875",14752,-1.135759017
"100507297",14753,-1.136422203
"5311",14754,-1.136576946
"91351",14755,-1.136848156
"79154",14756,-1.137767598
"324",14757,-1.137955931
"1903",14758,-1.13808086
"23769",14759,-1.138656363
"51605",14760,-1.138992169
"134728",14761,-1.139324654
"101929715",14762,-1.139478519
"10350",14763,-1.139588128
"100421545",14764,-1.139687848
"9619",14765,-1.140071649
"84976",14766,-1.141427178
"51741",14767,-1.141782462
"2618",14768,-1.141899955
"148304",14769,-1.142236266
"407014",14770,-1.142588802
"55759",14771,-1.143038901
"10468",14772,-1.14320047
"54677",14773,-1.143393669
"101929780",14774,-1.143500637
"705",14775,-1.144327278
"387914",14776,-1.144641469
"203197",14777,-1.14511865
"202915",14778,-1.147054297
"10451",14779,-1.147080619
"55251",14780,-1.147153982
"100289373",14781,-1.147571151
"83872",14782,-1.148579724
"7412",14783,-1.148666903
"285349",14784,-1.14871471
"83903",14785,-1.149556019
"85459",14786,-1.149834026
"147949",14787,-1.150402568
"5803",14788,-1.15087797
"401914",14789,-1.15096289
"9392",14790,-1.151008125
"147495",14791,-1.151599063
"730246",14792,-1.152028523
"90624",14793,-1.153223784
"201562",14794,-1.153462332
"9",14795,-1.153673477
"9508",14796,-1.153755573
"142913",14797,-1.154124669
"8942",14798,-1.155252433
"55283",14799,-1.155967579
"84912",14800,-1.156171793
"109729182",14801,-1.156795363
"125058",14802,-1.157178754
"4144",14803,-1.158111462
"875",14804,-1.158888523
"55168",14805,-1.159715528
"101929335",14806,-1.160677285
"100506325",14807,-1.161633836
"57633",14808,-1.161848396
"139324",14809,-1.1619175
"287",14810,-1.162401824
"55106",14811,-1.162874312
"148103",14812,-1.162977022
"9970",14813,-1.163180987
"84456",14814,-1.163279572
"25896",14815,-1.163524723
"51555",14816,-1.163720092
"65268",14817,-1.16534715
"266812",14818,-1.166826805
"84842",14819,-1.167049076
"3624",14820,-1.167061017
"7579",14821,-1.167949876
"100506365",14822,-1.168104238
"23484",14823,-1.168731351
"9764",14824,-1.168984094
"378884",14825,-1.169197605
"85444",14826,-1.169768719
"2630",14827,-1.170540449
"222236",14828,-1.170646664
"400720",14829,-1.17085853
"91612",14830,-1.171522168
"399972",14831,-1.171522769
"80709",14832,-1.171869829
"4086",14833,-1.171962543
"85302",14834,-1.172176115
"64146",14835,-1.172259986
"9641",14836,-1.173807645
"590",14837,-1.174400984
"84769",14838,-1.174720102
"10194",14839,-1.177652595
"100533182",14840,-1.179342108
"95681",14841,-1.180010179
"729978",14842,-1.181904051
"79740",14843,-1.18211306
"152756",14844,-1.182666815
"57697",14845,-1.182932032
"57567",14846,-1.184613645
"55238",14847,-1.185141583
"55601",14848,-1.18738959
"116966",14849,-1.187920863
"64837",14850,-1.187994783
"7727",14851,-1.188207773
"9682",14852,-1.188796176
"8607",14853,-1.188974021
"339324",14854,-1.19030989
"4939",14855,-1.190863109
"79898",14856,-1.191044594
"1958",14857,-1.191139732
"90693",14858,-1.191503658
"165215",14859,-1.191808243
"7980",14860,-1.192727223
"152667",14861,-1.192750705
"374987",14862,-1.193087768
"65988",14863,-1.193185366
"4139",14864,-1.194925368
"101927352",14865,-1.196662592
"79147",14866,-1.197324068
"100873369",14867,-1.197740554
"55915",14868,-1.198881862
"283130",14869,-1.199023385
"55033",14870,-1.199300873
"3182",14871,-1.201228235
"100616318",14872,-1.201639487
"219623",14873,-1.202358328
"55056",14874,-1.202389559
"9786",14875,-1.202402729
"162966",14876,-1.202927594
"54622",14877,-1.204511095
"150763",14878,-1.204604941
"170533",14879,-1.204882266
"55297",14880,-1.205147523
"83983",14881,-1.205279555
"57510",14882,-1.205636268
"119032",14883,-1.20569462
"1417",14884,-1.206346218
"342096",14885,-1.207517861
"414208",14886,-1.208049906
"90133",14887,-1.208202778
"444882",14888,-1.210820656
"100302237",14889,-1.211062023
"3991",14890,-1.211797616
"79741",14891,-1.21181122
"9496",14892,-1.213625649
"79465",14893,-1.213654302
"2916",14894,-1.213941569
"51524",14895,-1.21473337
"1184",14896,-1.215141313
"147685",14897,-1.215425296
"22984",14898,-1.217564135
"104472715",14899,-1.218810634
"5198",14900,-1.21910983
"10808",14901,-1.219819247
"147463",14902,-1.220702103
"2307",14903,-1.220731248
"677885",14904,-1.221206449
"1435",14905,-1.221961483
"953",14906,-1.222121301
"1368",14907,-1.223095898
"152110",14908,-1.223274907
"84899",14909,-1.224290495
"57404",14910,-1.225567682
"56134",14911,-1.226061954
"220002",14912,-1.226405438
"80726",14913,-1.22716623
"339829",14914,-1.227640067
"10396",14915,-1.228684804
"117156",14916,-1.229384195
"5321",14917,-1.230377964
"5366",14918,-1.23070017
"23270",14919,-1.230823158
"84134",14920,-1.232435177
"100507347",14921,-1.233029511
"163051",14922,-1.233571143
"64087",14923,-1.233716393
"60437",14924,-1.234168027
"136051",14925,-1.234443546
"9056",14926,-1.234496626
"103021165",14927,-1.234563637
"220906",14928,-1.2346858
"2507",14929,-1.235548646
"80201",14930,-1.236108909
"8991",14931,-1.236143971
"56906",14932,-1.236577679
"3981",14933,-1.237180474
"100506469",14934,-1.238064638
"643836",14935,-1.239792976
"221416",14936,-1.239867488
"54552",14937,-1.240126359
"2735",14938,-1.241098053
"114821",14939,-1.241590551
"284",14940,-1.241980076
"200728",14941,-1.242157644
"399694",14942,-1.242235846
"79803",14943,-1.242774388
"127396",14944,-1.243092288
"441549",14945,-1.243210081
"51192",14946,-1.244561941
"115209",14947,-1.244623943
"255130",14948,-1.244786219
"80210",14949,-1.245365559
"340273",14950,-1.24548536
"10475",14951,-1.246110965
"400566",14952,-1.246933362
"142680",14953,-1.247205745
"151742",14954,-1.247269981
"57452",14955,-1.247349971
"100874048",14956,-1.248408705
"440730",14957,-1.249862641
"7955",14958,-1.250239131
"79183",14959,-1.251404907
"56919",14960,-1.252220126
"65083",14961,-1.25334945
"26061",14962,-1.253498008
"100874222",14963,-1.255431109
"10154",14964,-1.257902086
"51474",14965,-1.259044781
"84216",14966,-1.260388743
"9586",14967,-1.260976271
"286101",14968,-1.262951411
"100507321",14969,-1.263464776
"55084",14970,-1.264527515
"100306951",14971,-1.265912961
"7007",14972,-1.266002331
"1719",14973,-1.266022232
"545",14974,-1.266636031
"152503",14975,-1.267816765
"150372",14976,-1.267939452
"64288",14977,-1.268559818
"2921",14978,-1.268939183
"85460",14979,-1.269069899
"651714",14980,-1.269326443
"1795",14981,-1.269675189
"286495",14982,-1.269758088
"253039",14983,-1.270211141
"105377348",14984,-1.2702745
"26047",14985,-1.271216253
"1950",14986,-1.271329608
"399909",14987,-1.271527022
"3305",14988,-1.272409858
"121601",14989,-1.272459541
"10495",14990,-1.27465733
"596",14991,-1.274820342
"9099",14992,-1.275162965
"79697",14993,-1.275786004
"7568",14994,-1.275898804
"23025",14995,-1.276982603
"79831",14996,-1.277042615
"79847",14997,-1.277518261
"1952",14998,-1.277604237
"3985",14999,-1.277803963
"79640",15000,-1.278076553
"122809",15001,-1.278449411
"4621",15002,-1.278990034
"4166",15003,-1.279300677
"79823",15004,-1.279436047
"57210",15005,-1.279651378
"339318",15006,-1.280463279
"2119",15007,-1.281421288
"146050",15008,-1.281715551
"1662",15009,-1.28308779
"7694",15010,-1.283896608
"100130932",15011,-1.288205011
"388135",15012,-1.288964948
"257044",15013,-1.290312632
"80775",15014,-1.290499136
"22937",15015,-1.291156022
"101929351",15016,-1.291299337
"399512",15017,-1.291978152
"206412",15018,-1.292433491
"283392",15019,-1.294407771
"151827",15020,-1.29504489
"23466",15021,-1.295475306
"283537",15022,-1.300302525
"130540",15023,-1.300845885
"79363",15024,-1.300898887
"646719",15025,-1.301087845
"100506007",15026,-1.301593334
"64084",15027,-1.30335857
"54733",15028,-1.30364592
"65055",15029,-1.303884147
"29841",15030,-1.306355888
"64582",15031,-1.30637044
"407975",15032,-1.306731949
"728769",15033,-1.308865223
"80705",15034,-1.310132689
"116496",15035,-1.310850131
"106480739",15036,-1.314158878
"23401",15037,-1.314368998
"221468",15038,-1.316970823
"6821",15039,-1.318312971
"285954",15040,-1.3184976
"55083",15041,-1.320611026
"161145",15042,-1.322079973
"91526",15043,-1.322236197
"84765",15044,-1.325098322
"5106",15045,-1.325427688
"79020",15046,-1.325547828
"115752",15047,-1.32721236
"23452",15048,-1.327320378
"27304",15049,-1.3274828
"7691",15050,-1.327678597
"6376",15051,-1.328953335
"84166",15052,-1.330600817
"80329",15053,-1.332157475
"121456",15054,-1.332608615
"78996",15055,-1.334134338
"144233",15056,-1.335096602
"153129",15057,-1.335546859
"100302401",15058,-1.336658973
"647310",15059,-1.337345354
"162968",15060,-1.337376478
"220042",15061,-1.338007279
"157773",15062,-1.338738588
"7638",15063,-1.338775359
"1768",15064,-1.340404872
"6772",15065,-1.340416749
"672",15066,-1.342913674
"10197",15067,-1.343773198
"79674",15068,-1.343911437
"84105",15069,-1.344540994
"56107",15070,-1.345630967
"64798",15071,-1.347054123
"54978",15072,-1.347330863
"7098",15073,-1.349395117
"3954",15074,-1.34942687
"64409",15075,-1.349610162
"84649",15076,-1.349682956
"5167",15077,-1.349930369
"219854",15078,-1.351328392
"26032",15079,-1.351506941
"80217",15080,-1.352224867
"87178",15081,-1.352763607
"4824",15082,-1.35596434
"26768",15083,-1.356162443
"116461",15084,-1.35645728
"348654",15085,-1.358193988
"5357",15086,-1.360082436
"30845",15087,-1.362943277
"84911",15088,-1.36335408
"653113",15089,-1.363406469
"100131031",15090,-1.3642638
"411",15091,-1.364372875
"134145",15092,-1.364772266
"10260",15093,-1.365034628
"406962",15094,-1.365528738
"26585",15095,-1.366073474
"100505538",15096,-1.367017172
"285195",15097,-1.367047231
"64901",15098,-1.367906897
"101927597",15099,-1.368688781
"105369547",15100,-1.369973848
"84945",15101,-1.370042311
"645332",15102,-1.373853619
"338376",15103,-1.373866808
"643382",15104,-1.374158652
"84915",15105,-1.374596401
"22801",15106,-1.375680711
"54777",15107,-1.375883318
"100616668",15108,-1.376256516
"151393",15109,-1.376280005
"8811",15110,-1.37731731
"23467",15111,-1.378534888
"23643",15112,-1.378705979
"348926",15113,-1.378766993
"375791",15114,-1.381159194
"2312",15115,-1.38163524
"283463",15116,-1.381889932
"10203",15117,-1.383172119
"10389",15118,-1.383602494
"64789",15119,-1.384161728
"140809",15120,-1.386618785
"80150",15121,-1.386628723
"7587",15122,-1.386966535
"84260",15123,-1.387744193
"83666",15124,-1.388033152
"23092",15125,-1.388491603
"8790",15126,-1.390626065
"150737",15127,-1.391441499
"65260",15128,-1.392893203
"286499",15129,-1.393591619
"65251",15130,-1.393949905
"101926926",15131,-1.39451664
"1270",15132,-1.396074953
"389677",15133,-1.396889145
"7101",15134,-1.39915695
"79818",15135,-1.399303871
"6580",15136,-1.399625152
"100147750",15137,-1.399812703
"256472",15138,-1.401188802
"55010",15139,-1.402391672
"199777",15140,-1.402569722
"6373",15141,-1.40293023
"284013",15142,-1.403227734
"150786",15143,-1.403544905
"90187",15144,-1.404054787
"3909",15145,-1.404719105
"166785",15146,-1.405382011
"113802",15147,-1.406464734
"54848",15148,-1.407090875
"126074",15149,-1.407778244
"2894",15150,-1.408091339
"57539",15151,-1.40819375
"23536",15152,-1.408348485
"64747",15153,-1.408704463
"51617",15154,-1.408829806
"728118",15155,-1.409359941
"140578",15156,-1.409641573
"11056",15157,-1.409699577
"29070",15158,-1.410880063
"4674",15159,-1.411445286
"3553",15160,-1.411485936
"9751",15161,-1.411821856
"342184",15162,-1.413712304
"26783",15163,-1.414668426
"59341",15164,-1.416488103
"346528",15165,-1.416923064
"57463",15166,-1.41813593
"26149",15167,-1.419627872
"147657",15168,-1.419976421
"10795",15169,-1.420808379
"59352",15170,-1.421031114
"84078",15171,-1.421435128
"101928931",15172,-1.421879958
"102723510",15173,-1.422874904
"728477",15174,-1.423665728
"5309",15175,-1.425759014
"57642",15176,-1.428362632
"100507178",15177,-1.428468134
"339929",15178,-1.428986171
"3601",15179,-1.429678427
"115111",15180,-1.430740058
"84073",15181,-1.431032887
"101060226",15182,-1.432655321
"9732",15183,-1.433606422
"125893",15184,-1.433963437
"727",15185,-1.435718898
"64800",15186,-1.436083253
"3373",15187,-1.436320739
"127602",15188,-1.437455458
"65094",15189,-1.439346749
"81849",15190,-1.439705424
"55266",15191,-1.440243908
"390073",15192,-1.442357142
"100130742",15193,-1.442494054
"389170",15194,-1.444181728
"79634",15195,-1.445234823
"79098",15196,-1.446254199
"4193",15197,-1.447303295
"149175",15198,-1.44768639
"153364",15199,-1.44880235
"100271260",15200,-1.450386928
"100861519",15201,-1.450809808
"100130289",15202,-1.45275107
"3782",15203,-1.45321872
"26226",15204,-1.45410235
"104355295",15205,-1.454965906
"118738",15206,-1.454993057
"100506922",15207,-1.455087016
"401474",15208,-1.455375191
"118980",15209,-1.456259937
"23555",15210,-1.456399531
"10077",15211,-1.460784528
"133923",15212,-1.462100745
"84671",15213,-1.463304141
"220433",15214,-1.465117131
"124842",15215,-1.46658958
"2135",15216,-1.4671536
"100533642",15217,-1.46755962
"100506394",15218,-1.469046318
"100271271",15219,-1.469139521
"54986",15220,-1.472184445
"144363",15221,-1.472943192
"27235",15222,-1.473485703
"164045",15223,-1.474039992
"91543",15224,-1.474187044
"1728",15225,-1.474566441
"27242",15226,-1.474926514
"3091",15227,-1.475675479
"25817",15228,-1.475846661
"5243",15229,-1.476248591
"55924",15230,-1.477801656
"3838",15231,-1.47795932
"648630",15232,-1.478887332
"2298",15233,-1.479714676
"201625",15234,-1.4801491
"644850",15235,-1.48326329
"261729",15236,-1.483921758
"11182",15237,-1.484456892
"51236",15238,-1.485081184
"644548",15239,-1.486289505
"100132707",15240,-1.487351114
"388507",15241,-1.487457093
"120863",15242,-1.487952586
"85446",15243,-1.48865386
"653567",15244,-1.489033836
"124961",15245,-1.489076617
"114804",15246,-1.489146221
"55703",15247,-1.489305491
"283571",15248,-1.491344365
"93183",15249,-1.492297151
"256236",15250,-1.495246008
"3416",15251,-1.497458869
"129831",15252,-1.50018297
"493911",15253,-1.500463897
"85407",15254,-1.501541074
"63926",15255,-1.501781513
"10365",15256,-1.501829207
"8728",15257,-1.502383652
"647121",15258,-1.502852212
"284391",15259,-1.503698601
"11191",15260,-1.504055374
"101929467",15261,-1.504938682
"4773",15262,-1.505824024
"340554",15263,-1.506405357
"29958",15264,-1.506411476
"80060",15265,-1.507090537
"6540",15266,-1.507189748
"26191",15267,-1.508654304
"2151",15268,-1.509251731
"10631",15269,-1.50950171
"2296",15270,-1.509838464
"10999",15271,-1.511318317
"386627",15272,-1.511800482
"5994",15273,-1.514398974
"5723",15274,-1.515175686
"503538",15275,-1.515891347
"442197",15276,-1.518800616
"55144",15277,-1.51881848
"285676",15278,-1.519238204
"79814",15279,-1.519342566
"3659",15280,-1.519692542
"100506495",15281,-1.522420794
"85320",15282,-1.524716694
"166379",15283,-1.525040056
"10196",15284,-1.525276266
"3759",15285,-1.527064828
"6891",15286,-1.52892293
"2977",15287,-1.532504845
"283932",15288,-1.532926927
"55900",15289,-1.535761195
"7678",15290,-1.536489272
"201232",15291,-1.537506673
"55170",15292,-1.538636671
"148870",15293,-1.539945818
"51351",15294,-1.540255408
"11172",15295,-1.540874895
"10785",15296,-1.542138663
"27328",15297,-1.54223319
"643646",15298,-1.542976399
"55281",15299,-1.543078943
"653333",15300,-1.543881313
"284323",15301,-1.544316339
"155054",15302,-1.547805412
"1826",15303,-1.548378235
"79613",15304,-1.550775997
"51176",15305,-1.554645438
"168507",15306,-1.555563925
"55586",15307,-1.556958133
"144110",15308,-1.557014968
"116071",15309,-1.561225089
"6752",15310,-1.561387861
"391589",15311,-1.561701404
"54438",15312,-1.56180611
"83932",15313,-1.564924851
"166815",15314,-1.566125441
"100289635",15315,-1.566467708
"100129480",15316,-1.566854683
"91975",15317,-1.567302463
"9420",15318,-1.567921292
"642946",15319,-1.568984629
"161779",15320,-1.570197274
"91893",15321,-1.572258787
"337876",15322,-1.572316671
"100128881",15323,-1.572839257
"22806",15324,-1.573436151
"319093",15325,-1.574201346
"90293",15326,-1.574344912
"55803",15327,-1.576208717
"11155",15328,-1.577463641
"101060146",15329,-1.577616387
"23359",15330,-1.579046172
"26154",15331,-1.580522752
"101928707",15332,-1.580928021
"1030",15333,-1.581334647
"100144748",15334,-1.583380217
"9940",15335,-1.584331312
"84622",15336,-1.587551957
"9816",15337,-1.589094378
"100129387",15338,-1.591455165
"6999",15339,-1.592013295
"644619",15340,-1.596202895
"574431",15341,-1.597826861
"347252",15342,-1.598918186
"79839",15343,-1.599445248
"101927559",15344,-1.600596214
"170689",15345,-1.601363749
"121274",15346,-1.602015638
"219285",15347,-1.605608481
"54704",15348,-1.607599062
"25885",15349,-1.612267526
"402160",15350,-1.613774064
"79469",15351,-1.615568681
"203859",15352,-1.61582049
"643677",15353,-1.617708603
"60468",15354,-1.617942848
"11178",15355,-1.620199824
"3755",15356,-1.624030277
"57493",15357,-1.624591704
"7627",15358,-1.625001973
"22845",15359,-1.627753352
"1197",15360,-1.628210398
"400224",15361,-1.630962951
"9247",15362,-1.63114875
"440482",15363,-1.631975347
"164832",15364,-1.632136492
"200162",15365,-1.63523551
"133308",15366,-1.636281256
"10343",15367,-1.636959642
"348093",15368,-1.637053591
"27156",15369,-1.637417694
"165082",15370,-1.638696253
"2104",15371,-1.639121537
"56652",15372,-1.640143856
"25876",15373,-1.640768756
"23171",15374,-1.646080849
"201799",15375,-1.647635242
"387597",15376,-1.647757136
"55530",15377,-1.648568194
"5380",15378,-1.649672009
"162394",15379,-1.652030302
"284161",15380,-1.654011374
"6509",15381,-1.654559096
"10232",15382,-1.655409131
"2523",15383,-1.659380699
"286467",15384,-1.659752234
"54887",15385,-1.660323188
"196740",15386,-1.660777015
"100505636",15387,-1.661810997
"5142",15388,-1.663816546
"9493",15389,-1.663828024
"163131",15390,-1.664457321
"8187",15391,-1.664929987
"84674",15392,-1.666887979
"134466",15393,-1.667389131
"101927423",15394,-1.667394498
"91662",15395,-1.667767804
"106479006",15396,-1.67269286
"503693",15397,-1.674183997
"9941",15398,-1.67543776
"2122",15399,-1.676057896
"347549",15400,-1.677120327
"56133",15401,-1.678181074
"2643",15402,-1.678290095
"7433",15403,-1.6789843
"201516",15404,-1.679383909
"56120",15405,-1.679438515
"4985",15406,-1.680321317
"390637",15407,-1.681138405
"157506",15408,-1.686572474
"55039",15409,-1.687248981
"26112",15410,-1.688463899
"255631",15411,-1.690128936
"403313",15412,-1.692684007
"90075",15413,-1.692812754
"729799",15414,-1.693001562
"2660",15415,-1.694448763
"729530",15416,-1.694760815
"129607",15417,-1.695939401
"114796",15418,-1.696911815
"100132815",15419,-1.69787897
"10023",15420,-1.69825322
"106479020",15421,-1.700177517
"8458",15422,-1.701152024
"10788",15423,-1.702585122
"100287216",15424,-1.703904695
"389692",15425,-1.705435767
"100874018",15426,-1.708403532
"285600",15427,-1.708913494
"152098",15428,-1.710490107
"115399",15429,-1.716382379
"57678",15430,-1.718049373
"645369",15431,-1.7200338
"101929145",15432,-1.724582251
"10666",15433,-1.725511749
"221336",15434,-1.728872028
"440",15435,-1.729420729
"862",15436,-1.730383832
"5514",15437,-1.730800082
"9486",15438,-1.731341169
"3174",15439,-1.732511663
"112806053",15440,-1.733940677
"85376",15441,-1.734287592
"2153",15442,-1.741641311
"100418980",15443,-1.743312095
"4921",15444,-1.744432319
"83849",15445,-1.747801609
"440387",15446,-1.748202251
"339559",15447,-1.751122905
"4839",15448,-1.752084434
"83851",15449,-1.752800126
"23178",15450,-1.753516491
"80108",15451,-1.755250065
"100509894",15452,-1.757542826
"100286844",15453,-1.758273808
"137872",15454,-1.760325753
"646024",15455,-1.762549138
"111",15456,-1.763157717
"57579",15457,-1.764277433
"79632",15458,-1.764763636
"1830",15459,-1.765283208
"79075",15460,-1.767233267
"339416",15461,-1.773512288
"159371",15462,-1.775697387
"65263",15463,-1.780010918
"100137047",15464,-1.780249892
"118788",15465,-1.780367939
"9848",15466,-1.781025473
"284443",15467,-1.783666291
"257106",15468,-1.785863786
"345193",15469,-1.7907703
"7099",15470,-1.791888079
"7957",15471,-1.791963386
"2070",15472,-1.793766338
"22979",15473,-1.796545495
"7130",15474,-1.797265387
"644157",15475,-1.797336195
"115361",15476,-1.797924585
"80746",15477,-1.799472286
"404281",15478,-1.802763986
"2920",15479,-1.804488576
"793",15480,-1.80465722
"3751",15481,-1.805048854
"100750246",15482,-1.806695063
"375387",15483,-1.80778296
"2633",15484,-1.807986864
"1491",15485,-1.808603149
"101234262",15486,-1.808992079
"2315",15487,-1.809532409
"6697",15488,-1.811219741
"286207",15489,-1.818905945
"10257",15490,-1.820317812
"84464",15491,-1.822433823
"126069",15492,-1.823491771
"492303",15493,-1.827676469
"728492",15494,-1.828758309
"1836",15495,-1.84349797
"93653",15496,-1.843524365
"5993",15497,-1.845044867
"27115",15498,-1.845061288
"345079",15499,-1.845109673
"3575",15500,-1.845413913
"347344",15501,-1.846654124
"65243",15502,-1.848299373
"80063",15503,-1.851335312
"730153",15504,-1.854133413
"79366",15505,-1.855018704
"79084",15506,-1.857188168
"84315",15507,-1.858806728
"7056",15508,-1.859167634
"374383",15509,-1.867907993
"3642",15510,-1.869060781
"51514",15511,-1.870345324
"80830",15512,-1.871227396
"100507747",15513,-1.872192889
"55150",15514,-1.875203978
"23316",15515,-1.877197681
"100507421",15516,-1.878441706
"55540",15517,-1.883008898
"79836",15518,-1.883948777
"388906",15519,-1.885031168
"100506233",15520,-1.885471006
"126868",15521,-1.890277781
"83729",15522,-1.891799576
"4213",15523,-1.894006684
"80896",15524,-1.899261313
"27087",15525,-1.903381644
"2254",15526,-1.907749044
"9708",15527,-1.913368582
"64093",15528,-1.913484947
"9844",15529,-1.915675596
"646019",15530,-1.917859923
"92935",15531,-1.919039149
"102724820",15532,-1.923880117
"100129482",15533,-1.930059171
"100130771",15534,-1.930161844
"93164",15535,-1.931756121
"163126",15536,-1.932746069
"80054",15537,-1.934579809
"162466",15538,-1.938996338
"392752",15539,-1.946393658
"2670",15540,-1.955454019
"257068",15541,-1.965950503
"150384",15542,-1.967812961
"127707",15543,-1.968114306
"401431",15544,-1.972126233
"145837",15545,-1.979189761
"56104",15546,-1.987644847
"56892",15547,-1.988703722
"56141",15548,-1.991044152
"3756",15549,-1.995280912
"254228",15550,-2.002457569
"641364",15551,-2.003432717
"92070",15552,-2.004586677
"8927",15553,-2.013498659
"100506603",15554,-2.0210451
"7421",15555,-2.023236861
"6347",15556,-2.024412977
"6932",15557,-2.027399632
"84777",15558,-2.032312084
"23507",15559,-2.034793252
"9836",15560,-2.038192938
"100132677",15561,-2.04393354
"196968",15562,-2.044221295
"27033",15563,-2.055059613
"440952",15564,-2.058673435
"693155",15565,-2.066091503
"171560",15566,-2.071502088
"54674",15567,-2.073616571
"153770",15568,-2.080599135
"643596",15569,-2.081963949
"11309",15570,-2.084528069
"100874110",15571,-2.086839186
"54627",15572,-2.088443287
"388795",15573,-2.091713975
"5462",15574,-2.092396843
"106479319",15575,-2.10297737
"100128553",15576,-2.105396506
"10566",15577,-2.105888841
"338651",15578,-2.106607944
"570",15579,-2.109340331
"100750225",15580,-2.109878439
"81796",15581,-2.114943878
"993",15582,-2.121953388
"348801",15583,-2.123209631
"112487",15584,-2.13597372
"109616976",15585,-2.145900828
"7347",15586,-2.147202072
"124751",15587,-2.148103078
"183",15588,-2.150182655
"729156",15589,-2.150251174
"100996492",15590,-2.152339498
"345462",15591,-2.175257885
"63967",15592,-2.19937981
"7352",15593,-2.211086454
"54865",15594,-2.213873253
"283514",15595,-2.218875326
"100506826",15596,-2.222149827
"5005",15597,-2.230949442
"55034",15598,-2.233564291
"646993",15599,-2.242643681
"84541",15600,-2.245523681
"1503",15601,-2.260514994
"56521",15602,-2.264339632
"54809",15603,-2.264412622
"8503",15604,-2.266002025
"56139",15605,-2.289735003
"643427",15606,-2.290200863
"9308",15607,-2.306055522
"56129",15608,-2.308649997
"6536",15609,-2.324390275
"80380",15610,-2.328681655
"130",15611,-2.34209491
"55796",15612,-2.34297324
"101927380",15613,-2.343096778
"171024",15614,-2.345472893
"55520",15615,-2.357507665
"402682",15616,-2.367829856
"54554",15617,-2.381308616
"255239",15618,-2.383849266
"1050",15619,-2.400554137
"23212",15620,-2.404494699
"91768",15621,-2.413547671
"286336",15622,-2.42050561
"255275",15623,-2.43039237
"344887",15624,-2.435146905
"79846",15625,-2.449431791
"29968",15626,-2.452571376
"100874296",15627,-2.481459948
"78998",15628,-2.501070782
"54682",15629,-2.5065681
"727866",15630,-2.522492756
"202020",15631,-2.531165091
"23657",15632,-2.537712943
"197350",15633,-2.541889368
"10021",15634,-2.544065462
"101410544",15635,-2.552647927
"440396",15636,-2.56520072
"150590",15637,-2.576302984
"285386",15638,-2.606283148
"79635",15639,-2.613370298
"401565",15640,-2.626628596
"84258",15641,-2.627785812
"730198",15642,-2.638575164
"8382",15643,-2.647737151
"378708",15644,-2.648083046
"127943",15645,-2.652228682
"3626",15646,-2.654315097
"257468",15647,-2.658570739
"724102",15648,-2.668357661
"285231",15649,-2.685905314
"100128092",15650,-2.692571081
"388323",15651,-2.715166631
"256710",15652,-2.754179587
"104797538",15653,-2.757353895
"10320",15654,-2.797570163
"114655",15655,-2.816955991
"3112",15656,-2.845605368
"53340",15657,-2.862766878
"56124",15658,-2.868050376
"579",15659,-2.894920743
"389610",15660,-2.906151603
"353174",15661,-2.927721554
"59335",15662,-2.930069108
"148753",15663,-2.962748763
"167555",15664,-2.96969997
"150",15665,-2.978426443
"643719",15666,-2.983495003
"106480322",15667,-2.998916364
"22797",15668,-3.051830142
"79094",15669,-3.054311444
"3752",15670,-3.170847795
"257169",15671,-3.331326136
"100312828",15672,-3.359057945
"728689",15673,-3.373607537
"285489",15674,-3.657994517
"79931",15675,-3.694976006
"56154",15676,-3.969585495
"7062",15677,-4.014128412
"51289",15678,-4.43115782
"100128292",15679,-4.648237225
"668",15680,-5.008660686
"85366",15681,-5.594366808
