x,y,density,gene
-4.5,-4.5,1.5457e-08,ExampleGeneA
-4.2954545,-4.5,2.832e-08,ExampleGeneA
-4.0909091,-4.5,4.9274e-08,ExampleGeneA
-3.8863636,-4.5,8.1417e-08,ExampleGeneA
-3.6818182,-4.5,1.27755e-07,ExampleGeneA
-3.4772727,-4.5,1.90374e-07,ExampleGeneA
-3.2727273,-4.5,2.69404e-07,ExampleGeneA
-3.0681818,-4.5,3.6205e-07,ExampleGeneA
-2.8636364,-4.5,4.62061e-07,ExampleGeneA
-2.6590909,-4.5,5.60014e-07,ExampleGeneA
-2.4545455,-4.5,6.44562e-07,ExampleGeneA
-2.25,-4.5,7.04529e-07,ExampleGeneA
-2.0454545,-4.5,7.31308e-07,ExampleGeneA
-1.8409091,-4.5,7.2089e-07,ExampleGeneA
-1.6363636,-4.5,6.74847e-07,ExampleGeneA
-1.4318182,-4.5,5.99941e-07,ExampleGeneA
-1.2272727,-4.5,5.065e-07,ExampleGeneA
-1.0227273,-4.5,4.06086e-07,ExampleGeneA
-0.8181818,-4.5,3.09189e-07,ExampleGeneA
-0.6136364,-4.5,2.23562e-07,ExampleGeneA
-0.4090909,-4.5,1.53511e-07,ExampleGeneA
-0.2045455,-4.5,1.00103e-07,ExampleGeneA
0.0,-4.5,6.199e-08,ExampleGeneA
0.2045455,-4.5,3.6456e-08,ExampleGeneA
0.4090909,-4.5,2.036e-08,ExampleGeneA
0.6136364,-4.5,1.0798e-08,ExampleGeneA
0.8181818,-4.5,5.439e-09,ExampleGeneA
1.0227273,-4.5,2.601e-09,ExampleGeneA
1.2272727,-4.5,1.182e-09,ExampleGeneA
1.4318182,-4.5,5.1e-10,ExampleGeneA
1.6363636,-4.5,2.09e-10,ExampleGeneA
1.8409091,-4.5,8.1e-11,ExampleGeneA
2.0454545,-4.5,3e-11,ExampleGeneA
2.25,-4.5,1.1e-11,ExampleGeneA
2.4545455,-4.5,4e-12,ExampleGeneA
2.6590909,-4.5,1e-12,ExampleGeneA
2.8636364,-4.5,0.0,ExampleGeneA
3.0681818,-4.5,0.0,ExampleGeneA
3.2727273,-4.5,0.0,ExampleGeneA
3.4772727,-4.5,0.0,ExampleGeneA
3.6818182,-4.5,0.0,ExampleGeneA
3.8863636,-4.5,0.0,ExampleGeneA
4.0909091,-4.5,0.0,ExampleGeneA
4.2954545,-4.5,0.0,ExampleGeneA
4.5,-4.5,0.0,ExampleGeneA
-4.5,-4.2954545,4.6928e-08,ExampleGeneA
-4.2954545,-4.2954545,8.598e-08,ExampleGeneA
-4.0909091,-4.2954545,1.49597e-07,ExampleGeneA
-3.8863636,-4.2954545,2.47182e-07,ExampleGeneA
-3.6818182,-4.2954545,3.87863e-07,ExampleGeneA
-3.4772727,-4.2954545,5.77973e-07,ExampleGeneA
-3.2727273,-4.2954545,8.17907e-07,ExampleGeneA
-3.0681818,-4.2954545,1.099179e-06,ExampleGeneA
-2.8636364,-4.2954545,1.402813e-06,ExampleGeneA
-2.6590909,-4.2954545,1.700196e-06,ExampleGeneA
-2.4545455,-4.2954545,1.956885e-06,ExampleGeneA
-2.25,-4.2954545,2.138943e-06,ExampleGeneA
-2.0454545,-4.2954545,2.220243e-06,ExampleGeneA
-1.8409091,-4.2954545,2.188614e-06,ExampleGeneA
-1.6363636,-4.2954545,2.048827e-06,ExampleGeneA
-1.4318182,-4.2954545,1.821415e-06,ExampleGeneA
-1.2272727,-4.2954545,1.53773e-06,ExampleGeneA
-1.0227273,-4.2954545,1.232873e-06,ExampleGeneA
-0.8181818,-4.2954545,9.38695e-07,ExampleGeneA
-0.6136364,-4.2954545,6.78731e-07,ExampleGeneA
-0.4090909,-4.2954545,4.66056e-07,ExampleGeneA
-0.2045455,-4.2954545,3.03911e-07,ExampleGeneA
0.0,-4.2954545,1.88201e-07,ExampleGeneA
0.2045455,-4.2954545,1.10679e-07,ExampleGeneA
0.4090909,-4.2954545,6.1812e-08,ExampleGeneA
0.6136364,-4.2954545,3.2783e-08,ExampleGeneA
0.8181818,-4.2954545,1.6512e-08,ExampleGeneA
1.0227273,-4.2954545,7.898e-09,ExampleGeneA
1.2272727,-4.2954545,3.588e-09,ExampleGeneA
1.4318182,-4.2954545,1.548e-09,ExampleGeneA
1.6363636,-4.2954545,6.34e-10,ExampleGeneA
1.8409091,-4.2954545,2.47e-10,ExampleGeneA
2.0454545,-4.2954545,9.1e-11,ExampleGeneA
2.25,-4.2954545,3.2e-11,ExampleGeneA
2.4545455,-4.2954545,1.1e-11,ExampleGeneA
2.6590909,-4.2954545,3e-12,ExampleGeneA
2.8636364,-4.2954545,1e-12,ExampleGeneA
3.0681818,-4.2954545,0.0,ExampleGeneA
3.2727273,-4.2954545,0.0,ExampleGeneA
3.4772727,-4.2954545,0.0,ExampleGeneA
3.6818182,-4.2954545,0.0,ExampleGeneA
3.8863636,-4.2954545,0.0,ExampleGeneA
4.0909091,-4.2954545,0.0,ExampleGeneA
4.2954545,-4.2954545,0.0,ExampleGeneA
4.5,-4.2954545,0.0,ExampleGeneA
-4.5,-4.0909091,1.35302e-07,ExampleGeneA
-4.2954545,-4.0909091,2.47892e-07,ExampleGeneA
-4.0909091,-4.0909091,4.3131e-07,ExampleGeneA
-3.8863636,-4.0909091,7.12663e-07,ExampleGeneA
-3.6818182,-4.0909091,1.118268e-06,ExampleGeneA
-3.4772727,-4.0909091,1.666384e-06,ExampleGeneA
-3.2727273,-4.0909091,2.358151e-06,ExampleGeneA
-3.0681818,-4.0909091,3.169099e-06,ExampleGeneA
-2.8636364,-4.0909091,4.044523e-06,ExampleGeneA
-2.6590909,-4.0909091,4.901922e-06,ExampleGeneA
-2.4545455,-4.0909091,5.641996e-06,ExampleGeneA
-2.25,-4.0909091,6.166897e-06,ExampleGeneA
-2.0454545,-4.0909091,6.401297e-06,ExampleGeneA
-1.8409091,-4.0909091,6.310107e-06,ExampleGeneA
-1.6363636,-4.0909091,5.90708e-06,ExampleGeneA
-1.4318182,-4.0909091,5.251416e-06,ExampleGeneA
-1.2272727,-4.0909091,4.433508e-06,ExampleGeneA
-1.0227273,-4.0909091,3.554561e-06,ExampleGeneA
-0.8181818,-4.0909091,2.706399e-06,ExampleGeneA
-0.6136364,-4.0909091,1.956885e-06,ExampleGeneA
-0.4090909,-4.0909091,1.343711e-06,ExampleGeneA
-0.2045455,-4.0909091,8.76222e-07,ExampleGeneA
0.0,-4.0909091,5.42613e-07,ExampleGeneA
0.2045455,-4.0909091,3.19104e-07,ExampleGeneA
0.4090909,-4.0909091,1.78215e-07,ExampleGeneA
0.6136364,-4.0909091,9.4519e-08,ExampleGeneA
0.8181818,-4.0909091,4.7607e-08,ExampleGeneA
1.0227273,-4.0909091,2.2771e-08,ExampleGeneA
1.2272727,-4.0909091,1.0343e-08,ExampleGeneA
1.4318182,-4.0909091,4.462e-09,ExampleGeneA
1.6363636,-4.0909091,1.828e-09,ExampleGeneA
1.8409091,-4.0909091,7.11e-10,ExampleGeneA
2.0454545,-4.0909091,2.63e-10,ExampleGeneA
2.25,-4.0909091,9.2e-11,ExampleGeneA
2.4545455,-4.0909091,3.1e-11,ExampleGeneA
2.6590909,-4.0909091,1e-11,ExampleGeneA
2.8636364,-4.0909091,3e-12,ExampleGeneA
3.0681818,-4.0909091,1e-12,ExampleGeneA
3.2727273,-4.0909091,0.0,ExampleGeneA
3.4772727,-4.0909091,0.0,ExampleGeneA
3.6818182,-4.0909091,0.0,ExampleGeneA
3.8863636,-4.0909091,0.0,ExampleGeneA
4.0909091,-4.0909091,0.0,ExampleGeneA
4.2954545,-4.0909091,0.0,ExampleGeneA
4.5,-4.0909091,0.0,ExampleGeneA
-4.5,-3.8863636,3.70457e-07,ExampleGeneA
-4.2954545,-3.8863636,6.78731e-07,ExampleGeneA
-4.0909091,-3.8863636,1.180931e-06,ExampleGeneA
-3.8863636,-3.8863636,1.951278e-06,ExampleGeneA
-3.6818182,-3.8863636,3.061828e-06,ExampleGeneA
-3.4772727,-3.8863636,4.562576e-06,ExampleGeneA
-3.2727273,-3.8863636,6.456643e-06,ExampleGeneA
-3.0681818,-3.8863636,8.677027e-06,ExampleGeneA
-2.8636364,-3.8863636,1.1073948e-05,ExampleGeneA
-2.6590909,-3.8863636,1.3421514e-05,ExampleGeneA
-2.4545455,-3.8863636,1.5447846e-05,ExampleGeneA
-2.25,-3.8863636,1.6885029e-05,ExampleGeneA
-2.0454545,-3.8863636,1.7526819e-05,ExampleGeneA
-1.8409091,-3.8863636,1.7277139e-05,ExampleGeneA
-1.6363636,-3.8863636,1.6173648e-05,ExampleGeneA
-1.4318182,-3.8863636,1.4378434e-05,ExampleGeneA
-1.2272727,-3.8863636,1.2138992e-05,ExampleGeneA
-1.0227273,-3.8863636,9.732426e-06,ExampleGeneA
-0.8181818,-3.8863636,7.41015e-06,ExampleGeneA
-0.6136364,-3.8863636,5.357971e-06,ExampleGeneA
-0.4090909,-3.8863636,3.679096e-06,ExampleGeneA
-0.2045455,-3.8863636,2.399105e-06,ExampleGeneA
0.0,-3.8863636,1.485679e-06,ExampleGeneA
0.2045455,-3.8863636,8.73711e-07,ExampleGeneA
0.4090909,-3.8863636,4.87954e-07,ExampleGeneA
0.6136364,-3.8863636,2.58795e-07,ExampleGeneA
0.8181818,-3.8863636,1.30347e-07,ExampleGeneA
1.0227273,-3.8863636,6.2347e-08,ExampleGeneA
1.2272727,-3.8863636,2.832e-08,ExampleGeneA
1.4318182,-3.8863636,1.2216e-08,ExampleGeneA
1.6363636,-3.8863636,5.004e-09,ExampleGeneA
1.8409091,-3.8863636,1.947e-09,ExampleGeneA
2.0454545,-3.8863636,7.19e-10,ExampleGeneA
2.25,-3.8863636,2.52e-10,ExampleGeneA
2.4545455,-3.8863636,8.4e-11,ExampleGeneA
2.6590909,-3.8863636,2.7e-11,ExampleGeneA
2.8636364,-3.8863636,8e-12,ExampleGeneA
3.0681818,-3.8863636,2e-12,ExampleGeneA
3.2727273,-3.8863636,1e-12,ExampleGeneA
3.4772727,-3.8863636,0.0,ExampleGeneA
3.6818182,-3.8863636,0.0,ExampleGeneA
3.8863636,-3.8863636,0.0,ExampleGeneA
4.0909091,-3.8863636,0.0,ExampleGeneA
4.2954545,-3.8863636,0.0,ExampleGeneA
4.5,-3.8863636,0.0,ExampleGeneA
-4.5,-3.6818182,9.63253e-07,ExampleGeneA
-4.2954545,-3.6818182,1.764819e-06,ExampleGeneA
-4.0909091,-3.6818182,3.070626e-06,ExampleGeneA
-3.8863636,-3.6818182,5.073661e-06,ExampleGeneA
-3.6818182,-3.6818182,7.961286e-06,ExampleGeneA
-3.4772727,-3.6818182,1.1863491e-05,ExampleGeneA
-3.2727273,-3.6818182,1.6788394e-05,ExampleGeneA
-3.0681818,-3.6818182,2.2561778e-05,ExampleGeneA
-2.8636364,-3.6818182,2.8794189e-05,ExampleGeneA
-2.6590909,-3.6818182,3.4898268e-05,ExampleGeneA
-2.4545455,-3.6818182,4.0167082e-05,ExampleGeneA
-2.25,-3.6818182,4.3904007e-05,ExampleGeneA
-2.0454545,-3.6818182,4.5572774e-05,ExampleGeneA
-1.8409091,-3.6818182,4.4923563e-05,ExampleGeneA
-1.6363636,-3.6818182,4.2054294e-05,ExampleGeneA
-1.4318182,-3.6818182,3.7386427e-05,ExampleGeneA
-1.2272727,-3.6818182,3.1563487e-05,ExampleGeneA
-1.0227273,-3.6818182,2.5305998e-05,ExampleGeneA
-0.8181818,-3.6818182,1.9267676e-05,ExampleGeneA
-0.6136364,-3.6818182,1.3931655e-05,ExampleGeneA
-0.4090909,-3.6818182,9.566288e-06,ExampleGeneA
-0.2045455,-3.6818182,6.238091e-06,ExampleGeneA
0.0,-3.6818182,3.863023e-06,ExampleGeneA
0.2045455,-3.6818182,2.271801e-06,ExampleGeneA
0.4090909,-3.6818182,1.268764e-06,ExampleGeneA
0.6136364,-3.6818182,6.72913e-07,ExampleGeneA
0.8181818,-3.6818182,3.38925e-07,ExampleGeneA
1.0227273,-3.6818182,1.62113e-07,ExampleGeneA
1.2272727,-3.6818182,7.3637e-08,ExampleGeneA
1.4318182,-3.6818182,3.1765e-08,ExampleGeneA
1.6363636,-3.6818182,1.3012e-08,ExampleGeneA
1.8409091,-3.6818182,5.062e-09,ExampleGeneA
2.0454545,-3.6818182,1.87e-09,ExampleGeneA
2.25,-3.6818182,6.56e-10,ExampleGeneA
2.4545455,-3.6818182,2.19e-10,ExampleGeneA
2.6590909,-3.6818182,6.9e-11,ExampleGeneA
2.8636364,-3.6818182,2.1e-11,ExampleGeneA
3.0681818,-3.6818182,6e-12,ExampleGeneA
3.2727273,-3.6818182,2e-12,ExampleGeneA
3.4772727,-3.6818182,0.0,ExampleGeneA
3.6818182,-3.6818182,0.0,ExampleGeneA
3.8863636,-3.6818182,0.0,ExampleGeneA
4.0909091,-3.6818182,0.0,ExampleGeneA
4.2954545,-3.6818182,0.0,ExampleGeneA
4.5,-3.6818182,0.0,ExampleGeneA
-4.5,-3.4772727,2.37854e-06,ExampleGeneA
-4.2954545,-3.4772727,4.357828e-06,ExampleGeneA
-4.0909091,-3.4772727,7.582231e-06,ExampleGeneA
-3.8863636,-3.4772727,1.2528279e-05,ExampleGeneA
-3.6818182,-3.4772727,1.9658628e-05,ExampleGeneA
-3.4772727,-3.4772727,2.9294258e-05,ExampleGeneA
-3.2727273,-3.4772727,4.1455214e-05,ExampleGeneA
-3.0681818,-3.4772727,5.5711303e-05,ExampleGeneA
-2.8636364,-3.4772727,7.1100859e-05,ExampleGeneA
-2.6590909,-3.4772727,8.6173527e-05,ExampleGeneA
-2.4545455,-3.4772727,9.9183695e-05,ExampleGeneA
-2.25,-3.4772727,0.000108411201,ExampleGeneA
-2.0454545,-3.4772727,0.000112531849,ExampleGeneA
-1.8409091,-3.4772727,0.000110928767,ExampleGeneA
-1.6363636,-3.4772727,0.000103843746,ExampleGeneA
-1.4318182,-3.4772727,9.2317483e-05,ExampleGeneA
-1.2272727,-3.4772727,7.7939026e-05,ExampleGeneA
-1.0227273,-3.4772727,6.2487545e-05,ExampleGeneA
-0.8181818,-3.4772727,4.757725e-05,ExampleGeneA
-0.6136364,-3.4772727,3.440113e-05,ExampleGeneA
-0.4090909,-3.4772727,2.3621825e-05,ExampleGeneA
-0.2045455,-3.4772727,1.5403581e-05,ExampleGeneA
0.0,-3.4772727,9.538878e-06,ExampleGeneA
0.2045455,-3.4772727,5.609709e-06,ExampleGeneA
0.4090909,-3.4772727,3.132931e-06,ExampleGeneA
0.6136364,-3.4772727,1.661609e-06,ExampleGeneA
0.8181818,-3.4772727,8.36901e-07,ExampleGeneA
1.0227273,-3.4772727,4.00301e-07,ExampleGeneA
1.2272727,-3.4772727,1.81831e-07,ExampleGeneA
1.4318182,-3.4772727,7.8436e-08,ExampleGeneA
1.6363636,-3.4772727,3.2131e-08,ExampleGeneA
1.8409091,-3.4772727,1.25e-08,ExampleGeneA
2.0454545,-3.4772727,4.618e-09,ExampleGeneA
2.25,-3.4772727,1.62e-09,ExampleGeneA
2.4545455,-3.4772727,5.4e-10,ExampleGeneA
2.6590909,-3.4772727,1.71e-10,ExampleGeneA
2.8636364,-3.4772727,5.1e-11,ExampleGeneA
3.0681818,-3.4772727,1.5e-11,ExampleGeneA
3.2727273,-3.4772727,4e-12,ExampleGeneA
3.4772727,-3.4772727,1e-12,ExampleGeneA
3.6818182,-3.4772727,0.0,ExampleGeneA
3.8863636,-3.4772727,0.0,ExampleGeneA
4.0909091,-3.4772727,0.0,ExampleGeneA
4.2954545,-3.4772727,0.0,ExampleGeneA
4.5,-3.4772727,0.0,ExampleGeneA
-4.5,-3.2727273,5.577605e-06,ExampleGeneA
-4.2954545,-3.2727273,1.0218975e-05,ExampleGeneA
-4.0909091,-3.2727273,1.7780101e-05,ExampleGeneA
-3.8863636,-3.2727273,2.9378436e-05,ExampleGeneA
-3.6818182,-3.2727273,4.6098888e-05,ExampleGeneA
-3.4772727,-3.2727273,6.8694149e-05,ExampleGeneA
-3.2727273,-3.2727273,9.7211221e-05,ExampleGeneA
-3.0681818,-3.2727273,0.000130641319,ExampleGeneA
-2.8636364,-3.2727273,0.000166729364,ExampleGeneA
-2.6590909,-3.2727273,0.000202074313,ExampleGeneA
-2.4545455,-3.2727273,0.000232582763,ExampleGeneA
-2.25,-3.2727273,0.000254220987,ExampleGeneA
-2.0454545,-3.2727273,0.000263883782,ExampleGeneA
-1.8409091,-3.2727273,0.000260124604,ExampleGeneA
-1.6363636,-3.2727273,0.000243510442,ExampleGeneA
-1.4318182,-3.2727273,0.000216481705,ExampleGeneA
-1.2272727,-3.2727273,0.000182764657,ExampleGeneA
-1.0227273,-3.2727273,0.000146531403,ExampleGeneA
-0.8181818,-3.2727273,0.000111567213,ExampleGeneA
-0.6136364,-3.2727273,8.066961e-05,ExampleGeneA
-0.4090909,-3.2727273,5.5392465e-05,ExampleGeneA
-0.2045455,-3.2727273,3.6120932e-05,ExampleGeneA
0.0,-3.2727273,2.236838e-05,ExampleGeneA
0.2045455,-3.2727273,1.3154597e-05,ExampleGeneA
0.4090909,-3.2727273,7.346629e-06,ExampleGeneA
0.6136364,-3.2727273,3.896422e-06,ExampleGeneA
0.8181818,-3.2727273,1.962508e-06,ExampleGeneA
1.0227273,-3.2727273,9.38694e-07,ExampleGeneA
1.2272727,-3.2727273,4.26388e-07,ExampleGeneA
1.4318182,-3.2727273,1.8393e-07,ExampleGeneA
1.6363636,-3.2727273,7.5347e-08,ExampleGeneA
1.8409091,-3.2727273,2.9312e-08,ExampleGeneA
2.0454545,-3.2727273,1.0829e-08,ExampleGeneA
2.25,-3.2727273,3.799e-09,ExampleGeneA
2.4545455,-3.2727273,1.266e-09,ExampleGeneA
2.6590909,-3.2727273,4.01e-10,ExampleGeneA
2.8636364,-3.2727273,1.2e-10,ExampleGeneA
3.0681818,-3.2727273,3.4e-11,ExampleGeneA
3.2727273,-3.2727273,9e-12,ExampleGeneA
3.4772727,-3.2727273,2e-12,ExampleGeneA
3.6818182,-3.2727273,1e-12,ExampleGeneA
3.8863636,-3.2727273,0.0,ExampleGeneA
4.0909091,-3.2727273,0.0,ExampleGeneA
4.2954545,-3.2727273,0.0,ExampleGeneA
4.5,-3.2727273,0.0,ExampleGeneA
-4.5,-3.0681818,1.2420887e-05,ExampleGeneA
-4.2954545,-3.0681818,2.2756852e-05,ExampleGeneA
-4.0909091,-3.0681818,3.9594885e-05,ExampleGeneA
-3.8863636,-3.0681818,6.5423463e-05,ExampleGeneA
-3.6818182,-3.0681818,0.000102658591,ExampleGeneA
-3.4772727,-3.0681818,0.000152976457,ExampleGeneA
-3.2727273,-3.0681818,0.000216481732,ExampleGeneA
-3.0681818,-3.0681818,0.000290927927,ExampleGeneA
-2.8636364,-3.0681818,0.000371293159,ExampleGeneA
-2.6590909,-3.0681818,0.000450003575,ExampleGeneA
-2.4545455,-3.0681818,0.000517943492,ExampleGeneA
-2.25,-3.0681818,0.000566130112,ExampleGeneA
-2.0454545,-3.0681818,0.000587648395,ExampleGeneA
-1.8409091,-3.0681818,0.000579277,ExampleGeneA
-1.6363636,-3.0681818,0.000542278571,ExampleGeneA
-1.4318182,-3.0681818,0.000482087704,ExampleGeneA
-1.2272727,-3.0681818,0.000407002494,ExampleGeneA
-1.0227273,-3.0681818,0.000326313892,ExampleGeneA
-0.8181818,-3.0681818,0.000248451394,ExampleGeneA
-0.6136364,-3.0681818,0.000179644866,ExampleGeneA
-0.4090909,-3.0681818,0.000123354655,ExampleGeneA
-0.2045455,-3.0681818,8.0438469e-05,ExampleGeneA
0.0,-3.0681818,4.9812621e-05,ExampleGeneA
0.2045455,-3.0681818,2.9294251e-05,ExampleGeneA
0.4090909,-3.0681818,1.6360364e-05,ExampleGeneA
0.6136364,-3.0681818,8.677025e-06,ExampleGeneA
0.8181818,-3.0681818,4.370351e-06,ExampleGeneA
1.0227273,-3.0681818,2.090398e-06,ExampleGeneA
1.2272727,-3.0681818,9.49531e-07,ExampleGeneA
1.4318182,-3.0681818,4.09597e-07,ExampleGeneA
1.6363636,-3.0681818,1.67792e-07,ExampleGeneA
1.8409091,-3.0681818,6.5276e-08,ExampleGeneA
2.0454545,-3.0681818,2.4116e-08,ExampleGeneA
2.25,-3.0681818,8.461e-09,ExampleGeneA
2.4545455,-3.0681818,2.819e-09,ExampleGeneA
2.6590909,-3.0681818,8.92e-10,ExampleGeneA
2.8636364,-3.0681818,2.68e-10,ExampleGeneA
3.0681818,-3.0681818,7.6e-11,ExampleGeneA
3.2727273,-3.0681818,2.1e-11,ExampleGeneA
3.4772727,-3.0681818,5e-12,ExampleGeneA
3.6818182,-3.0681818,1e-12,ExampleGeneA
3.8863636,-3.0681818,0.0,ExampleGeneA
4.0909091,-3.0681818,0.0,ExampleGeneA
4.2954545,-3.0681818,0.0,ExampleGeneA
4.5,-3.0681818,0.0,ExampleGeneA
-4.5,-2.8636364,2.6267862e-05,ExampleGeneA
-4.2954545,-2.8636364,4.8126504e-05,ExampleGeneA
-4.0909091,-2.8636364,8.3735807e-05,ExampleGeneA
-3.8863636,-2.8636364,0.000138358438,ExampleGeneA
-3.6818182,-2.8636364,0.0002171038,ExampleGeneA
-3.4772727,-2.8636364,0.000323516715,ExampleGeneA
-3.2727273,-2.8636364,0.000457818543,ExampleGeneA
-3.0681818,-2.8636364,0.000615258379,ExampleGeneA
-2.8636364,-2.8636364,0.000785215876,ExampleGeneA
-2.6590909,-2.8636364,0.000951673746,ExampleGeneA
-2.4545455,-2.8636364,0.001095354015,ExampleGeneA
-2.25,-2.8636364,0.001197259742,ExampleGeneA
-2.0454545,-2.8636364,0.001242766902,ExampleGeneA
-1.8409091,-2.8636364,0.001225062962,ExampleGeneA
-1.6363636,-2.8636364,0.001146818176,ExampleGeneA
-1.4318182,-2.8636364,0.001019525703,ExampleGeneA
-1.2272727,-2.8636364,0.000860734469,ExampleGeneA
-1.0227273,-2.8636364,0.000690093104,ExampleGeneA
-0.8181818,-2.8636364,0.000525428423,ExampleGeneA
-0.6136364,-2.8636364,0.000379915432,ExampleGeneA
-0.4090909,-2.8636364,0.000260872121,ExampleGeneA
-0.2045455,-2.8636364,0.00017011238,ExampleGeneA
0.0,-2.8636364,0.000105344415,ExampleGeneA
0.2045455,-2.8636364,6.1951886e-05,ExampleGeneA
0.4090909,-2.8636364,3.4599124e-05,ExampleGeneA
0.6136364,-2.8636364,1.8350292e-05,ExampleGeneA
0.8181818,-2.8636364,9.242478e-06,ExampleGeneA
1.0227273,-2.8636364,4.420803e-06,ExampleGeneA
1.2272727,-2.8636364,2.008082e-06,ExampleGeneA
1.4318182,-2.8636364,8.66222e-07,ExampleGeneA
1.6363636,-2.8636364,3.5485e-07,ExampleGeneA
1.8409091,-2.8636364,1.38047e-07,ExampleGeneA
2.0454545,-2.8636364,5.1001e-08,ExampleGeneA
2.25,-2.8636364,1.7893e-08,ExampleGeneA
2.4545455,-2.8636364,5.962e-09,ExampleGeneA
2.6590909,-2.8636364,1.886e-09,ExampleGeneA
2.8636364,-2.8636364,5.67e-10,ExampleGeneA
3.0681818,-2.8636364,1.62e-10,ExampleGeneA
3.2727273,-2.8636364,4.4e-11,ExampleGeneA
3.4772727,-2.8636364,1.1e-11,ExampleGeneA
3.6818182,-2.8636364,3e-12,ExampleGeneA
3.8863636,-2.8636364,1e-12,ExampleGeneA
4.0909091,-2.8636364,0.0,ExampleGeneA
4.2954545,-2.8636364,0.0,ExampleGeneA
4.5,-2.8636364,0.0,ExampleGeneA
-4.5,-2.6590909,5.2755099e-05,ExampleGeneA
-4.2954545,-2.6590909,9.6654934e-05,ExampleGeneA
-4.0909091,-2.6590909,0.000168170929,ExampleGeneA
-3.8863636,-2.6590909,0.000277872368,ExampleGeneA
-3.6818182,-2.6590909,0.000436020729,ExampleGeneA
-3.4772727,-2.6590909,0.000649735261,ExampleGeneA
-3.2727273,-2.6590909,0.000919460531,ExampleGeneA
-3.0681818,-2.6590909,0.001235655052,ExampleGeneA
-2.8636364,-2.6590909,0.001576989438,ExampleGeneA
-2.6590909,-2.6590909,0.001911295341,ExampleGeneA
-2.4545455,-2.6590909,0.002199855817,ExampleGeneA
-2.25,-2.6590909,0.002404518331,ExampleGeneA
-2.0454545,-2.6590909,0.002495912702,ExampleGeneA
-1.8409091,-2.6590909,0.002460356968,ExampleGeneA
-1.6363636,-2.6590909,0.002303213938,ExampleGeneA
-1.4318182,-2.6590909,0.002047565917,ExampleGeneA
-1.2272727,-2.6590909,0.001728657314,ExampleGeneA
-1.0227273,-2.6590909,0.001385949481,ExampleGeneA
-0.8181818,-2.6590909,0.001055244932,ExampleGeneA
-0.6136364,-2.6590909,0.000763003707,ExampleGeneA
-0.4090909,-2.6590909,0.0005239229,ExampleGeneA
-0.2045455,-2.6590909,0.000341645445,ExampleGeneA
0.0,-2.6590909,0.000211568607,ExampleGeneA
0.2045455,-2.6590909,0.000124421159,ExampleGeneA
0.4090909,-2.6590909,6.94872e-05,ExampleGeneA
0.6136364,-2.6590909,3.6853835e-05,ExampleGeneA
0.8181818,-2.6590909,1.8562144e-05,ExampleGeneA
1.0227273,-2.6590909,8.878526e-06,ExampleGeneA
1.2272727,-2.6590909,4.032935e-06,ExampleGeneA
1.4318182,-2.6590909,1.739678e-06,ExampleGeneA
1.6363636,-2.6590909,7.12663e-07,ExampleGeneA
1.8409091,-2.6590909,2.77247e-07,ExampleGeneA
2.0454545,-2.6590909,1.02427e-07,ExampleGeneA
2.25,-2.6590909,3.5936e-08,ExampleGeneA
2.4545455,-2.6590909,1.1973e-08,ExampleGeneA
2.6590909,-2.6590909,3.789e-09,ExampleGeneA
2.8636364,-2.6590909,1.138e-09,ExampleGeneA
3.0681818,-2.6590909,3.25e-10,ExampleGeneA
3.2727273,-2.6590909,8.8e-11,ExampleGeneA
3.4772727,-2.6590909,2.3e-11,ExampleGeneA
3.6818182,-2.6590909,6e-12,ExampleGeneA
3.8863636,-2.6590909,1e-12,ExampleGeneA
4.0909091,-2.6590909,0.0,ExampleGeneA
4.2954545,-2.6590909,0.0,ExampleGeneA
4.5,-2.6590909,0.0,ExampleGeneA
-4.5,-2.4545455,0.00010061702,ExampleGeneA
-4.2954545,-2.4545455,0.00018434486,ExampleGeneA
-4.0909091,-2.4545455,0.000320743547,ExampleGeneA
-3.8863636,-2.4545455,0.00052997132,ExampleGeneA
-3.6818182,-2.4545455,0.000831599352,ExampleGeneA
-3.4772727,-2.4545455,0.001239205811,ExampleGeneA
-3.2727273,-2.4545455,0.0017536386,ExampleGeneA
-3.0681818,-2.4545455,0.002356699742,ExampleGeneA
-2.8636364,-2.4545455,0.003007708822,ExampleGeneA
-2.6590909,-2.4545455,0.003645312847,ExampleGeneA
-2.4545455,-2.4545455,0.00419566903,ExampleGeneA
-2.25,-2.4545455,0.004586011054,ExampleGeneA
-2.0454545,-2.4545455,0.00476032272,ExampleGeneA
-1.8409091,-2.4545455,0.004692509142,ExampleGeneA
-1.6363636,-2.4545455,0.004392798525,ExampleGeneA
-1.4318182,-2.4545455,0.003905214532,ExampleGeneA
-1.2272727,-2.4545455,0.003296976965,ExampleGeneA
-1.0227273,-2.4545455,0.002643348383,ExampleGeneA
-0.8181818,-2.4545455,0.002012613029,ExampleGeneA
-0.6136364,-2.4545455,0.001455236747,ExampleGeneA
-0.4090909,-2.4545455,0.000999250527,ExampleGeneA
-0.2045455,-2.4545455,0.000651602346,ExampleGeneA
0.0,-2.4545455,0.000403513651,ExampleGeneA
0.2045455,-2.4545455,0.000237301917,ExampleGeneA
0.4090909,-2.4545455,0.000132529273,ExampleGeneA
0.6136364,-2.4545455,7.0289376e-05,ExampleGeneA
0.8181818,-2.4545455,3.5402598e-05,ExampleGeneA
1.0227273,-2.4545455,1.6933544e-05,ExampleGeneA
1.2272727,-2.4545455,7.691804e-06,ExampleGeneA
1.4318182,-2.4545455,3.317996e-06,ExampleGeneA
1.6363636,-2.4545455,1.359224e-06,ExampleGeneA
1.8409091,-2.4545455,5.28778e-07,ExampleGeneA
2.0454545,-2.4545455,1.95355e-07,ExampleGeneA
2.25,-2.4545455,6.8539e-08,ExampleGeneA
2.4545455,-2.4545455,2.2836e-08,ExampleGeneA
2.6590909,-2.4545455,7.226e-09,ExampleGeneA
2.8636364,-2.4545455,2.171e-09,ExampleGeneA
3.0681818,-2.4545455,6.2e-10,ExampleGeneA
3.2727273,-2.4545455,1.68e-10,ExampleGeneA
3.4772727,-2.4545455,4.3e-11,ExampleGeneA
3.6818182,-2.4545455,1.1e-11,ExampleGeneA
3.8863636,-2.4545455,2e-12,ExampleGeneA
4.0909091,-2.4545455,1e-12,ExampleGeneA
4.2954545,-2.4545455,0.0,ExampleGeneA
4.5,-2.4545455,0.0,ExampleGeneA
-4.5,-2.25,0.000182240972,ExampleGeneA
-4.2954545,-2.25,0.000333891685,ExampleGeneA
-4.0909091,-2.25,0.000580941629,ExampleGeneA
-3.8863636,-2.25,0.000959902094,ExampleGeneA
-3.6818182,-2.25,0.001506221052,ExampleGeneA
-3.4772727,-2.25,0.002244491746,ExampleGeneA
-3.2727273,-2.25,0.003176249923,ExampleGeneA
-3.0681818,-2.25,0.00426853479,ExampleGeneA
-2.8636364,-2.25,0.005447664596,ExampleGeneA
-2.6590909,-2.25,0.006602514709,ExampleGeneA
-2.4545455,-2.25,0.007599338561,ExampleGeneA
-2.25,-2.25,0.008306339322,ExampleGeneA
-2.0454545,-2.25,0.008622058544,ExampleGeneA
-1.8409091,-2.25,0.008499232284,ExampleGeneA
-1.6363636,-2.25,0.007956386214,ExampleGeneA
-1.4318182,-2.25,0.007073257488,ExampleGeneA
-1.2272727,-2.25,0.005971596903,ExampleGeneA
-1.0227273,-2.25,0.004787722567,ExampleGeneA
-0.8181818,-2.25,0.003645313225,ExampleGeneA
-0.6136364,-2.25,0.00263577433,ExampleGeneA
-0.4090909,-2.25,0.001809876568,ExampleGeneA
-0.2045455,-2.25,0.001180204349,ExampleGeneA
0.0,-2.25,0.000730857659,ExampleGeneA
0.2045455,-2.25,0.00042980931,ExampleGeneA
0.4090909,-2.25,0.000240041531,ExampleGeneA
0.6136364,-2.25,0.000127310511,ExampleGeneA
0.8181818,-2.25,6.4122391e-05,ExampleGeneA
1.0227273,-2.25,3.0670612e-05,ExampleGeneA
1.2272727,-2.25,1.3931657e-05,ExampleGeneA
1.4318182,-2.25,6.009666e-06,ExampleGeneA
1.6363636,-2.25,2.461873e-06,ExampleGeneA
1.8409091,-2.25,9.57741e-07,ExampleGeneA
2.0454545,-2.25,3.53833e-07,ExampleGeneA
2.25,-2.25,1.24141e-07,ExampleGeneA
2.4545455,-2.25,4.1362e-08,ExampleGeneA
2.6590909,-2.25,1.3087e-08,ExampleGeneA
2.8636364,-2.25,3.933e-09,ExampleGeneA
3.0681818,-2.25,1.122e-09,ExampleGeneA
3.2727273,-2.25,3.04e-10,ExampleGeneA
3.4772727,-2.25,7.8e-11,ExampleGeneA
3.6818182,-2.25,1.9e-11,ExampleGeneA
3.8863636,-2.25,4e-12,ExampleGeneA
4.0909091,-2.25,1e-12,ExampleGeneA
4.2954545,-2.25,0.0,ExampleGeneA
4.5,-2.25,0.0,ExampleGeneA
-4.5,-2.0454545,0.00031346425,ExampleGeneA
-4.2954545,-2.0454545,0.000574311615,ExampleGeneA
-4.0909091,-2.0454545,0.000999250774,ExampleGeneA
-3.8863636,-2.0454545,0.001651083107,ExampleGeneA
-3.6818182,-2.0454545,0.00259078103,ExampleGeneA
-3.4772727,-2.0454545,0.003860646237,ExampleGeneA
-3.2727273,-2.0454545,0.005463320298,ExampleGeneA
-3.0681818,-2.0454545,0.007342108879,ExampleGeneA
-2.8636364,-2.0454545,0.009370275414,ExampleGeneA
-2.6590909,-2.0454545,0.011356679575,ExampleGeneA
-2.4545455,-2.0454545,0.013071270088,ExampleGeneA
-2.25,-2.0454545,0.014287349333,ExampleGeneA
-2.0454545,-2.0454545,0.014830403336,ExampleGeneA
-1.8409091,-2.0454545,0.014619135578,ExampleGeneA
-1.6363636,-2.0454545,0.013685411209,ExampleGeneA
-1.4318182,-2.0454545,0.012166382414,ExampleGeneA
-1.2272727,-2.0454545,0.010271467096,ExampleGeneA
-1.0227273,-2.0454545,0.008235139713,ExampleGeneA
-0.8181818,-2.0454545,0.006270134346,ExampleGeneA
-0.6136364,-2.0454545,0.004533673278,ExampleGeneA
-0.4090909,-2.0454545,0.003113084811,ExampleGeneA
-0.2045455,-2.0454545,0.002030014808,ExampleGeneA
0.0,-2.0454545,0.00125711439,ExampleGeneA
0.2045455,-2.0454545,0.000739295076,ExampleGeneA
0.4090909,-2.0454545,0.000412884313,ExampleGeneA
0.6136364,-2.0454545,0.00021898091,ExampleGeneA
0.8181818,-2.0454545,0.000110293954,ExampleGeneA
1.0227273,-2.0454545,5.2755099e-05,ExampleGeneA
1.2272727,-2.0454545,2.3963198e-05,ExampleGeneA
1.4318182,-2.0454545,1.0336949e-05,ExampleGeneA
1.6363636,-2.0454545,4.234553e-06,ExampleGeneA
1.8409091,-2.0454545,1.647366e-06,ExampleGeneA
2.0454545,-2.0454545,6.08611e-07,ExampleGeneA
2.25,-2.0454545,2.13529e-07,ExampleGeneA
2.4545455,-2.0454545,7.1145e-08,ExampleGeneA
2.6590909,-2.0454545,2.2511e-08,ExampleGeneA
2.8636364,-2.0454545,6.764e-09,ExampleGeneA
3.0681818,-2.0454545,1.93e-09,ExampleGeneA
3.2727273,-2.0454545,5.23e-10,ExampleGeneA
3.4772727,-2.0454545,1.35e-10,ExampleGeneA
3.6818182,-2.0454545,3.3e-11,ExampleGeneA
3.8863636,-2.0454545,8e-12,ExampleGeneA
4.0909091,-2.0454545,2e-12,ExampleGeneA
4.2954545,-2.0454545,0.0,ExampleGeneA
4.5,-2.0454545,0.0,ExampleGeneA
-4.5,-1.8409091,0.000512032276,ExampleGeneA
-4.2954545,-1.8409091,0.000938116814,ExampleGeneA
-4.0909091,-1.8409091,0.001632239237,ExampleGeneA
-3.8863636,-1.8409091,0.002696983281,ExampleGeneA
-3.6818182,-1.8409091,0.004231945135,ExampleGeneA
-3.4772727,-1.8409091,0.006306223055,ExampleGeneA
-3.2727273,-1.8409091,0.008924131946,ExampleGeneA
-3.0681818,-1.8409091,0.01199306371,ExampleGeneA
-2.8636364,-1.8409091,0.015305998844,ExampleGeneA
-2.6590909,-1.8409091,0.018550716684,ExampleGeneA
-2.4545455,-1.8409091,0.021351436967,ExampleGeneA
-2.25,-1.8409091,0.023337857503,ExampleGeneA
-2.0454545,-1.8409091,0.024224916162,ExampleGeneA
-1.8409091,-1.8409091,0.023879818082,ExampleGeneA
-1.6363636,-1.8409091,0.022354613807,ExampleGeneA
-1.4318182,-1.8409091,0.019873336369,ExampleGeneA
-1.2272727,-1.8409091,0.016778062175,ExampleGeneA
-1.0227273,-1.8409091,0.013451796597,ExampleGeneA
-0.8181818,-1.8409091,0.010242032899,ExampleGeneA
-0.6136364,-1.8409091,0.00740558787,ExampleGeneA
-0.4090909,-1.8409091,0.005085109072,ExampleGeneA
-0.2045455,-1.8409091,0.00331595422,ExampleGeneA
0.0,-1.8409091,0.002053449931,ExampleGeneA
0.2045455,-1.8409091,0.001207611204,ExampleGeneA
0.4090909,-1.8409091,0.000674431277,ExampleGeneA
0.6136364,-1.8409091,0.00035769723,ExampleGeneA
0.8181818,-1.8409091,0.000180161101,ExampleGeneA
1.0227273,-1.8409091,8.6173505e-05,ExampleGeneA
1.2272727,-1.8409091,3.9142998e-05,ExampleGeneA
1.4318182,-1.8409091,1.6885024e-05,ExampleGeneA
1.6363636,-1.8409091,6.916986e-06,ExampleGeneA
1.8409091,-1.8409091,2.690911e-06,ExampleGeneA
2.0454545,-1.8409091,9.94144e-07,ExampleGeneA
2.25,-1.8409091,3.48792e-07,ExampleGeneA
2.4545455,-1.8409091,1.16212e-07,ExampleGeneA
2.6590909,-1.8409091,3.6771e-08,ExampleGeneA
2.8636364,-1.8409091,1.1049e-08,ExampleGeneA
3.0681818,-1.8409091,3.153e-09,ExampleGeneA
3.2727273,-1.8409091,8.54e-10,ExampleGeneA
3.4772727,-1.8409091,2.2e-10,ExampleGeneA
3.6818182,-1.8409091,5.4e-11,ExampleGeneA
3.8863636,-1.8409091,1.2e-11,ExampleGeneA
4.0909091,-1.8409091,3e-12,ExampleGeneA
4.2954545,-1.8409091,1e-12,ExampleGeneA
4.5,-1.8409091,0.0,ExampleGeneA
-4.5,-1.6363636,0.000794281032,ExampleGeneA
-4.2954545,-1.6363636,0.001455237151,ExampleGeneA
-4.0909091,-1.6363636,0.002531982311,ExampleGeneA
-3.8863636,-1.6363636,0.004183647719,ExampleGeneA
-3.6818182,-1.6363636,0.006564730205,ExampleGeneA
-3.4772727,-1.6363636,0.009782417223,ExampleGeneA
-3.2727273,-1.6363636,0.013843402189,ExampleGeneA
-3.0681818,-1.6363636,0.018604028428,ExampleGeneA
-2.8636364,-1.6363636,0.023743160588,ExampleGeneA
-2.6590909,-1.6363636,0.028776471875,ExampleGeneA
-2.4545455,-1.6363636,0.033121039786,ExampleGeneA
-2.25,-1.6363636,0.036202439587,ExampleGeneA
-2.0454545,-1.6363636,0.037578473677,ExampleGeneA
-1.8409091,-1.6363636,0.03704314637,ExampleGeneA
-1.6363636,-1.6363636,0.034677200157,ExampleGeneA
-1.4318182,-1.6363636,0.03082816232,ExampleGeneA
-1.2272727,-1.6363636,0.026026672851,ExampleGeneA
-1.0227273,-1.6363636,0.020866862075,ExampleGeneA
-0.8181818,-1.6363636,0.015887772784,ExampleGeneA
-0.6136364,-1.6363636,0.011487787491,ExampleGeneA
-0.4090909,-1.6363636,0.007888185707,ExampleGeneA
-0.2045455,-1.6363636,0.005143815465,ExampleGeneA
0.0,-1.6363636,0.003185377967,ExampleGeneA
0.2045455,-1.6363636,0.001873285569,ExampleGeneA
0.4090909,-1.6363636,0.001046199616,ExampleGeneA
0.6136364,-1.6363636,0.000554871515,ExampleGeneA
0.8181818,-1.6363636,0.000279471728,ExampleGeneA
1.0227273,-1.6363636,0.000133675129,ExampleGeneA
1.2272727,-1.6363636,6.0719885e-05,ExampleGeneA
1.4318182,-1.6363636,2.6192595e-05,ExampleGeneA
1.6363636,-1.6363636,1.0729852e-05,ExampleGeneA
1.8409091,-1.6363636,4.174228e-06,ExampleGeneA
2.0454545,-1.6363636,1.542149e-06,ExampleGeneA
2.25,-1.6363636,5.41058e-07,ExampleGeneA
2.4545455,-1.6363636,1.80272e-07,ExampleGeneA
2.6590909,-1.6363636,5.704e-08,ExampleGeneA
2.8636364,-1.6363636,1.714e-08,ExampleGeneA
3.0681818,-1.6363636,4.891e-09,ExampleGeneA
3.2727273,-1.6363636,1.325e-09,ExampleGeneA
3.4772727,-1.6363636,3.41e-10,ExampleGeneA
3.6818182,-1.6363636,8.3e-11,ExampleGeneA
3.8863636,-1.6363636,1.9e-11,ExampleGeneA
4.0909091,-1.6363636,4e-12,ExampleGeneA
4.2954545,-1.6363636,1e-12,ExampleGeneA
4.5,-1.6363636,0.0,ExampleGeneA
-4.5,-1.4318182,0.001170087641,ExampleGeneA
-4.2954545,-1.4318182,0.002143768939,ExampleGeneA
-4.0909091,-1.4318182,0.003729965956,ExampleGeneA
-3.8863636,-1.4318182,0.006163101337,ExampleGeneA
-3.6818182,-1.4318182,0.009670770635,ExampleGeneA
-3.4772727,-1.4318182,0.014410876038,ExampleGeneA
-3.2727273,-1.4318182,0.020393277894,ExampleGeneA
-3.0681818,-1.4318182,0.027406349716,ExampleGeneA
-2.8636364,-1.4318182,0.034977013982,ExampleGeneA
-2.6590909,-1.4318182,0.042391789223,ExampleGeneA
-2.4545455,-1.4318182,0.048791948629,ExampleGeneA
-2.25,-1.4318182,0.053331283799,ExampleGeneA
-2.0454545,-1.4318182,0.055358375493,ExampleGeneA
-1.8409091,-1.4318182,0.054569763101,ExampleGeneA
-1.6363636,-1.4318182,0.051084391661,ExampleGeneA
-1.4318182,-1.4318182,0.045414217729,ExampleGeneA
-1.2272727,-1.4318182,0.038340948622,ExampleGeneA
-1.0227273,-1.4318182,0.030739821848,ExampleGeneA
-0.8181818,-1.4318182,0.02340492323,ExampleGeneA
-0.6136364,-1.4318182,0.016923126228,ExampleGeneA
-0.4090909,-1.4318182,0.011620406675,ExampleGeneA
-0.2045455,-1.4318182,0.007577563432,ExampleGeneA
0.0,-1.4318182,0.004692509629,ExampleGeneA
0.2045455,-1.4318182,0.002759613039,ExampleGeneA
0.4090909,-1.4318182,0.001541199136,ExampleGeneA
0.6136364,-1.4318182,0.00081740376,ExampleGeneA
0.8181818,-1.4318182,0.00041170115,ExampleGeneA
1.0227273,-1.4318182,0.000196922261,ExampleGeneA
1.2272727,-1.4318182,8.9448929e-05,ExampleGeneA
1.4318182,-1.4318182,3.8585376e-05,ExampleGeneA
1.6363636,-1.4318182,1.5806581e-05,ExampleGeneA
1.8409091,-1.4318182,6.149225e-06,ExampleGeneA
2.0454545,-1.4318182,2.271802e-06,ExampleGeneA
2.25,-1.4318182,7.97054e-07,ExampleGeneA
2.4545455,-1.4318182,2.65566e-07,ExampleGeneA
2.6590909,-1.4318182,8.4028e-08,ExampleGeneA
2.8636364,-1.4318182,2.5249e-08,ExampleGeneA
3.0681818,-1.4318182,7.205e-09,ExampleGeneA
3.2727273,-1.4318182,1.952e-09,ExampleGeneA
3.4772727,-1.4318182,5.02e-10,ExampleGeneA
3.6818182,-1.4318182,1.23e-10,ExampleGeneA
3.8863636,-1.4318182,2.9e-11,ExampleGeneA
4.0909091,-1.4318182,6e-12,ExampleGeneA
4.2954545,-1.4318182,1e-12,ExampleGeneA
4.5,-1.4318182,0.0,ExampleGeneA
-4.5,-1.2272727,0.001636929986,ExampleGeneA
-4.2954545,-1.2272727,0.002999091296,ExampleGeneA
-4.0909091,-1.2272727,0.005218150255,ExampleGeneA
-3.8863636,-1.2272727,0.008622059608,ExampleGeneA
-3.6818182,-1.2272727,0.013529221135,ExampleGeneA
-3.4772727,-1.2272727,0.020160536945,ExampleGeneA
-3.2727273,-1.2272727,0.028529801472,ExampleGeneA
-3.0681818,-1.2272727,0.038340953356,ExampleGeneA
-2.8636364,-1.2272727,0.048932166286,ExampleGeneA
-2.6590909,-1.2272727,0.059305293484,ExampleGeneA
-2.4545455,-1.2272727,0.068258992748,ExampleGeneA
-2.25,-1.2272727,0.074609434883,ExampleGeneA
-2.0454545,-1.2272727,0.07744529697,ExampleGeneA
-1.8409091,-1.2272727,0.07634204348,ExampleGeneA
-1.6363636,-1.2272727,0.071466076225,ExampleGeneA
-1.4318182,-1.2272727,0.063533612526,ExampleGeneA
-1.2272727,-1.2272727,0.053638245807,ExampleGeneA
-1.0227273,-1.2272727,0.043004416416,ExampleGeneA
-0.8181818,-1.2272727,0.032743035069,ExampleGeneA
-0.6136364,-1.2272727,0.023675126387,ExampleGeneA
-0.4090909,-1.2272727,0.016256724259,ExampleGeneA
-0.2045455,-1.2272727,0.010600864731,ExampleGeneA
0.0,-1.2272727,0.006564730242,ExampleGeneA
0.2045455,-1.2272727,0.003860645284,ExampleGeneA
0.4090909,-1.2272727,0.002156107793,ExampleGeneA
0.6136364,-1.2272727,0.001143532056,ExampleGeneA
0.8181818,-1.2272727,0.000575961949,ExampleGeneA
1.0227273,-1.2272727,0.000275490436,ExampleGeneA
1.2272727,-1.2272727,0.000125137322,ExampleGeneA
1.4318182,-1.2272727,5.3980195e-05,ExampleGeneA
1.6363636,-1.2272727,2.2113101e-05,ExampleGeneA
1.8409091,-1.2272727,8.602647e-06,ExampleGeneA
2.0454545,-1.2272727,3.178207e-06,ExampleGeneA
2.25,-1.2272727,1.115063e-06,ExampleGeneA
2.4545455,-1.2272727,3.71522e-07,ExampleGeneA
2.6590909,-1.2272727,1.17554e-07,ExampleGeneA
2.8636364,-1.2272727,3.5323e-08,ExampleGeneA
3.0681818,-1.2272727,1.008e-08,ExampleGeneA
3.2727273,-1.2272727,2.731e-09,ExampleGeneA
3.4772727,-1.2272727,7.03e-10,ExampleGeneA
3.6818182,-1.2272727,1.72e-10,ExampleGeneA
3.8863636,-1.2272727,4e-11,ExampleGeneA
4.0909091,-1.2272727,9e-12,ExampleGeneA
4.2954545,-1.2272727,2e-12,ExampleGeneA
4.5,-1.2272727,0.0,ExampleGeneA
-4.5,-1.0227273,0.002174749229,ExampleGeneA
-4.2954545,-1.0227273,0.003984453545,ExampleGeneA
-4.0909091,-1.0227273,0.006932592318,ExampleGeneA
-3.8863636,-1.0227273,0.011454868351,ExampleGeneA
-3.6818182,-1.0227273,0.017974295474,ExampleGeneA
-3.4772727,-1.0227273,0.026784353981,ExampleGeneA
-3.2727273,-1.0227273,0.037903370517,ExampleGeneA
-3.0681818,-1.0227273,0.050938011694,ExampleGeneA
-2.8636364,-1.0227273,0.065009005784,ExampleGeneA
-2.6590909,-1.0227273,0.078790261289,ExampleGeneA
-2.4545455,-1.0227273,0.0906857307,ExampleGeneA
-2.25,-1.0227273,0.099122633474,ExampleGeneA
-2.0454545,-1.0227273,0.102890228265,ExampleGeneA
-1.8409091,-1.0227273,0.101424496867,ExampleGeneA
-1.6363636,-1.0227273,0.094946513006,ExampleGeneA
-1.4318182,-1.0227273,0.084407809783,ExampleGeneA
-1.2272727,-1.0227273,0.071261284683,ExampleGeneA
-1.0227273,-1.0227273,0.05713367234,ExampleGeneA
-0.8181818,-1.0227273,0.043500877188,ExampleGeneA
-0.6136364,-1.0227273,0.031453674445,ExampleGeneA
-0.4090909,-1.0227273,0.021597929575,ExampleGeneA
-0.2045455,-1.0227273,0.014083817025,ExampleGeneA
0.0,-1.0227273,0.008721596011,ExampleGeneA
0.2045455,-1.0227273,0.005129074199,ExampleGeneA
0.4090909,-1.0227273,0.002864504775,ExampleGeneA
0.6136364,-1.0227273,0.001519243633,ExampleGeneA
0.8181818,-1.0227273,0.000765196322,ExampleGeneA
1.0227273,-1.0227273,0.000366003811,ExampleGeneA
1.2272727,-1.0227273,0.00016625164,ExampleGeneA
1.4318182,-1.0227273,7.1715582e-05,ExampleGeneA
1.6363636,-1.0227273,2.9378441e-05,ExampleGeneA
1.8409091,-1.0227273,1.1429078e-05,ExampleGeneA
2.0454545,-1.0227273,4.222419e-06,ExampleGeneA
2.25,-1.0227273,1.481421e-06,ExampleGeneA
2.4545455,-1.0227273,4.93587e-07,ExampleGeneA
2.6590909,-1.0227273,1.56177e-07,ExampleGeneA
2.8636364,-1.0227273,4.6928e-08,ExampleGeneA
3.0681818,-1.0227273,1.3391e-08,ExampleGeneA
3.2727273,-1.0227273,3.629e-09,ExampleGeneA
3.4772727,-1.0227273,9.34e-10,ExampleGeneA
3.6818182,-1.0227273,2.28e-10,ExampleGeneA
3.8863636,-1.0227273,5.3e-11,ExampleGeneA
4.0909091,-1.0227273,1.2e-11,ExampleGeneA
4.2954545,-1.0227273,2e-12,ExampleGeneA
4.5,-1.0227273,0.0,ExampleGeneA
-4.5,-0.8181818,0.002743820879,ExampleGeneA
-4.2954545,-0.8181818,0.005027074699,ExampleGeneA
-4.0909091,-0.8181818,0.008746659748,ExampleGeneA
-3.8863636,-0.8181818,0.014452290188,ExampleGeneA
-3.6818182,-0.8181818,0.022677670851,ExampleGeneA
-3.4772727,-0.8181818,0.033793077698,ExampleGeneA
-3.2727273,-0.8181818,0.047821632951,ExampleGeneA
-3.0681818,-0.8181818,0.064267078765,ExampleGeneA
-2.8636364,-0.8181818,0.08202006235,ExampleGeneA
-2.6590909,-0.8181818,0.099407490787,ExampleGeneA
-2.4545455,-0.8181818,0.11441567513,ExampleGeneA
-2.25,-0.8181818,0.125060281724,ExampleGeneA
-2.0454545,-0.8181818,0.129813751737,ExampleGeneA
-1.8409091,-0.8181818,0.127964479022,ExampleGeneA
-1.6363636,-0.8181818,0.119791386175,ExampleGeneA
-1.4318182,-0.8181818,0.106494996159,ExampleGeneA
-1.2272727,-0.8181818,0.089908389498,ExampleGeneA
-1.0227273,-0.8181818,0.072083972231,ExampleGeneA
-0.8181818,-0.8181818,0.05488385211,ExampleGeneA
-0.6136364,-0.8181818,0.039684230024,ExampleGeneA
-0.4090909,-0.8181818,0.027249509649,ExampleGeneA
-0.2045455,-0.8181818,0.017769161927,ExampleGeneA
0.0,-0.8181818,0.011003796166,ExampleGeneA
0.2045455,-0.8181818,0.006471210881,ExampleGeneA
0.4090909,-0.8181818,0.00361406635,ExampleGeneA
0.6136364,-0.8181818,0.00191678762,ExampleGeneA
0.8181818,-0.8181818,0.00096542701,ExampleGeneA
1.0227273,-0.8181818,0.000461776872,ExampleGeneA
1.2272727,-0.8181818,0.00020975509,ExampleGeneA
1.4318182,-0.8181818,9.0481564e-05,ExampleGeneA
1.6363636,-0.8181818,3.7065965e-05,ExampleGeneA
1.8409091,-0.8181818,1.4419751e-05,ExampleGeneA
2.0454545,-0.8181818,5.327309e-06,ExampleGeneA
2.25,-0.8181818,1.869068e-06,ExampleGeneA
2.4545455,-0.8181818,6.22744e-07,ExampleGeneA
2.6590909,-0.8181818,1.97044e-07,ExampleGeneA
2.8636364,-0.8181818,5.9208e-08,ExampleGeneA
3.0681818,-0.8181818,1.6895e-08,ExampleGeneA
3.2727273,-0.8181818,4.579e-09,ExampleGeneA
3.4772727,-0.8181818,1.178e-09,ExampleGeneA
3.6818182,-0.8181818,2.88e-10,ExampleGeneA
3.8863636,-0.8181818,6.7e-11,ExampleGeneA
4.0909091,-0.8181818,1.5e-11,ExampleGeneA
4.2954545,-0.8181818,3e-12,ExampleGeneA
4.5,-0.8181818,1e-12,ExampleGeneA
-4.5,-0.6136364,0.003287529952,ExampleGeneA
-4.2954545,-0.6136364,0.006023227964,ExampleGeneA
-4.0909091,-0.6136364,0.010479877213,ExampleGeneA
-3.8863636,-0.6136364,0.017316121922,ExampleGeneA
-3.6818182,-0.6136364,0.027171424615,ExampleGeneA
-3.4772727,-0.6136364,0.040489434265,ExampleGeneA
-3.2727273,-0.6136364,0.057297854937,ExampleGeneA
-3.0681818,-0.6136364,0.077002091502,ExampleGeneA
-2.8636364,-0.6136364,0.098272964441,ExampleGeneA
-2.6590909,-0.6136364,0.119105844684,ExampleGeneA
-2.4545455,-0.6136364,0.137088015435,ExampleGeneA
-2.25,-0.6136364,0.149841932164,ExampleGeneA
-2.0454545,-0.6136364,0.155537338583,ExampleGeneA
-1.8409091,-0.6136364,0.153321618349,ExampleGeneA
-1.6363636,-0.6136364,0.143528964701,ExampleGeneA
-1.4318182,-0.6136364,0.127597793403,ExampleGeneA
-1.2272727,-0.6136364,0.107724423889,ExampleGeneA
-1.0227273,-0.6136364,0.08636796214,ExampleGeneA
-0.8181818,-0.6136364,0.065759506787,ExampleGeneA
-0.6136364,-0.6136364,0.04754796344,ExampleGeneA
-0.4090909,-0.6136364,0.032649208206,ExampleGeneA
-0.2045455,-0.6136364,0.021290257141,ExampleGeneA
0.0,-0.6136364,0.013184282459,ExampleGeneA
0.2045455,-0.6136364,0.007753530766,ExampleGeneA
0.4090909,-0.6136364,0.004330221213,ExampleGeneA
0.6136364,-0.6136364,0.002296613734,ExampleGeneA
0.8181818,-0.6136364,0.001156733749,ExampleGeneA
1.0227273,-0.6136364,0.000553281488,ExampleGeneA
1.2272727,-0.6136364,0.000251319663,ExampleGeneA
1.4318182,-0.6136364,0.000108411177,ExampleGeneA
1.6363636,-0.6136364,4.4410869e-05,ExampleGeneA
1.8409091,-0.6136364,1.7277135e-05,ExampleGeneA
2.0454545,-0.6136364,6.382955e-06,ExampleGeneA
2.25,-0.6136364,2.239438e-06,ExampleGeneA
2.4545455,-0.6136364,7.46146e-07,ExampleGeneA
2.6590909,-0.6136364,2.36089e-07,ExampleGeneA
2.8636364,-0.6136364,7.0941e-08,ExampleGeneA
3.0681818,-0.6136364,2.0243e-08,ExampleGeneA
3.2727273,-0.6136364,5.486e-09,ExampleGeneA
3.4772727,-0.6136364,1.412e-09,ExampleGeneA
3.6818182,-0.6136364,3.45e-10,ExampleGeneA
3.8863636,-0.6136364,8e-11,ExampleGeneA
4.0909091,-0.6136364,1.8e-11,ExampleGeneA
4.2954545,-0.6136364,4e-12,ExampleGeneA
4.5,-0.6136364,1e-12,ExampleGeneA
-4.5,-0.4090909,0.003740685083,ExampleGeneA
-4.2954545,-0.4090909,0.006853473375,ExampleGeneA
-4.0909091,-0.4090909,0.011924429871,ExampleGeneA
-3.8863636,-0.4090909,0.019702986714,ExampleGeneA
-3.6818182,-0.4090909,0.030916750333,ExampleGeneA
-3.4772727,-0.4090909,0.046070522544,ExampleGeneA
-3.2727273,-0.4090909,0.065195826158,ExampleGeneA
-3.0681818,-0.4090909,0.087616106693,ExampleGeneA
-2.8636364,-0.4090909,0.111818969712,ExampleGeneA
-2.6590909,-0.4090909,0.135523466856,ExampleGeneA
-2.4545455,-0.4090909,0.155984310976,ExampleGeneA
-2.25,-0.4090909,0.170496235354,ExampleGeneA
-2.0454545,-0.4090909,0.176976700062,ExampleGeneA
-1.8409091,-0.4090909,0.174455563602,ExampleGeneA
-1.6363636,-0.4090909,0.163313084611,ExampleGeneA
-1.4318182,-0.4090909,0.145185950959,ExampleGeneA
-1.2272727,-0.4090909,0.122573224087,ExampleGeneA
-1.0227273,-0.4090909,0.098272974643,ExampleGeneA
-0.8181818,-0.4090909,0.074823837253,ExampleGeneA
-0.6136364,-0.4090909,0.054102003679,ExampleGeneA
-0.4090909,-0.4090909,0.03714959495,ExampleGeneA
-0.2045455,-0.4090909,0.024224919152,ExampleGeneA
0.0,-0.4090909,0.015001611983,ExampleGeneA
0.2045455,-0.4090909,0.008822282169,ExampleGeneA
0.4090909,-0.4090909,0.004927101542,ExampleGeneA
0.6136364,-0.4090909,0.002613180369,ExampleGeneA
0.8181818,-0.4090909,0.001316178634,ExampleGeneA
1.0227273,-0.4090909,0.000629546146,ExampleGeneA
1.2272727,-0.4090909,0.000285961719,ExampleGeneA
1.4318182,-0.4090909,0.00012335464,ExampleGeneA
1.6363636,-0.4090909,5.053249e-05,ExampleGeneA
1.8409091,-0.4090909,1.9658626e-05,ExampleGeneA
2.0454545,-0.4090909,7.262786e-06,ExampleGeneA
2.25,-0.4090909,2.548124e-06,ExampleGeneA
2.4545455,-0.4090909,8.48995e-07,ExampleGeneA
2.6590909,-0.4090909,2.68632e-07,ExampleGeneA
2.8636364,-0.4090909,8.0719e-08,ExampleGeneA
3.0681818,-0.4090909,2.3034e-08,ExampleGeneA
3.2727273,-0.4090909,6.242e-09,ExampleGeneA
3.4772727,-0.4090909,1.606e-09,ExampleGeneA
3.6818182,-0.4090909,3.93e-10,ExampleGeneA
3.8863636,-0.4090909,9.1e-11,ExampleGeneA
4.0909091,-0.4090909,2e-11,ExampleGeneA
4.2954545,-0.4090909,4e-12,ExampleGeneA
4.5,-0.4090909,1e-12,ExampleGeneA
-4.5,-0.2045455,0.004042034259,ExampleGeneA
-4.2954545,-0.2045455,0.007405588431,ExampleGeneA
-4.0909091,-0.2045455,0.01288506062,ExampleGeneA
-3.8863636,-0.2045455,0.021290257141,ExampleGeneA
-3.6818182,-0.2045455,0.033407400316,ExampleGeneA
-3.4772727,-0.2045455,0.049781958738,ExampleGeneA
-3.2727273,-0.2045455,0.070447994693,ExampleGeneA
-3.0681818,-0.2045455,0.094674450544,ExampleGeneA
-2.8636364,-0.2045455,0.120827093528,ExampleGeneA
-2.6590909,-0.2045455,0.146441222336,ExampleGeneA
-2.4545455,-0.2045455,0.168550389792,ExampleGeneA
-2.25,-0.2045455,0.18423139319,ExampleGeneA
-2.0454545,-0.2045455,0.191233923419,ExampleGeneA
-1.8409091,-0.2045455,0.188509684484,ExampleGeneA
-1.6363636,-0.2045455,0.17646956862,ExampleGeneA
-1.4318182,-0.2045455,0.156882115088,ExampleGeneA
-1.2272727,-0.2045455,0.132447709444,ExampleGeneA
-1.0227273,-0.2045455,0.106189834596,ExampleGeneA
-0.8181818,-0.2045455,0.080851637295,ExampleGeneA
-0.6136364,-0.2045455,0.058460455103,ExampleGeneA
-0.4090909,-0.2045455,0.040142362205,ExampleGeneA
-0.2045455,-0.2045455,0.026176475956,ExampleGeneA
0.0,-0.2045455,0.016210140183,ExampleGeneA
0.2045455,-0.2045455,0.009533004243,ExampleGeneA
0.4090909,-0.2045455,0.005324028297,ExampleGeneA
0.6136364,-0.2045455,0.002823697891,ExampleGeneA
0.8181818,-0.2045455,0.001422209838,ExampleGeneA
1.0227273,-0.2045455,0.000680262313,ExampleGeneA
1.2272727,-0.2045455,0.000308998763,ExampleGeneA
1.4318182,-0.2045455,0.000133292076,ExampleGeneA
1.6363636,-0.2045455,5.4603382e-05,ExampleGeneA
1.8409091,-0.2045455,2.1242322e-05,ExampleGeneA
2.0454545,-0.2045455,7.847875e-06,ExampleGeneA
2.25,-0.2045455,2.753401e-06,ExampleGeneA
2.4545455,-0.2045455,9.1739e-07,ExampleGeneA
2.6590909,-0.2045455,2.90273e-07,ExampleGeneA
2.8636364,-0.2045455,8.7222e-08,ExampleGeneA
3.0681818,-0.2045455,2.4889e-08,ExampleGeneA
3.2727273,-0.2045455,6.745e-09,ExampleGeneA
3.4772727,-0.2045455,1.736e-09,ExampleGeneA
3.6818182,-0.2045455,4.24e-10,ExampleGeneA
3.8863636,-0.2045455,9.8e-11,ExampleGeneA
4.0909091,-0.2045455,2.2e-11,ExampleGeneA
4.2954545,-0.2045455,5e-12,ExampleGeneA
4.5,-0.2045455,1e-12,ExampleGeneA
-4.5,0.0,0.004147785397,ExampleGeneA
-4.2954545,0.0,0.007599339734,ExampleGeneA
-4.0909091,0.0,0.013222170534,ExampleGeneA
-3.8863636,0.0,0.021847270954,ExampleGeneA
-3.6818182,0.0,0.034281433133,ExampleGeneA
-3.4772727,0.0,0.051084396678,ExampleGeneA
-3.2727273,0.0,0.072291115041,ExampleGeneA
-3.0681818,0.0,0.097151404032,ExampleGeneA
-2.8636364,0.0,0.123988274702,ExampleGeneA
-2.6590909,0.0,0.150272542131,ExampleGeneA
-2.4545455,0.0,0.172960148428,ExampleGeneA
-2.25,0.0,0.189051411573,ExampleGeneA
-2.0454545,0.0,0.196237147952,ExampleGeneA
-1.8409091,0.0,0.193441635162,ExampleGeneA
-1.6363636,0.0,0.181086515547,ExampleGeneA
-1.4318182,0.0,0.160986598398,ExampleGeneA
-1.2272727,0.0,0.135912919055,ExampleGeneA
-1.0227273,0.0,0.108968063355,ExampleGeneA
-0.8181818,0.0,0.082966946588,ExampleGeneA
-0.6136364,0.0,0.059989947246,ExampleGeneA
-0.4090909,0.0,0.041192600823,ExampleGeneA
-0.2045455,0.0,0.026861327181,ExampleGeneA
0.0,0.0,0.016634243656,ExampleGeneA
0.2045455,0.0,0.009782414807,ExampleGeneA
0.4090909,0.0,0.005463320053,ExampleGeneA
0.6136364,0.0,0.002897573876,ExampleGeneA
0.8181818,0.0,0.001459418902,ExampleGeneA
1.0227273,0.0,0.000698059914,ExampleGeneA
1.2272727,0.0,0.000317083052,ExampleGeneA
1.4318182,0.0,0.000136779377,ExampleGeneA
1.6363636,0.0,5.6031962e-05,ExampleGeneA
1.8409091,0.0,2.1798082e-05,ExampleGeneA
2.0454545,0.0,8.053198e-06,ExampleGeneA
2.25,0.0,2.825437e-06,ExampleGeneA
2.4545455,0.0,9.41392e-07,ExampleGeneA
2.6590909,0.0,2.97867e-07,ExampleGeneA
2.8636364,0.0,8.9504e-08,ExampleGeneA
3.0681818,0.0,2.5541e-08,ExampleGeneA
3.2727273,0.0,6.921e-09,ExampleGeneA
3.4772727,0.0,1.781e-09,ExampleGeneA
3.6818182,0.0,4.35e-10,ExampleGeneA
3.8863636,0.0,1.01e-10,ExampleGeneA
4.0909091,0.0,2.2e-11,ExampleGeneA
4.2954545,0.0,5e-12,ExampleGeneA
4.5,0.0,1e-12,ExampleGeneA
-4.5,0.2045455,0.004042034259,ExampleGeneA
-4.2954545,0.2045455,0.007405588431,ExampleGeneA
-4.0909091,0.2045455,0.01288506062,ExampleGeneA
-3.8863636,0.2045455,0.021290257141,ExampleGeneA
-3.6818182,0.2045455,0.033407400316,ExampleGeneA
-3.4772727,0.2045455,0.049781958738,ExampleGeneA
-3.2727273,0.2045455,0.070447994693,ExampleGeneA
-3.0681818,0.2045455,0.094674450544,ExampleGeneA
-2.8636364,0.2045455,0.120827093528,ExampleGeneA
-2.6590909,0.2045455,0.146441222336,ExampleGeneA
-2.4545455,0.2045455,0.168550389792,ExampleGeneA
-2.25,0.2045455,0.18423139319,ExampleGeneA
-2.0454545,0.2045455,0.191233923419,ExampleGeneA
-1.8409091,0.2045455,0.188509684484,ExampleGeneA
-1.6363636,0.2045455,0.17646956862,ExampleGeneA
-1.4318182,0.2045455,0.156882115088,ExampleGeneA
-1.2272727,0.2045455,0.132447709444,ExampleGeneA
-1.0227273,0.2045455,0.106189834596,ExampleGeneA
-0.8181818,0.2045455,0.080851637295,ExampleGeneA
-0.6136364,0.2045455,0.058460455103,ExampleGeneA
-0.4090909,0.2045455,0.040142362205,ExampleGeneA
-0.2045455,0.2045455,0.026176475956,ExampleGeneA
0.0,0.2045455,0.016210140183,ExampleGeneA
0.2045455,0.2045455,0.009533004243,ExampleGeneA
0.4090909,0.2045455,0.005324028297,ExampleGeneA
0.6136364,0.2045455,0.002823697891,ExampleGeneA
0.8181818,0.2045455,0.001422209838,ExampleGeneA
1.0227273,0.2045455,0.000680262313,ExampleGeneA
1.2272727,0.2045455,0.000308998763,ExampleGeneA
1.4318182,0.2045455,0.000133292076,ExampleGeneA
1.6363636,0.2045455,5.4603382e-05,ExampleGeneA
1.8409091,0.2045455,2.1242322e-05,ExampleGeneA
2.0454545,0.2045455,7.847875e-06,ExampleGeneA
2.25,0.2045455,2.753401e-06,ExampleGeneA
2.4545455,0.2045455,9.1739e-07,ExampleGeneA
2.6590909,0.2045455,2.90273e-07,ExampleGeneA
2.8636364,0.2045455,8.7222e-08,ExampleGeneA
3.0681818,0.2045455,2.4889e-08,ExampleGeneA
3.2727273,0.2045455,6.745e-09,ExampleGeneA
3.4772727,0.2045455,1.736e-09,ExampleGeneA
3.6818182,0.2045455,4.24e-10,ExampleGeneA
3.8863636,0.2045455,9.8e-11,ExampleGeneA
4.0909091,0.2045455,2.2e-11,ExampleGeneA
4.2954545,0.2045455,5e-12,ExampleGeneA
4.5,0.2045455,1e-12,ExampleGeneA
-4.5,0.4090909,0.003740685083,ExampleGeneA
-4.2954545,0.4090909,0.006853473375,ExampleGeneA
-4.0909091,0.4090909,0.011924429871,ExampleGeneA
-3.8863636,0.4090909,0.019702986714,ExampleGeneA
-3.6818182,0.4090909,0.030916750333,ExampleGeneA
-3.4772727,0.4090909,0.046070522544,ExampleGeneA
-3.2727273,0.4090909,0.065195826158,ExampleGeneA
-3.0681818,0.4090909,0.087616106693,ExampleGeneA
-2.8636364,0.4090909,0.111818969712,ExampleGeneA
-2.6590909,0.4090909,0.135523466856,ExampleGeneA
-2.4545455,0.4090909,0.155984310976,ExampleGeneA
-2.25,0.4090909,0.170496235354,ExampleGeneA
-2.0454545,0.4090909,0.176976700062,ExampleGeneA
-1.8409091,0.4090909,0.174455563602,ExampleGeneA
-1.6363636,0.4090909,0.163313084611,ExampleGeneA
-1.4318182,0.4090909,0.145185950959,ExampleGeneA
-1.2272727,0.4090909,0.122573224087,ExampleGeneA
-1.0227273,0.4090909,0.098272974643,ExampleGeneA
-0.8181818,0.4090909,0.074823837253,ExampleGeneA
-0.6136364,0.4090909,0.054102003679,ExampleGeneA
-0.4090909,0.4090909,0.03714959495,ExampleGeneA
-0.2045455,0.4090909,0.024224919152,ExampleGeneA
0.0,0.4090909,0.015001611983,ExampleGeneA
0.2045455,0.4090909,0.008822282169,ExampleGeneA
0.4090909,0.4090909,0.004927101542,ExampleGeneA
0.6136364,0.4090909,0.002613180369,ExampleGeneA
0.8181818,0.4090909,0.001316178634,ExampleGeneA
1.0227273,0.4090909,0.000629546146,ExampleGeneA
1.2272727,0.4090909,0.000285961719,ExampleGeneA
1.4318182,0.4090909,0.00012335464,ExampleGeneA
1.6363636,0.4090909,5.053249e-05,ExampleGeneA
1.8409091,0.4090909,1.9658626e-05,ExampleGeneA
2.0454545,0.4090909,7.262786e-06,ExampleGeneA
2.25,0.4090909,2.548124e-06,ExampleGeneA
2.4545455,0.4090909,8.48995e-07,ExampleGeneA
2.6590909,0.4090909,2.68632e-07,ExampleGeneA
2.8636364,0.4090909,8.0719e-08,ExampleGeneA
3.0681818,0.4090909,2.3034e-08,ExampleGeneA
3.2727273,0.4090909,6.242e-09,ExampleGeneA
3.4772727,0.4090909,1.606e-09,ExampleGeneA
3.6818182,0.4090909,3.93e-10,ExampleGeneA
3.8863636,0.4090909,9.1e-11,ExampleGeneA
4.0909091,0.4090909,2e-11,ExampleGeneA
4.2954545,0.4090909,4e-12,ExampleGeneA
4.5,0.4090909,1e-12,ExampleGeneA
-4.5,0.6136364,0.003287529952,ExampleGeneA
-4.2954545,0.6136364,0.006023227964,ExampleGeneA
-4.0909091,0.6136364,0.010479877213,ExampleGeneA
-3.8863636,0.6136364,0.017316121922,ExampleGeneA
-3.6818182,0.6136364,0.027171424615,ExampleGeneA
-3.4772727,0.6136364,0.040489434265,ExampleGeneA
-3.2727273,0.6136364,0.057297854937,ExampleGeneA
-3.0681818,0.6136364,0.077002091502,ExampleGeneA
-2.8636364,0.6136364,0.098272964441,ExampleGeneA
-2.6590909,0.6136364,0.119105844684,ExampleGeneA
-2.4545455,0.6136364,0.137088015435,ExampleGeneA
-2.25,0.6136364,0.149841932164,ExampleGeneA
-2.0454545,0.6136364,0.155537338583,ExampleGeneA
-1.8409091,0.6136364,0.153321618349,ExampleGeneA
-1.6363636,0.6136364,0.143528964701,ExampleGeneA
-1.4318182,0.6136364,0.127597793403,ExampleGeneA
-1.2272727,0.6136364,0.107724423889,ExampleGeneA
-1.0227273,0.6136364,0.08636796214,ExampleGeneA
-0.8181818,0.6136364,0.065759506787,ExampleGeneA
-0.6136364,0.6136364,0.04754796344,ExampleGeneA
-0.4090909,0.6136364,0.032649208206,ExampleGeneA
-0.2045455,0.6136364,0.021290257141,ExampleGeneA
0.0,0.6136364,0.013184282459,ExampleGeneA
0.2045455,0.6136364,0.007753530766,ExampleGeneA
0.4090909,0.6136364,0.004330221213,ExampleGeneA
0.6136364,0.6136364,0.002296613734,ExampleGeneA
0.8181818,0.6136364,0.001156733749,ExampleGeneA
1.0227273,0.6136364,0.000553281488,ExampleGeneA
1.2272727,0.6136364,0.000251319663,ExampleGeneA
1.4318182,0.6136364,0.000108411177,ExampleGeneA
1.6363636,0.6136364,4.4410869e-05,ExampleGeneA
1.8409091,0.6136364,1.7277135e-05,ExampleGeneA
2.0454545,0.6136364,6.382955e-06,ExampleGeneA
2.25,0.6136364,2.239438e-06,ExampleGeneA
2.4545455,0.6136364,7.46146e-07,ExampleGeneA
2.6590909,0.6136364,2.36089e-07,ExampleGeneA
2.8636364,0.6136364,7.0941e-08,ExampleGeneA
3.0681818,0.6136364,2.0243e-08,ExampleGeneA
3.2727273,0.6136364,5.486e-09,ExampleGeneA
3.4772727,0.6136364,1.412e-09,ExampleGeneA
3.6818182,0.6136364,3.45e-10,ExampleGeneA
3.8863636,0.6136364,8e-11,ExampleGeneA
4.0909091,0.6136364,1.8e-11,ExampleGeneA
4.2954545,0.6136364,4e-12,ExampleGeneA
4.5,0.6136364,1e-12,ExampleGeneA
-4.5,0.8181818,0.002743820879,ExampleGeneA
-4.2954545,0.8181818,0.005027074699,ExampleGeneA
-4.0909091,0.8181818,0.008746659748,ExampleGeneA
-3.8863636,0.8181818,0.014452290188,ExampleGeneA
-3.6818182,0.8181818,0.022677670851,ExampleGeneA
-3.4772727,0.8181818,0.033793077698,ExampleGeneA
-3.2727273,0.8181818,0.047821632951,ExampleGeneA
-3.0681818,0.8181818,0.064267078765,ExampleGeneA
-2.8636364,0.8181818,0.08202006235,ExampleGeneA
-2.6590909,0.8181818,0.099407490787,ExampleGeneA
-2.4545455,0.8181818,0.11441567513,ExampleGeneA
-2.25,0.8181818,0.125060281724,ExampleGeneA
-2.0454545,0.8181818,0.129813751737,ExampleGeneA
-1.8409091,0.8181818,0.127964479022,ExampleGeneA
-1.6363636,0.8181818,0.119791386175,ExampleGeneA
-1.4318182,0.8181818,0.106494996159,ExampleGeneA
-1.2272727,0.8181818,0.089908389498,ExampleGeneA
-1.0227273,0.8181818,0.072083972231,ExampleGeneA
-0.8181818,0.8181818,0.05488385211,ExampleGeneA
-0.6136364,0.8181818,0.039684230024,ExampleGeneA
-0.4090909,0.8181818,0.027249509649,ExampleGeneA
-0.2045455,0.8181818,0.017769161927,ExampleGeneA
0.0,0.8181818,0.011003796166,ExampleGeneA
0.2045455,0.8181818,0.006471210881,ExampleGeneA
0.4090909,0.8181818,0.00361406635,ExampleGeneA
0.6136364,0.8181818,0.00191678762,ExampleGeneA
0.8181818,0.8181818,0.00096542701,ExampleGeneA
1.0227273,0.8181818,0.000461776872,ExampleGeneA
1.2272727,0.8181818,0.00020975509,ExampleGeneA
1.4318182,0.8181818,9.0481564e-05,ExampleGeneA
1.6363636,0.8181818,3.7065965e-05,ExampleGeneA
1.8409091,0.8181818,1.4419751e-05,ExampleGeneA
2.0454545,0.8181818,5.327309e-06,ExampleGeneA
2.25,0.8181818,1.869068e-06,ExampleGeneA
2.4545455,0.8181818,6.22744e-07,ExampleGeneA
2.6590909,0.8181818,1.97044e-07,ExampleGeneA
2.8636364,0.8181818,5.9208e-08,ExampleGeneA
3.0681818,0.8181818,1.6895e-08,ExampleGeneA
3.2727273,0.8181818,4.579e-09,ExampleGeneA
3.4772727,0.8181818,1.178e-09,ExampleGeneA
3.6818182,0.8181818,2.88e-10,ExampleGeneA
3.8863636,0.8181818,6.7e-11,ExampleGeneA
4.0909091,0.8181818,1.5e-11,ExampleGeneA
4.2954545,0.8181818,3e-12,ExampleGeneA
4.5,0.8181818,1e-12,ExampleGeneA
-4.5,1.0227273,0.002174749229,ExampleGeneA
-4.2954545,1.0227273,0.003984453545,ExampleGeneA
-4.0909091,1.0227273,0.006932592318,ExampleGeneA
-3.8863636,1.0227273,0.011454868351,ExampleGeneA
-3.6818182,1.0227273,0.017974295474,ExampleGeneA
-3.4772727,1.0227273,0.026784353981,ExampleGeneA
-3.2727273,1.0227273,0.037903370517,ExampleGeneA
-3.0681818,1.0227273,0.050938011694,ExampleGeneA
-2.8636364,1.0227273,0.065009005784,ExampleGeneA
-2.6590909,1.0227273,0.078790261289,ExampleGeneA
-2.4545455,1.0227273,0.0906857307,ExampleGeneA
-2.25,1.0227273,0.099122633474,ExampleGeneA
-2.0454545,1.0227273,0.102890228265,ExampleGeneA
-1.8409091,1.0227273,0.101424496867,ExampleGeneA
-1.6363636,1.0227273,0.094946513006,ExampleGeneA
-1.4318182,1.0227273,0.084407809783,ExampleGeneA
-1.2272727,1.0227273,0.071261284683,ExampleGeneA
-1.0227273,1.0227273,0.05713367234,ExampleGeneA
-0.8181818,1.0227273,0.043500877188,ExampleGeneA
-0.6136364,1.0227273,0.031453674445,ExampleGeneA
-0.4090909,1.0227273,0.021597929575,ExampleGeneA
-0.2045455,1.0227273,0.014083817025,ExampleGeneA
0.0,1.0227273,0.008721596011,ExampleGeneA
0.2045455,1.0227273,0.005129074199,ExampleGeneA
0.4090909,1.0227273,0.002864504775,ExampleGeneA
0.6136364,1.0227273,0.001519243633,ExampleGeneA
0.8181818,1.0227273,0.000765196322,ExampleGeneA
1.0227273,1.0227273,0.000366003811,ExampleGeneA
1.2272727,1.0227273,0.00016625164,ExampleGeneA
1.4318182,1.0227273,7.1715582e-05,ExampleGeneA
1.6363636,1.0227273,2.9378441e-05,ExampleGeneA
1.8409091,1.0227273,1.1429078e-05,ExampleGeneA
2.0454545,1.0227273,4.222419e-06,ExampleGeneA
2.25,1.0227273,1.481421e-06,ExampleGeneA
2.4545455,1.0227273,4.93587e-07,ExampleGeneA
2.6590909,1.0227273,1.56177e-07,ExampleGeneA
2.8636364,1.0227273,4.6928e-08,ExampleGeneA
3.0681818,1.0227273,1.3391e-08,ExampleGeneA
3.2727273,1.0227273,3.629e-09,ExampleGeneA
3.4772727,1.0227273,9.34e-10,ExampleGeneA
3.6818182,1.0227273,2.28e-10,ExampleGeneA
3.8863636,1.0227273,5.3e-11,ExampleGeneA
4.0909091,1.0227273,1.2e-11,ExampleGeneA
4.2954545,1.0227273,2e-12,ExampleGeneA
4.5,1.0227273,0.0,ExampleGeneA
-4.5,1.2272727,0.001636929986,ExampleGeneA
-4.2954545,1.2272727,0.002999091296,ExampleGeneA
-4.0909091,1.2272727,0.005218150255,ExampleGeneA
-3.8863636,1.2272727,0.008622059608,ExampleGeneA
-3.6818182,1.2272727,0.013529221135,ExampleGeneA
-3.4772727,1.2272727,0.020160536945,ExampleGeneA
-3.2727273,1.2272727,0.028529801472,ExampleGeneA
-3.0681818,1.2272727,0.038340953356,ExampleGeneA
-2.8636364,1.2272727,0.048932166286,ExampleGeneA
-2.6590909,1.2272727,0.059305293484,ExampleGeneA
-2.4545455,1.2272727,0.068258992748,ExampleGeneA
-2.25,1.2272727,0.074609434883,ExampleGeneA
-2.0454545,1.2272727,0.07744529697,ExampleGeneA
-1.8409091,1.2272727,0.07634204348,ExampleGeneA
-1.6363636,1.2272727,0.071466076225,ExampleGeneA
-1.4318182,1.2272727,0.063533612526,ExampleGeneA
-1.2272727,1.2272727,0.053638245807,ExampleGeneA
-1.0227273,1.2272727,0.043004416416,ExampleGeneA
-0.8181818,1.2272727,0.032743035069,ExampleGeneA
-0.6136364,1.2272727,0.023675126387,ExampleGeneA
-0.4090909,1.2272727,0.016256724259,ExampleGeneA
-0.2045455,1.2272727,0.010600864731,ExampleGeneA
0.0,1.2272727,0.006564730242,ExampleGeneA
0.2045455,1.2272727,0.003860645284,ExampleGeneA
0.4090909,1.2272727,0.002156107793,ExampleGeneA
0.6136364,1.2272727,0.001143532056,ExampleGeneA
0.8181818,1.2272727,0.000575961949,ExampleGeneA
1.0227273,1.2272727,0.000275490436,ExampleGeneA
1.2272727,1.2272727,0.000125137322,ExampleGeneA
1.4318182,1.2272727,5.3980195e-05,ExampleGeneA
1.6363636,1.2272727,2.2113101e-05,ExampleGeneA
1.8409091,1.2272727,8.602647e-06,ExampleGeneA
2.0454545,1.2272727,3.178207e-06,ExampleGeneA
2.25,1.2272727,1.115063e-06,ExampleGeneA
2.4545455,1.2272727,3.71522e-07,ExampleGeneA
2.6590909,1.2272727,1.17554e-07,ExampleGeneA
2.8636364,1.2272727,3.5323e-08,ExampleGeneA
3.0681818,1.2272727,1.008e-08,ExampleGeneA
3.2727273,1.2272727,2.731e-09,ExampleGeneA
3.4772727,1.2272727,7.03e-10,ExampleGeneA
3.6818182,1.2272727,1.72e-10,ExampleGeneA
3.8863636,1.2272727,4e-11,ExampleGeneA
4.0909091,1.2272727,9e-12,ExampleGeneA
4.2954545,1.2272727,2e-12,ExampleGeneA
4.5,1.2272727,0.0,ExampleGeneA
-4.5,1.4318182,0.001170087641,ExampleGeneA
-4.2954545,1.4318182,0.002143768939,ExampleGeneA
-4.0909091,1.4318182,0.003729965956,ExampleGeneA
-3.8863636,1.4318182,0.006163101337,ExampleGeneA
-3.6818182,1.4318182,0.009670770635,ExampleGeneA
-3.4772727,1.4318182,0.014410876038,ExampleGeneA
-3.2727273,1.4318182,0.020393277894,ExampleGeneA
-3.0681818,1.4318182,0.027406349716,ExampleGeneA
-2.8636364,1.4318182,0.034977013982,ExampleGeneA
-2.6590909,1.4318182,0.042391789223,ExampleGeneA
-2.4545455,1.4318182,0.048791948629,ExampleGeneA
-2.25,1.4318182,0.053331283799,ExampleGeneA
-2.0454545,1.4318182,0.055358375493,ExampleGeneA
-1.8409091,1.4318182,0.054569763101,ExampleGeneA
-1.6363636,1.4318182,0.051084391661,ExampleGeneA
-1.4318182,1.4318182,0.045414217729,ExampleGeneA
-1.2272727,1.4318182,0.038340948622,ExampleGeneA
-1.0227273,1.4318182,0.030739821848,ExampleGeneA
-0.8181818,1.4318182,0.02340492323,ExampleGeneA
-0.6136364,1.4318182,0.016923126228,ExampleGeneA
-0.4090909,1.4318182,0.011620406675,ExampleGeneA
-0.2045455,1.4318182,0.007577563432,ExampleGeneA
0.0,1.4318182,0.004692509629,ExampleGeneA
0.2045455,1.4318182,0.002759613039,ExampleGeneA
0.4090909,1.4318182,0.001541199136,ExampleGeneA
0.6136364,1.4318182,0.00081740376,ExampleGeneA
0.8181818,1.4318182,0.00041170115,ExampleGeneA
1.0227273,1.4318182,0.000196922261,ExampleGeneA
1.2272727,1.4318182,8.9448929e-05,ExampleGeneA
1.4318182,1.4318182,3.8585376e-05,ExampleGeneA
1.6363636,1.4318182,1.5806581e-05,ExampleGeneA
1.8409091,1.4318182,6.149225e-06,ExampleGeneA
2.0454545,1.4318182,2.271802e-06,ExampleGeneA
2.25,1.4318182,7.97054e-07,ExampleGeneA
2.4545455,1.4318182,2.65566e-07,ExampleGeneA
2.6590909,1.4318182,8.4028e-08,ExampleGeneA
2.8636364,1.4318182,2.5249e-08,ExampleGeneA
3.0681818,1.4318182,7.205e-09,ExampleGeneA
3.2727273,1.4318182,1.952e-09,ExampleGeneA
3.4772727,1.4318182,5.02e-10,ExampleGeneA
3.6818182,1.4318182,1.23e-10,ExampleGeneA
3.8863636,1.4318182,2.9e-11,ExampleGeneA
4.0909091,1.4318182,6e-12,ExampleGeneA
4.2954545,1.4318182,1e-12,ExampleGeneA
4.5,1.4318182,0.0,ExampleGeneA
-4.5,1.6363636,0.000794281032,ExampleGeneA
-4.2954545,1.6363636,0.001455237151,ExampleGeneA
-4.0909091,1.6363636,0.002531982311,ExampleGeneA
-3.8863636,1.6363636,0.004183647719,ExampleGeneA
-3.6818182,1.6363636,0.006564730205,ExampleGeneA
-3.4772727,1.6363636,0.009782417223,ExampleGeneA
-3.2727273,1.6363636,0.013843402189,ExampleGeneA
-3.0681818,1.6363636,0.018604028428,ExampleGeneA
-2.8636364,1.6363636,0.023743160588,ExampleGeneA
-2.6590909,1.6363636,0.028776471875,ExampleGeneA
-2.4545455,1.6363636,0.033121039786,ExampleGeneA
-2.25,1.6363636,0.036202439587,ExampleGeneA
-2.0454545,1.6363636,0.037578473677,ExampleGeneA
-1.8409091,1.6363636,0.03704314637,ExampleGeneA
-1.6363636,1.6363636,0.034677200157,ExampleGeneA
-1.4318182,1.6363636,0.03082816232,ExampleGeneA
-1.2272727,1.6363636,0.026026672851,ExampleGeneA
-1.0227273,1.6363636,0.020866862075,ExampleGeneA
-0.8181818,1.6363636,0.015887772784,ExampleGeneA
-0.6136364,1.6363636,0.011487787491,ExampleGeneA
-0.4090909,1.6363636,0.007888185707,ExampleGeneA
-0.2045455,1.6363636,0.005143815465,ExampleGeneA
0.0,1.6363636,0.003185377967,ExampleGeneA
0.2045455,1.6363636,0.001873285569,ExampleGeneA
0.4090909,1.6363636,0.001046199616,ExampleGeneA
0.6136364,1.6363636,0.000554871515,ExampleGeneA
0.8181818,1.6363636,0.000279471728,ExampleGeneA
1.0227273,1.6363636,0.000133675129,ExampleGeneA
1.2272727,1.6363636,6.0719885e-05,ExampleGeneA
1.4318182,1.6363636,2.6192595e-05,ExampleGeneA
1.6363636,1.6363636,1.0729852e-05,ExampleGeneA
1.8409091,1.6363636,4.174228e-06,ExampleGeneA
2.0454545,1.6363636,1.542149e-06,ExampleGeneA
2.25,1.6363636,5.41058e-07,ExampleGeneA
2.4545455,1.6363636,1.80272e-07,ExampleGeneA
2.6590909,1.6363636,5.704e-08,ExampleGeneA
2.8636364,1.6363636,1.714e-08,ExampleGeneA
3.0681818,1.6363636,4.891e-09,ExampleGeneA
3.2727273,1.6363636,1.325e-09,ExampleGeneA
3.4772727,1.6363636,3.41e-10,ExampleGeneA
3.6818182,1.6363636,8.3e-11,ExampleGeneA
3.8863636,1.6363636,1.9e-11,ExampleGeneA
4.0909091,1.6363636,4e-12,ExampleGeneA
4.2954545,1.6363636,1e-12,ExampleGeneA
4.5,1.6363636,0.0,ExampleGeneA
-4.5,1.8409091,0.000512032276,ExampleGeneA
-4.2954545,1.8409091,0.000938116814,ExampleGeneA
-4.0909091,1.8409091,0.001632239237,ExampleGeneA
-3.8863636,1.8409091,0.002696983281,ExampleGeneA
-3.6818182,1.8409091,0.004231945135,ExampleGeneA
-3.4772727,1.8409091,0.006306223055,ExampleGeneA
-3.2727273,1.8409091,0.008924131946,ExampleGeneA
-3.0681818,1.8409091,0.01199306371,ExampleGeneA
-2.8636364,1.8409091,0.015305998844,ExampleGeneA
-2.6590909,1.8409091,0.018550716684,ExampleGeneA
-2.4545455,1.8409091,0.021351436967,ExampleGeneA
-2.25,1.8409091,0.023337857503,ExampleGeneA
-2.0454545,1.8409091,0.024224916162,ExampleGeneA
-1.8409091,1.8409091,0.023879818082,ExampleGeneA
-1.6363636,1.8409091,0.022354613807,ExampleGeneA
-1.4318182,1.8409091,0.019873336369,ExampleGeneA
-1.2272727,1.8409091,0.016778062175,ExampleGeneA
-1.0227273,1.8409091,0.013451796597,ExampleGeneA
-0.8181818,1.8409091,0.010242032899,ExampleGeneA
-0.6136364,1.8409091,0.00740558787,ExampleGeneA
-0.4090909,1.8409091,0.005085109072,ExampleGeneA
-0.2045455,1.8409091,0.00331595422,ExampleGeneA
0.0,1.8409091,0.002053449931,ExampleGeneA
0.2045455,1.8409091,0.001207611204,ExampleGeneA
0.4090909,1.8409091,0.000674431277,ExampleGeneA
0.6136364,1.8409091,0.00035769723,ExampleGeneA
0.8181818,1.8409091,0.000180161101,ExampleGeneA
1.0227273,1.8409091,8.6173505e-05,ExampleGeneA
1.2272727,1.8409091,3.9142998e-05,ExampleGeneA
1.4318182,1.8409091,1.6885024e-05,ExampleGeneA
1.6363636,1.8409091,6.916986e-06,ExampleGeneA
1.8409091,1.8409091,2.690911e-06,ExampleGeneA
2.0454545,1.8409091,9.94144e-07,ExampleGeneA
2.25,1.8409091,3.48792e-07,ExampleGeneA
2.4545455,1.8409091,1.16212e-07,ExampleGeneA
2.6590909,1.8409091,3.6771e-08,ExampleGeneA
2.8636364,1.8409091,1.1049e-08,ExampleGeneA
3.0681818,1.8409091,3.153e-09,ExampleGeneA
3.2727273,1.8409091,8.54e-10,ExampleGeneA
3.4772727,1.8409091,2.2e-10,ExampleGeneA
3.6818182,1.8409091,5.4e-11,ExampleGeneA
3.8863636,1.8409091,1.2e-11,ExampleGeneA
4.0909091,1.8409091,3e-12,ExampleGeneA
4.2954545,1.8409091,1e-12,ExampleGeneA
4.5,1.8409091,0.0,ExampleGeneA
-4.5,2.0454545,0.00031346425,ExampleGeneA
-4.2954545,2.0454545,0.000574311615,ExampleGeneA
-4.0909091,2.0454545,0.000999250774,ExampleGeneA
-3.8863636,2.0454545,0.001651083107,ExampleGeneA
-3.6818182,2.0454545,0.00259078103,ExampleGeneA
-3.4772727,2.0454545,0.003860646237,ExampleGeneA
-3.2727273,2.0454545,0.005463320298,ExampleGeneA
-3.0681818,2.0454545,0.007342108879,ExampleGeneA
-2.8636364,2.0454545,0.009370275414,ExampleGeneA
-2.6590909,2.0454545,0.011356679575,ExampleGeneA
-2.4545455,2.0454545,0.013071270088,ExampleGeneA
-2.25,2.0454545,0.014287349333,ExampleGeneA
-2.0454545,2.0454545,0.014830403336,ExampleGeneA
-1.8409091,2.0454545,0.014619135578,ExampleGeneA
-1.6363636,2.0454545,0.013685411209,ExampleGeneA
-1.4318182,2.0454545,0.012166382414,ExampleGeneA
-1.2272727,2.0454545,0.010271467096,ExampleGeneA
-1.0227273,2.0454545,0.008235139713,ExampleGeneA
-0.8181818,2.0454545,0.006270134346,ExampleGeneA
-0.6136364,2.0454545,0.004533673278,ExampleGeneA
-0.4090909,2.0454545,0.003113084811,ExampleGeneA
-0.2045455,2.0454545,0.002030014808,ExampleGeneA
0.0,2.0454545,0.00125711439,ExampleGeneA
0.2045455,2.0454545,0.000739295076,ExampleGeneA
0.4090909,2.0454545,0.000412884313,ExampleGeneA
0.6136364,2.0454545,0.00021898091,ExampleGeneA
0.8181818,2.0454545,0.000110293954,ExampleGeneA
1.0227273,2.0454545,5.2755099e-05,ExampleGeneA
1.2272727,2.0454545,2.3963198e-05,ExampleGeneA
1.4318182,2.0454545,1.0336949e-05,ExampleGeneA
1.6363636,2.0454545,4.234553e-06,ExampleGeneA
1.8409091,2.0454545,1.647366e-06,ExampleGeneA
2.0454545,2.0454545,6.08611e-07,ExampleGeneA
2.25,2.0454545,2.13529e-07,ExampleGeneA
2.4545455,2.0454545,7.1145e-08,ExampleGeneA
2.6590909,2.0454545,2.2511e-08,ExampleGeneA
2.8636364,2.0454545,6.764e-09,ExampleGeneA
3.0681818,2.0454545,1.93e-09,ExampleGeneA
3.2727273,2.0454545,5.23e-10,ExampleGeneA
3.4772727,2.0454545,1.35e-10,ExampleGeneA
3.6818182,2.0454545,3.3e-11,ExampleGeneA
3.8863636,2.0454545,8e-12,ExampleGeneA
4.0909091,2.0454545,2e-12,ExampleGeneA
4.2954545,2.0454545,0.0,ExampleGeneA
4.5,2.0454545,0.0,ExampleGeneA
-4.5,2.25,0.000182240972,ExampleGeneA
-4.2954545,2.25,0.000333891685,ExampleGeneA
-4.0909091,2.25,0.000580941629,ExampleGeneA
-3.8863636,2.25,0.000959902094,ExampleGeneA
-3.6818182,2.25,0.001506221052,ExampleGeneA
-3.4772727,2.25,0.002244491746,ExampleGeneA
-3.2727273,2.25,0.003176249923,ExampleGeneA
-3.0681818,2.25,0.00426853479,ExampleGeneA
-2.8636364,2.25,0.005447664596,ExampleGeneA
-2.6590909,2.25,0.006602514709,ExampleGeneA
-2.4545455,2.25,0.007599338561,ExampleGeneA
-2.25,2.25,0.008306339322,ExampleGeneA
-2.0454545,2.25,0.008622058544,ExampleGeneA
-1.8409091,2.25,0.008499232284,ExampleGeneA
-1.6363636,2.25,0.007956386214,ExampleGeneA
-1.4318182,2.25,0.007073257488,ExampleGeneA
-1.2272727,2.25,0.005971596903,ExampleGeneA
-1.0227273,2.25,0.004787722567,ExampleGeneA
-0.8181818,2.25,0.003645313225,ExampleGeneA
-0.6136364,2.25,0.00263577433,ExampleGeneA
-0.4090909,2.25,0.001809876568,ExampleGeneA
-0.2045455,2.25,0.001180204349,ExampleGeneA
0.0,2.25,0.000730857659,ExampleGeneA
0.2045455,2.25,0.00042980931,ExampleGeneA
0.4090909,2.25,0.000240041531,ExampleGeneA
0.6136364,2.25,0.000127310511,ExampleGeneA
0.8181818,2.25,6.4122391e-05,ExampleGeneA
1.0227273,2.25,3.0670612e-05,ExampleGeneA
1.2272727,2.25,1.3931657e-05,ExampleGeneA
1.4318182,2.25,6.009666e-06,ExampleGeneA
1.6363636,2.25,2.461873e-06,ExampleGeneA
1.8409091,2.25,9.57741e-07,ExampleGeneA
2.0454545,2.25,3.53833e-07,ExampleGeneA
2.25,2.25,1.24141e-07,ExampleGeneA
2.4545455,2.25,4.1362e-08,ExampleGeneA
2.6590909,2.25,1.3087e-08,ExampleGeneA
2.8636364,2.25,3.933e-09,ExampleGeneA
3.0681818,2.25,1.122e-09,ExampleGeneA
3.2727273,2.25,3.04e-10,ExampleGeneA
3.4772727,2.25,7.8e-11,ExampleGeneA
3.6818182,2.25,1.9e-11,ExampleGeneA
3.8863636,2.25,4e-12,ExampleGeneA
4.0909091,2.25,1e-12,ExampleGeneA
4.2954545,2.25,0.0,ExampleGeneA
4.5,2.25,0.0,ExampleGeneA
-4.5,2.4545455,0.00010061702,ExampleGeneA
-4.2954545,2.4545455,0.00018434486,ExampleGeneA
-4.0909091,2.4545455,0.000320743547,ExampleGeneA
-3.8863636,2.4545455,0.00052997132,ExampleGeneA
-3.6818182,2.4545455,0.000831599352,ExampleGeneA
-3.4772727,2.4545455,0.001239205811,ExampleGeneA
-3.2727273,2.4545455,0.0017536386,ExampleGeneA
-3.0681818,2.4545455,0.002356699742,ExampleGeneA
-2.8636364,2.4545455,0.003007708822,ExampleGeneA
-2.6590909,2.4545455,0.003645312847,ExampleGeneA
-2.4545455,2.4545455,0.00419566903,ExampleGeneA
-2.25,2.4545455,0.004586011054,ExampleGeneA
-2.0454545,2.4545455,0.00476032272,ExampleGeneA
-1.8409091,2.4545455,0.004692509142,ExampleGeneA
-1.6363636,2.4545455,0.004392798525,ExampleGeneA
-1.4318182,2.4545455,0.003905214532,ExampleGeneA
-1.2272727,2.4545455,0.003296976965,ExampleGeneA
-1.0227273,2.4545455,0.002643348383,ExampleGeneA
-0.8181818,2.4545455,0.002012613029,ExampleGeneA
-0.6136364,2.4545455,0.001455236747,ExampleGeneA
-0.4090909,2.4545455,0.000999250527,ExampleGeneA
-0.2045455,2.4545455,0.000651602346,ExampleGeneA
0.0,2.4545455,0.000403513651,ExampleGeneA
0.2045455,2.4545455,0.000237301917,ExampleGeneA
0.4090909,2.4545455,0.000132529273,ExampleGeneA
0.6136364,2.4545455,7.0289376e-05,ExampleGeneA
0.8181818,2.4545455,3.5402598e-05,ExampleGeneA
1.0227273,2.4545455,1.6933544e-05,ExampleGeneA
1.2272727,2.4545455,7.691804e-06,ExampleGeneA
1.4318182,2.4545455,3.317996e-06,ExampleGeneA
1.6363636,2.4545455,1.359224e-06,ExampleGeneA
1.8409091,2.4545455,5.28778e-07,ExampleGeneA
2.0454545,2.4545455,1.95355e-07,ExampleGeneA
2.25,2.4545455,6.8539e-08,ExampleGeneA
2.4545455,2.4545455,2.2836e-08,ExampleGeneA
2.6590909,2.4545455,7.226e-09,ExampleGeneA
2.8636364,2.4545455,2.171e-09,ExampleGeneA
3.0681818,2.4545455,6.2e-10,ExampleGeneA
3.2727273,2.4545455,1.68e-10,ExampleGeneA
3.4772727,2.4545455,4.3e-11,ExampleGeneA
3.6818182,2.4545455,1.1e-11,ExampleGeneA
3.8863636,2.4545455,2e-12,ExampleGeneA
4.0909091,2.4545455,1e-12,ExampleGeneA
4.2954545,2.4545455,0.0,ExampleGeneA
4.5,2.4545455,0.0,ExampleGeneA
-4.5,2.6590909,5.2755099e-05,ExampleGeneA
-4.2954545,2.6590909,9.6654934e-05,ExampleGeneA
-4.0909091,2.6590909,0.000168170929,ExampleGeneA
-3.8863636,2.6590909,0.000277872368,ExampleGeneA
-3.6818182,2.6590909,0.000436020729,ExampleGeneA
-3.4772727,2.6590909,0.000649735261,ExampleGeneA
-3.2727273,2.6590909,0.000919460531,ExampleGeneA
-3.0681818,2.6590909,0.001235655052,ExampleGeneA
-2.8636364,2.6590909,0.001576989438,ExampleGeneA
-2.6590909,2.6590909,0.001911295341,ExampleGeneA
-2.4545455,2.6590909,0.002199855817,ExampleGeneA
-2.25,2.6590909,0.002404518331,ExampleGeneA
-2.0454545,2.6590909,0.002495912702,ExampleGeneA
-1.8409091,2.6590909,0.002460356968,ExampleGeneA
-1.6363636,2.6590909,0.002303213938,ExampleGeneA
-1.4318182,2.6590909,0.002047565917,ExampleGeneA
-1.2272727,2.6590909,0.001728657314,ExampleGeneA
-1.0227273,2.6590909,0.001385949481,ExampleGeneA
-0.8181818,2.6590909,0.001055244932,ExampleGeneA
-0.6136364,2.6590909,0.000763003707,ExampleGeneA
-0.4090909,2.6590909,0.0005239229,ExampleGeneA
-0.2045455,2.6590909,0.000341645445,ExampleGeneA
0.0,2.6590909,0.000211568607,ExampleGeneA
0.2045455,2.6590909,0.000124421159,ExampleGeneA
0.4090909,2.6590909,6.94872e-05,ExampleGeneA
0.6136364,2.6590909,3.6853835e-05,ExampleGeneA
0.8181818,2.6590909,1.8562144e-05,ExampleGeneA
1.0227273,2.6590909,8.878526e-06,ExampleGeneA
1.2272727,2.6590909,4.032935e-06,ExampleGeneA
1.4318182,2.6590909,1.739678e-06,ExampleGeneA
1.6363636,2.6590909,7.12663e-07,ExampleGeneA
1.8409091,2.6590909,2.77247e-07,ExampleGeneA
2.0454545,2.6590909,1.02427e-07,ExampleGeneA
2.25,2.6590909,3.5936e-08,ExampleGeneA
2.4545455,2.6590909,1.1973e-08,ExampleGeneA
2.6590909,2.6590909,3.789e-09,ExampleGeneA
2.8636364,2.6590909,1.138e-09,ExampleGeneA
3.0681818,2.6590909,3.25e-10,ExampleGeneA
3.2727273,2.6590909,8.8e-11,ExampleGeneA
3.4772727,2.6590909,2.3e-11,ExampleGeneA
3.6818182,2.6590909,6e-12,ExampleGeneA
3.8863636,2.6590909,1e-12,ExampleGeneA
4.0909091,2.6590909,0.0,ExampleGeneA
4.2954545,2.6590909,0.0,ExampleGeneA
4.5,2.6590909,0.0,ExampleGeneA
-4.5,2.8636364,2.6267862e-05,ExampleGeneA
-4.2954545,2.8636364,4.8126504e-05,ExampleGeneA
-4.0909091,2.8636364,8.3735807e-05,ExampleGeneA
-3.8863636,2.8636364,0.000138358438,ExampleGeneA
-3.6818182,2.8636364,0.0002171038,ExampleGeneA
-3.4772727,2.8636364,0.000323516715,ExampleGeneA
-3.2727273,2.8636364,0.000457818543,ExampleGeneA
-3.0681818,2.8636364,0.000615258379,ExampleGeneA
-2.8636364,2.8636364,0.000785215876,ExampleGeneA
-2.6590909,2.8636364,0.000951673746,ExampleGeneA
-2.4545455,2.8636364,0.001095354015,ExampleGeneA
-2.25,2.8636364,0.001197259742,ExampleGeneA
-2.0454545,2.8636364,0.001242766902,ExampleGeneA
-1.8409091,2.8636364,0.001225062962,ExampleGeneA
-1.6363636,2.8636364,0.001146818176,ExampleGeneA
-1.4318182,2.8636364,0.001019525703,ExampleGeneA
-1.2272727,2.8636364,0.000860734469,ExampleGeneA
-1.0227273,2.8636364,0.000690093104,ExampleGeneA
-0.8181818,2.8636364,0.000525428423,ExampleGeneA
-0.6136364,2.8636364,0.000379915432,ExampleGeneA
-0.4090909,2.8636364,0.000260872121,ExampleGeneA
-0.2045455,2.8636364,0.00017011238,ExampleGeneA
0.0,2.8636364,0.000105344415,ExampleGeneA
0.2045455,2.8636364,6.1951886e-05,ExampleGeneA
0.4090909,2.8636364,3.4599124e-05,ExampleGeneA
0.6136364,2.8636364,1.8350292e-05,ExampleGeneA
0.8181818,2.8636364,9.242478e-06,ExampleGeneA
1.0227273,2.8636364,4.420803e-06,ExampleGeneA
1.2272727,2.8636364,2.008082e-06,ExampleGeneA
1.4318182,2.8636364,8.66222e-07,ExampleGeneA
1.6363636,2.8636364,3.5485e-07,ExampleGeneA
1.8409091,2.8636364,1.38047e-07,ExampleGeneA
2.0454545,2.8636364,5.1001e-08,ExampleGeneA
2.25,2.8636364,1.7893e-08,ExampleGeneA
2.4545455,2.8636364,5.962e-09,ExampleGeneA
2.6590909,2.8636364,1.886e-09,ExampleGeneA
2.8636364,2.8636364,5.67e-10,ExampleGeneA
3.0681818,2.8636364,1.62e-10,ExampleGeneA
3.2727273,2.8636364,4.4e-11,ExampleGeneA
3.4772727,2.8636364,1.1e-11,ExampleGeneA
3.6818182,2.8636364,3e-12,ExampleGeneA
3.8863636,2.8636364,1e-12,ExampleGeneA
4.0909091,2.8636364,0.0,ExampleGeneA
4.2954545,2.8636364,0.0,ExampleGeneA
4.5,2.8636364,0.0,ExampleGeneA
-4.5,3.0681818,1.2420887e-05,ExampleGeneA
-4.2954545,3.0681818,2.2756852e-05,ExampleGeneA
-4.0909091,3.0681818,3.9594885e-05,ExampleGeneA
-3.8863636,3.0681818,6.5423463e-05,ExampleGeneA
-3.6818182,3.0681818,0.000102658591,ExampleGeneA
-3.4772727,3.0681818,0.000152976457,ExampleGeneA
-3.2727273,3.0681818,0.000216481732,ExampleGeneA
-3.0681818,3.0681818,0.000290927927,ExampleGeneA
-2.8636364,3.0681818,0.000371293159,ExampleGeneA
-2.6590909,3.0681818,0.000450003575,ExampleGeneA
-2.4545455,3.0681818,0.000517943492,ExampleGeneA
-2.25,3.0681818,0.000566130112,ExampleGeneA
-2.0454545,3.0681818,0.000587648395,ExampleGeneA
-1.8409091,3.0681818,0.000579277,ExampleGeneA
-1.6363636,3.0681818,0.000542278571,ExampleGeneA
-1.4318182,3.0681818,0.000482087704,ExampleGeneA
-1.2272727,3.0681818,0.000407002494,ExampleGeneA
-1.0227273,3.0681818,0.000326313892,ExampleGeneA
-0.8181818,3.0681818,0.000248451394,ExampleGeneA
-0.6136364,3.0681818,0.000179644866,ExampleGeneA
-0.4090909,3.0681818,0.000123354655,ExampleGeneA
-0.2045455,3.0681818,8.0438469e-05,ExampleGeneA
0.0,3.0681818,4.9812621e-05,ExampleGeneA
0.2045455,3.0681818,2.9294251e-05,ExampleGeneA
0.4090909,3.0681818,1.6360364e-05,ExampleGeneA
0.6136364,3.0681818,8.677025e-06,ExampleGeneA
0.8181818,3.0681818,4.370351e-06,ExampleGeneA
1.0227273,3.0681818,2.090398e-06,ExampleGeneA
1.2272727,3.0681818,9.49531e-07,ExampleGeneA
1.4318182,3.0681818,4.09597e-07,ExampleGeneA
1.6363636,3.0681818,1.67792e-07,ExampleGeneA
1.8409091,3.0681818,6.5276e-08,ExampleGeneA
2.0454545,3.0681818,2.4116e-08,ExampleGeneA
2.25,3.0681818,8.461e-09,ExampleGeneA
2.4545455,3.0681818,2.819e-09,ExampleGeneA
2.6590909,3.0681818,8.92e-10,ExampleGeneA
2.8636364,3.0681818,2.68e-10,ExampleGeneA
3.0681818,3.0681818,7.6e-11,ExampleGeneA
3.2727273,3.0681818,2.1e-11,ExampleGeneA
3.4772727,3.0681818,5e-12,ExampleGeneA
3.6818182,3.0681818,1e-12,ExampleGeneA
3.8863636,3.0681818,0.0,ExampleGeneA
4.0909091,3.0681818,0.0,ExampleGeneA
4.2954545,3.0681818,0.0,ExampleGeneA
4.5,3.0681818,0.0,ExampleGeneA
-4.5,3.2727273,5.577605e-06,ExampleGeneA
-4.2954545,3.2727273,1.0218975e-05,ExampleGeneA
-4.0909091,3.2727273,1.7780101e-05,ExampleGeneA
-3.8863636,3.2727273,2.9378436e-05,ExampleGeneA
-3.6818182,3.2727273,4.6098888e-05,ExampleGeneA
-3.4772727,3.2727273,6.8694149e-05,ExampleGeneA
-3.2727273,3.2727273,9.7211221e-05,ExampleGeneA
-3.0681818,3.2727273,0.000130641319,ExampleGeneA
-2.8636364,3.2727273,0.000166729364,ExampleGeneA
-2.6590909,3.2727273,0.000202074313,ExampleGeneA
-2.4545455,3.2727273,0.000232582763,ExampleGeneA
-2.25,3.2727273,0.000254220987,ExampleGeneA
-2.0454545,3.2727273,0.000263883782,ExampleGeneA
-1.8409091,3.2727273,0.000260124604,ExampleGeneA
-1.6363636,3.2727273,0.000243510442,ExampleGeneA
-1.4318182,3.2727273,0.000216481705,ExampleGeneA
-1.2272727,3.2727273,0.000182764657,ExampleGeneA
-1.0227273,3.2727273,0.000146531403,ExampleGeneA
-0.8181818,3.2727273,0.000111567213,ExampleGeneA
-0.6136364,3.2727273,8.066961e-05,ExampleGeneA
-0.4090909,3.2727273,5.5392465e-05,ExampleGeneA
-0.2045455,3.2727273,3.6120932e-05,ExampleGeneA
0.0,3.2727273,2.236838e-05,ExampleGeneA
0.2045455,3.2727273,1.3154597e-05,ExampleGeneA
0.4090909,3.2727273,7.346629e-06,ExampleGeneA
0.6136364,3.2727273,3.896422e-06,ExampleGeneA
0.8181818,3.2727273,1.962508e-06,ExampleGeneA
1.0227273,3.2727273,9.38694e-07,ExampleGeneA
1.2272727,3.2727273,4.26388e-07,ExampleGeneA
1.4318182,3.2727273,1.8393e-07,ExampleGeneA
1.6363636,3.2727273,7.5347e-08,ExampleGeneA
1.8409091,3.2727273,2.9312e-08,ExampleGeneA
2.0454545,3.2727273,1.0829e-08,ExampleGeneA
2.25,3.2727273,3.799e-09,ExampleGeneA
2.4545455,3.2727273,1.266e-09,ExampleGeneA
2.6590909,3.2727273,4.01e-10,ExampleGeneA
2.8636364,3.2727273,1.2e-10,ExampleGeneA
3.0681818,3.2727273,3.4e-11,ExampleGeneA
3.2727273,3.2727273,9e-12,ExampleGeneA
3.4772727,3.2727273,2e-12,ExampleGeneA
3.6818182,3.2727273,1e-12,ExampleGeneA
3.8863636,3.2727273,0.0,ExampleGeneA
4.0909091,3.2727273,0.0,ExampleGeneA
4.2954545,3.2727273,0.0,ExampleGeneA
4.5,3.2727273,0.0,ExampleGeneA
-4.5,3.4772727,2.37854e-06,ExampleGeneA
-4.2954545,3.4772727,4.357828e-06,ExampleGeneA
-4.0909091,3.4772727,7.582231e-06,ExampleGeneA
-3.8863636,3.4772727,1.2528279e-05,ExampleGeneA
-3.6818182,3.4772727,1.9658628e-05,ExampleGeneA
-3.4772727,3.4772727,2.9294258e-05,ExampleGeneA
-3.2727273,3.4772727,4.1455214e-05,ExampleGeneA
-3.0681818,3.4772727,5.5711303e-05,ExampleGeneA
-2.8636364,3.4772727,7.1100859e-05,ExampleGeneA
-2.6590909,3.4772727,8.6173527e-05,ExampleGeneA
-2.4545455,3.4772727,9.9183695e-05,ExampleGeneA
-2.25,3.4772727,0.000108411201,ExampleGeneA
-2.0454545,3.4772727,0.000112531849,ExampleGeneA
-1.8409091,3.4772727,0.000110928767,ExampleGeneA
-1.6363636,3.4772727,0.000103843746,ExampleGeneA
-1.4318182,3.4772727,9.2317483e-05,ExampleGeneA
-1.2272727,3.4772727,7.7939026e-05,ExampleGeneA
-1.0227273,3.4772727,6.2487545e-05,ExampleGeneA
-0.8181818,3.4772727,4.757725e-05,ExampleGeneA
-0.6136364,3.4772727,3.440113e-05,ExampleGeneA
-0.4090909,3.4772727,2.3621825e-05,ExampleGeneA
-0.2045455,3.4772727,1.5403581e-05,ExampleGeneA
0.0,3.4772727,9.538878e-06,ExampleGeneA
0.2045455,3.4772727,5.609709e-06,ExampleGeneA
0.4090909,3.4772727,3.132931e-06,ExampleGeneA
0.6136364,3.4772727,1.661609e-06,ExampleGeneA
0.8181818,3.4772727,8.36901e-07,ExampleGeneA
1.0227273,3.4772727,4.00301e-07,ExampleGeneA
1.2272727,3.4772727,1.81831e-07,ExampleGeneA
1.4318182,3.4772727,7.8436e-08,ExampleGeneA
1.6363636,3.4772727,3.2131e-08,ExampleGeneA
1.8409091,3.4772727,1.25e-08,ExampleGeneA
2.0454545,3.4772727,4.618e-09,ExampleGeneA
2.25,3.4772727,1.62e-09,ExampleGeneA
2.4545455,3.4772727,5.4e-10,ExampleGeneA
2.6590909,3.4772727,1.71e-10,ExampleGeneA
2.8636364,3.4772727,5.1e-11,ExampleGeneA
3.0681818,3.4772727,1.5e-11,ExampleGeneA
3.2727273,3.4772727,4e-12,ExampleGeneA
3.4772727,3.4772727,1e-12,ExampleGeneA
3.6818182,3.4772727,0.0,ExampleGeneA
3.8863636,3.4772727,0.0,ExampleGeneA
4.0909091,3.4772727,0.0,ExampleGeneA
4.2954545,3.4772727,0.0,ExampleGeneA
4.5,3.4772727,0.0,ExampleGeneA
-4.5,3.6818182,9.63253e-07,ExampleGeneA
-4.2954545,3.6818182,1.764819e-06,ExampleGeneA
-4.0909091,3.6818182,3.070626e-06,ExampleGeneA
-3.8863636,3.6818182,5.073661e-06,ExampleGeneA
-3.6818182,3.6818182,7.961286e-06,ExampleGeneA
-3.4772727,3.6818182,1.1863491e-05,ExampleGeneA
-3.2727273,3.6818182,1.6788394e-05,ExampleGeneA
-3.0681818,3.6818182,2.2561778e-05,ExampleGeneA
-2.8636364,3.6818182,2.8794189e-05,ExampleGeneA
-2.6590909,3.6818182,3.4898268e-05,ExampleGeneA
-2.4545455,3.6818182,4.0167082e-05,ExampleGeneA
-2.25,3.6818182,4.3904007e-05,ExampleGeneA
-2.0454545,3.6818182,4.5572774e-05,ExampleGeneA
-1.8409091,3.6818182,4.4923563e-05,ExampleGeneA
-1.6363636,3.6818182,4.2054294e-05,ExampleGeneA
-1.4318182,3.6818182,3.7386427e-05,ExampleGeneA
-1.2272727,3.6818182,3.1563487e-05,ExampleGeneA
-1.0227273,3.6818182,2.5305998e-05,ExampleGeneA
-0.8181818,3.6818182,1.9267676e-05,ExampleGeneA
-0.6136364,3.6818182,1.3931655e-05,ExampleGeneA
-0.4090909,3.6818182,9.566288e-06,ExampleGeneA
-0.2045455,3.6818182,6.238091e-06,ExampleGeneA
0.0,3.6818182,3.863023e-06,ExampleGeneA
0.2045455,3.6818182,2.271801e-06,ExampleGeneA
0.4090909,3.6818182,1.268764e-06,ExampleGeneA
0.6136364,3.6818182,6.72913e-07,ExampleGeneA
0.8181818,3.6818182,3.38925e-07,ExampleGeneA
1.0227273,3.6818182,1.62113e-07,ExampleGeneA
1.2272727,3.6818182,7.3637e-08,ExampleGeneA
1.4318182,3.6818182,3.1765e-08,ExampleGeneA
1.6363636,3.6818182,1.3012e-08,ExampleGeneA
1.8409091,3.6818182,5.062e-09,ExampleGeneA
2.0454545,3.6818182,1.87e-09,ExampleGeneA
2.25,3.6818182,6.56e-10,ExampleGeneA
2.4545455,3.6818182,2.19e-10,ExampleGeneA
2.6590909,3.6818182,6.9e-11,ExampleGeneA
2.8636364,3.6818182,2.1e-11,ExampleGeneA
3.0681818,3.6818182,6e-12,ExampleGeneA
3.2727273,3.6818182,2e-12,ExampleGeneA
3.4772727,3.6818182,0.0,ExampleGeneA
3.6818182,3.6818182,0.0,ExampleGeneA
3.8863636,3.6818182,0.0,ExampleGeneA
4.0909091,3.6818182,0.0,ExampleGeneA
4.2954545,3.6818182,0.0,ExampleGeneA
4.5,3.6818182,0.0,ExampleGeneA
-4.5,3.8863636,3.70457e-07,ExampleGeneA
-4.2954545,3.8863636,6.78731e-07,ExampleGeneA
-4.0909091,3.8863636,1.180931e-06,ExampleGeneA
-3.8863636,3.8863636,1.951278e-06,ExampleGeneA
-3.6818182,3.8863636,3.061828e-06,ExampleGeneA
-3.4772727,3.8863636,4.562576e-06,ExampleGeneA
-3.2727273,3.8863636,6.456643e-06,ExampleGeneA
-3.0681818,3.8863636,8.677027e-06,ExampleGeneA
-2.8636364,3.8863636,1.1073948e-05,ExampleGeneA
-2.6590909,3.8863636,1.3421514e-05,ExampleGeneA
-2.4545455,3.8863636,1.5447846e-05,ExampleGeneA
-2.25,3.8863636,1.6885029e-05,ExampleGeneA
-2.0454545,3.8863636,1.7526819e-05,ExampleGeneA
-1.8409091,3.8863636,1.7277139e-05,ExampleGeneA
-1.6363636,3.8863636,1.6173648e-05,ExampleGeneA
-1.4318182,3.8863636,1.4378434e-05,ExampleGeneA
-1.2272727,3.8863636,1.2138992e-05,ExampleGeneA
-1.0227273,3.8863636,9.732426e-06,ExampleGeneA
-0.8181818,3.8863636,7.41015e-06,ExampleGeneA
-0.6136364,3.8863636,5.357971e-06,ExampleGeneA
-0.4090909,3.8863636,3.679096e-06,ExampleGeneA
-0.2045455,3.8863636,2.399105e-06,ExampleGeneA
0.0,3.8863636,1.485679e-06,ExampleGeneA
0.2045455,3.8863636,8.73711e-07,ExampleGeneA
0.4090909,3.8863636,4.87954e-07,ExampleGeneA
0.6136364,3.8863636,2.58795e-07,ExampleGeneA
0.8181818,3.8863636,1.30347e-07,ExampleGeneA
1.0227273,3.8863636,6.2347e-08,ExampleGeneA
1.2272727,3.8863636,2.832e-08,ExampleGeneA
1.4318182,3.8863636,1.2216e-08,ExampleGeneA
1.6363636,3.8863636,5.004e-09,ExampleGeneA
1.8409091,3.8863636,1.947e-09,ExampleGeneA
2.0454545,3.8863636,7.19e-10,ExampleGeneA
2.25,3.8863636,2.52e-10,ExampleGeneA
2.4545455,3.8863636,8.4e-11,ExampleGeneA
2.6590909,3.8863636,2.7e-11,ExampleGeneA
2.8636364,3.8863636,8e-12,ExampleGeneA
3.0681818,3.8863636,2e-12,ExampleGeneA
3.2727273,3.8863636,1e-12,ExampleGeneA
3.4772727,3.8863636,0.0,ExampleGeneA
3.6818182,3.8863636,0.0,ExampleGeneA
3.8863636,3.8863636,0.0,ExampleGeneA
4.0909091,3.8863636,0.0,ExampleGeneA
4.2954545,3.8863636,0.0,ExampleGeneA
4.5,3.8863636,0.0,ExampleGeneA
-4.5,4.0909091,1.35302e-07,ExampleGeneA
-4.2954545,4.0909091,2.47892e-07,ExampleGeneA
-4.0909091,4.0909091,4.3131e-07,ExampleGeneA
-3.8863636,4.0909091,7.12663e-07,ExampleGeneA
-3.6818182,4.0909091,1.118268e-06,ExampleGeneA
-3.4772727,4.0909091,1.666384e-06,ExampleGeneA
-3.2727273,4.0909091,2.358151e-06,ExampleGeneA
-3.0681818,4.0909091,3.169099e-06,ExampleGeneA
-2.8636364,4.0909091,4.044523e-06,ExampleGeneA
-2.6590909,4.0909091,4.901922e-06,ExampleGeneA
-2.4545455,4.0909091,5.641996e-06,ExampleGeneA
-2.25,4.0909091,6.166897e-06,ExampleGeneA
-2.0454545,4.0909091,6.401297e-06,ExampleGeneA
-1.8409091,4.0909091,6.310107e-06,ExampleGeneA
-1.6363636,4.0909091,5.90708e-06,ExampleGeneA
-1.4318182,4.0909091,5.251416e-06,ExampleGeneA
-1.2272727,4.0909091,4.433508e-06,ExampleGeneA
-1.0227273,4.0909091,3.554561e-06,ExampleGeneA
-0.8181818,4.0909091,2.706399e-06,ExampleGeneA
-0.6136364,4.0909091,1.956885e-06,ExampleGeneA
-0.4090909,4.0909091,1.343711e-06,ExampleGeneA
-0.2045455,4.0909091,8.76222e-07,ExampleGeneA
0.0,4.0909091,5.42613e-07,ExampleGeneA
0.2045455,4.0909091,3.19104e-07,ExampleGeneA
0.4090909,4.0909091,1.78215e-07,ExampleGeneA
0.6136364,4.0909091,9.4519e-08,ExampleGeneA
0.8181818,4.0909091,4.7607e-08,ExampleGeneA
1.0227273,4.0909091,2.2771e-08,ExampleGeneA
1.2272727,4.0909091,1.0343e-08,ExampleGeneA
1.4318182,4.0909091,4.462e-09,ExampleGeneA
1.6363636,4.0909091,1.828e-09,ExampleGeneA
1.8409091,4.0909091,7.11e-10,ExampleGeneA
2.0454545,4.0909091,2.63e-10,ExampleGeneA
2.25,4.0909091,9.2e-11,ExampleGeneA
2.4545455,4.0909091,3.1e-11,ExampleGeneA
2.6590909,4.0909091,1e-11,ExampleGeneA
2.8636364,4.0909091,3e-12,ExampleGeneA
3.0681818,4.0909091,1e-12,ExampleGeneA
3.2727273,4.0909091,0.0,ExampleGeneA
3.4772727,4.0909091,0.0,ExampleGeneA
3.6818182,4.0909091,0.0,ExampleGeneA
3.8863636,4.0909091,0.0,ExampleGeneA
4.0909091,4.0909091,0.0,ExampleGeneA
4.2954545,4.0909091,0.0,ExampleGeneA
4.5,4.0909091,0.0,ExampleGeneA
-4.5,4.2954545,4.6928e-08,ExampleGeneA
-4.2954545,4.2954545,8.598e-08,ExampleGeneA
-4.0909091,4.2954545,1.49597e-07,ExampleGeneA
-3.8863636,4.2954545,2.47182e-07,ExampleGeneA
-3.6818182,4.2954545,3.87863e-07,ExampleGeneA
-3.4772727,4.2954545,5.77973e-07,ExampleGeneA
-3.2727273,4.2954545,8.17907e-07,ExampleGeneA
-3.0681818,4.2954545,1.099179e-06,ExampleGeneA
-2.8636364,4.2954545,1.402813e-06,ExampleGeneA
-2.6590909,4.2954545,1.700196e-06,ExampleGeneA
-2.4545455,4.2954545,1.956885e-06,ExampleGeneA
-2.25,4.2954545,2.138943e-06,ExampleGeneA
-2.0454545,4.2954545,2.220243e-06,ExampleGeneA
-1.8409091,4.2954545,2.188614e-06,ExampleGeneA
-1.6363636,4.2954545,2.048827e-06,ExampleGeneA
-1.4318182,4.2954545,1.821415e-06,ExampleGeneA
-1.2272727,4.2954545,1.53773e-06,ExampleGeneA
-1.0227273,4.2954545,1.232873e-06,ExampleGeneA
-0.8181818,4.2954545,9.38695e-07,ExampleGeneA
-0.6136364,4.2954545,6.78731e-07,ExampleGeneA
-0.4090909,4.2954545,4.66056e-07,ExampleGeneA
-0.2045455,4.2954545,3.03911e-07,ExampleGeneA
0.0,4.2954545,1.88201e-07,ExampleGeneA
0.2045455,4.2954545,1.10679e-07,ExampleGeneA
0.4090909,4.2954545,6.1812e-08,ExampleGeneA
0.6136364,4.2954545,3.2783e-08,ExampleGeneA
0.8181818,4.2954545,1.6512e-08,ExampleGeneA
1.0227273,4.2954545,7.898e-09,ExampleGeneA
1.2272727,4.2954545,3.588e-09,ExampleGeneA
1.4318182,4.2954545,1.548e-09,ExampleGeneA
1.6363636,4.2954545,6.34e-10,ExampleGeneA
1.8409091,4.2954545,2.47e-10,ExampleGeneA
2.0454545,4.2954545,9.1e-11,ExampleGeneA
2.25,4.2954545,3.2e-11,ExampleGeneA
2.4545455,4.2954545,1.1e-11,ExampleGeneA
2.6590909,4.2954545,3e-12,ExampleGeneA
2.8636364,4.2954545,1e-12,ExampleGeneA
3.0681818,4.2954545,0.0,ExampleGeneA
3.2727273,4.2954545,0.0,ExampleGeneA
3.4772727,4.2954545,0.0,ExampleGeneA
3.6818182,4.2954545,0.0,ExampleGeneA
3.8863636,4.2954545,0.0,ExampleGeneA
4.0909091,4.2954545,0.0,ExampleGeneA
4.2954545,4.2954545,0.0,ExampleGeneA
4.5,4.2954545,0.0,ExampleGeneA
-4.5,4.5,1.5457e-08,ExampleGeneA
-4.2954545,4.5,2.832e-08,ExampleGeneA
-4.0909091,4.5,4.9274e-08,ExampleGeneA
-3.8863636,4.5,8.1417e-08,ExampleGeneA
-3.6818182,4.5,1.27755e-07,ExampleGeneA
-3.4772727,4.5,1.90374e-07,ExampleGeneA
-3.2727273,4.5,2.69404e-07,ExampleGeneA
-3.0681818,4.5,3.6205e-07,ExampleGeneA
-2.8636364,4.5,4.62061e-07,ExampleGeneA
-2.6590909,4.5,5.60014e-07,ExampleGeneA
-2.4545455,4.5,6.44562e-07,ExampleGeneA
-2.25,4.5,7.04529e-07,ExampleGeneA
-2.0454545,4.5,7.31308e-07,ExampleGeneA
-1.8409091,4.5,7.2089e-07,ExampleGeneA
-1.6363636,4.5,6.74847e-07,ExampleGeneA
-1.4318182,4.5,5.99941e-07,ExampleGeneA
-1.2272727,4.5,5.065e-07,ExampleGeneA
-1.0227273,4.5,4.06086e-07,ExampleGeneA
-0.8181818,4.5,3.09189e-07,ExampleGeneA
-0.6136364,4.5,2.23562e-07,ExampleGeneA
-0.4090909,4.5,1.53511e-07,ExampleGeneA
-0.2045455,4.5,1.00103e-07,ExampleGeneA
0.0,4.5,6.199e-08,ExampleGeneA
0.2045455,4.5,3.6456e-08,ExampleGeneA
0.4090909,4.5,2.036e-08,ExampleGeneA
0.6136364,4.5,1.0798e-08,ExampleGeneA
0.8181818,4.5,5.439e-09,ExampleGeneA
1.0227273,4.5,2.601e-09,ExampleGeneA
1.2272727,4.5,1.182e-09,ExampleGeneA
1.4318182,4.5,5.1e-10,ExampleGeneA
1.6363636,4.5,2.09e-10,ExampleGeneA
1.8409091,4.5,8.1e-11,ExampleGeneA
2.0454545,4.5,3e-11,ExampleGeneA
2.25,4.5,1.1e-11,ExampleGeneA
2.4545455,4.5,4e-12,ExampleGeneA
2.6590909,4.5,1e-12,ExampleGeneA
2.8636364,4.5,0.0,ExampleGeneA
3.0681818,4.5,0.0,ExampleGeneA
3.2727273,4.5,0.0,ExampleGeneA
3.4772727,4.5,0.0,ExampleGeneA
3.6818182,4.5,0.0,ExampleGeneA
3.8863636,4.5,0.0,ExampleGeneA
4.0909091,4.5,0.0,ExampleGeneA
4.2954545,4.5,0.0,ExampleGeneA
4.5,4.5,0.0,ExampleGeneA
-4.5,-4.5,0.0,ExampleGeneB
-4.2954545,-4.5,0.0,ExampleGeneB
-4.0909091,-4.5,0.0,ExampleGeneB
-3.8863636,-4.5,0.0,ExampleGeneB
-3.6818182,-4.5,0.0,ExampleGeneB
-3.4772727,-4.5,0.0,ExampleGeneB
-3.2727273,-4.5,0.0,ExampleGeneB
-3.0681818,-4.5,0.0,ExampleGeneB
-2.8636364,-4.5,0.0,ExampleGeneB
-2.6590909,-4.5,0.0,ExampleGeneB
-2.4545455,-4.5,0.0,ExampleGeneB
-2.25,-4.5,0.0,ExampleGeneB
-2.0454545,-4.5,0.0,ExampleGeneB
-1.8409091,-4.5,0.0,ExampleGeneB
-1.6363636,-4.5,0.0,ExampleGeneB
-1.4318182,-4.5,0.0,ExampleGeneB
-1.2272727,-4.5,0.0,ExampleGeneB
-1.0227273,-4.5,0.0,ExampleGeneB
-0.8181818,-4.5,0.0,ExampleGeneB
-0.6136364,-4.5,0.0,ExampleGeneB
-0.4090909,-4.5,0.0,ExampleGeneB
-0.2045455,-4.5,0.0,ExampleGeneB
0.0,-4.5,0.0,ExampleGeneB
0.2045455,-4.5,0.0,ExampleGeneB
0.4090909,-4.5,0.0,ExampleGeneB
0.6136364,-4.5,0.0,ExampleGeneB
0.8181818,-4.5,0.0,ExampleGeneB
1.0227273,-4.5,0.0,ExampleGeneB
1.2272727,-4.5,0.0,ExampleGeneB
1.4318182,-4.5,1e-12,ExampleGeneB
1.6363636,-4.5,1e-12,ExampleGeneB
1.8409091,-4.5,1e-12,ExampleGeneB
2.0454545,-4.5,1e-12,ExampleGeneB
2.25,-4.5,0.0,ExampleGeneB
2.4545455,-4.5,0.0,ExampleGeneB
2.6590909,-4.5,0.0,ExampleGeneB
2.8636364,-4.5,0.0,ExampleGeneB
3.0681818,-4.5,0.0,ExampleGeneB
3.2727273,-4.5,0.0,ExampleGeneB
3.4772727,-4.5,0.0,ExampleGeneB
3.6818182,-4.5,0.0,ExampleGeneB
3.8863636,-4.5,0.0,ExampleGeneB
4.0909091,-4.5,0.0,ExampleGeneB
4.2954545,-4.5,0.0,ExampleGeneB
4.5,-4.5,0.0,ExampleGeneB
-4.5,-4.2954545,0.0,ExampleGeneB
-4.2954545,-4.2954545,0.0,ExampleGeneB
-4.0909091,-4.2954545,0.0,ExampleGeneB
-3.8863636,-4.2954545,0.0,ExampleGeneB
-3.6818182,-4.2954545,0.0,ExampleGeneB
-3.4772727,-4.2954545,0.0,ExampleGeneB
-3.2727273,-4.2954545,0.0,ExampleGeneB
-3.0681818,-4.2954545,0.0,ExampleGeneB
-2.8636364,-4.2954545,0.0,ExampleGeneB
-2.6590909,-4.2954545,0.0,ExampleGeneB
-2.4545455,-4.2954545,0.0,ExampleGeneB
-2.25,-4.2954545,0.0,ExampleGeneB
-2.0454545,-4.2954545,0.0,ExampleGeneB
-1.8409091,-4.2954545,0.0,ExampleGeneB
-1.6363636,-4.2954545,0.0,ExampleGeneB
-1.4318182,-4.2954545,0.0,ExampleGeneB
-1.2272727,-4.2954545,0.0,ExampleGeneB
-1.0227273,-4.2954545,0.0,ExampleGeneB
-0.8181818,-4.2954545,0.0,ExampleGeneB
-0.6136364,-4.2954545,0.0,ExampleGeneB
-0.4090909,-4.2954545,0.0,ExampleGeneB
-0.2045455,-4.2954545,0.0,ExampleGeneB
0.0,-4.2954545,0.0,ExampleGeneB
0.2045455,-4.2954545,0.0,ExampleGeneB
0.4090909,-4.2954545,1e-12,ExampleGeneB
0.6136364,-4.2954545,1e-12,ExampleGeneB
0.8181818,-4.2954545,2e-12,ExampleGeneB
1.0227273,-4.2954545,2e-12,ExampleGeneB
1.2272727,-4.2954545,3e-12,ExampleGeneB
1.4318182,-4.2954545,4e-12,ExampleGeneB
1.6363636,-4.2954545,4e-12,ExampleGeneB
1.8409091,-4.2954545,4e-12,ExampleGeneB
2.0454545,-4.2954545,4e-12,ExampleGeneB
2.25,-4.2954545,4e-12,ExampleGeneB
2.4545455,-4.2954545,3e-12,ExampleGeneB
2.6590909,-4.2954545,2e-12,ExampleGeneB
2.8636364,-4.2954545,2e-12,ExampleGeneB
3.0681818,-4.2954545,1e-12,ExampleGeneB
3.2727273,-4.2954545,1e-12,ExampleGeneB
3.4772727,-4.2954545,0.0,ExampleGeneB
3.6818182,-4.2954545,0.0,ExampleGeneB
3.8863636,-4.2954545,0.0,ExampleGeneB
4.0909091,-4.2954545,0.0,ExampleGeneB
4.2954545,-4.2954545,0.0,ExampleGeneB
4.5,-4.2954545,0.0,ExampleGeneB
-4.5,-4.0909091,0.0,ExampleGeneB
-4.2954545,-4.0909091,0.0,ExampleGeneB
-4.0909091,-4.0909091,0.0,ExampleGeneB
-3.8863636,-4.0909091,0.0,ExampleGeneB
-3.6818182,-4.0909091,0.0,ExampleGeneB
-3.4772727,-4.0909091,0.0,ExampleGeneB
-3.2727273,-4.0909091,0.0,ExampleGeneB
-3.0681818,-4.0909091,0.0,ExampleGeneB
-2.8636364,-4.0909091,0.0,ExampleGeneB
-2.6590909,-4.0909091,0.0,ExampleGeneB
-2.4545455,-4.0909091,0.0,ExampleGeneB
-2.25,-4.0909091,0.0,ExampleGeneB
-2.0454545,-4.0909091,0.0,ExampleGeneB
-1.8409091,-4.0909091,0.0,ExampleGeneB
-1.6363636,-4.0909091,0.0,ExampleGeneB
-1.4318182,-4.0909091,0.0,ExampleGeneB
-1.2272727,-4.0909091,0.0,ExampleGeneB
-1.0227273,-4.0909091,0.0,ExampleGeneB
-0.8181818,-4.0909091,0.0,ExampleGeneB
-0.6136364,-4.0909091,0.0,ExampleGeneB
-0.4090909,-4.0909091,0.0,ExampleGeneB
-0.2045455,-4.0909091,1e-12,ExampleGeneB
0.0,-4.0909091,2e-12,ExampleGeneB
0.2045455,-4.0909091,3e-12,ExampleGeneB
0.4090909,-4.0909091,5e-12,ExampleGeneB
0.6136364,-4.0909091,8e-12,ExampleGeneB
0.8181818,-4.0909091,1.2e-11,ExampleGeneB
1.0227273,-4.0909091,1.6e-11,ExampleGeneB
1.2272727,-4.0909091,2.1e-11,ExampleGeneB
1.4318182,-4.0909091,2.5e-11,ExampleGeneB
1.6363636,-4.0909091,2.7e-11,ExampleGeneB
1.8409091,-4.0909091,2.8e-11,ExampleGeneB
2.0454545,-4.0909091,2.7e-11,ExampleGeneB
2.25,-4.0909091,2.3e-11,ExampleGeneB
2.4545455,-4.0909091,1.9e-11,ExampleGeneB
2.6590909,-4.0909091,1.5e-11,ExampleGeneB
2.8636364,-4.0909091,1e-11,ExampleGeneB
3.0681818,-4.0909091,7e-12,ExampleGeneB
3.2727273,-4.0909091,4e-12,ExampleGeneB
3.4772727,-4.0909091,2e-12,ExampleGeneB
3.6818182,-4.0909091,1e-12,ExampleGeneB
3.8863636,-4.0909091,1e-12,ExampleGeneB
4.0909091,-4.0909091,0.0,ExampleGeneB
4.2954545,-4.0909091,0.0,ExampleGeneB
4.5,-4.0909091,0.0,ExampleGeneB
-4.5,-3.8863636,0.0,ExampleGeneB
-4.2954545,-3.8863636,0.0,ExampleGeneB
-4.0909091,-3.8863636,0.0,ExampleGeneB
-3.8863636,-3.8863636,0.0,ExampleGeneB
-3.6818182,-3.8863636,0.0,ExampleGeneB
-3.4772727,-3.8863636,0.0,ExampleGeneB
-3.2727273,-3.8863636,0.0,ExampleGeneB
-3.0681818,-3.8863636,0.0,ExampleGeneB
-2.8636364,-3.8863636,0.0,ExampleGeneB
-2.6590909,-3.8863636,0.0,ExampleGeneB
-2.4545455,-3.8863636,0.0,ExampleGeneB
-2.25,-3.8863636,0.0,ExampleGeneB
-2.0454545,-3.8863636,0.0,ExampleGeneB
-1.8409091,-3.8863636,0.0,ExampleGeneB
-1.6363636,-3.8863636,0.0,ExampleGeneB
-1.4318182,-3.8863636,0.0,ExampleGeneB
-1.2272727,-3.8863636,0.0,ExampleGeneB
-1.0227273,-3.8863636,0.0,ExampleGeneB
-0.8181818,-3.8863636,0.0,ExampleGeneB
-0.6136364,-3.8863636,1e-12,ExampleGeneB
-0.4090909,-3.8863636,2e-12,ExampleGeneB
-0.2045455,-3.8863636,5e-12,ExampleGeneB
0.0,-3.8863636,1e-11,ExampleGeneB
0.2045455,-3.8863636,1.8e-11,ExampleGeneB
0.4090909,-3.8863636,3.1e-11,ExampleGeneB
0.6136364,-3.8863636,4.9e-11,ExampleGeneB
0.8181818,-3.8863636,7.3e-11,ExampleGeneB
1.0227273,-3.8863636,1e-10,ExampleGeneB
1.2272727,-3.8863636,1.28e-10,ExampleGeneB
1.4318182,-3.8863636,1.52e-10,ExampleGeneB
1.6363636,-3.8863636,1.68e-10,ExampleGeneB
1.8409091,-3.8863636,1.71e-10,ExampleGeneB
2.0454545,-3.8863636,1.63e-10,ExampleGeneB
2.25,-3.8863636,1.43e-10,ExampleGeneB
2.4545455,-3.8863636,1.17e-10,ExampleGeneB
2.6590909,-3.8863636,8.9e-11,ExampleGeneB
2.8636364,-3.8863636,6.3e-11,ExampleGeneB
3.0681818,-3.8863636,4.1e-11,ExampleGeneB
3.2727273,-3.8863636,2.5e-11,ExampleGeneB
3.4772727,-3.8863636,1.4e-11,ExampleGeneB
3.6818182,-3.8863636,7e-12,ExampleGeneB
3.8863636,-3.8863636,4e-12,ExampleGeneB
4.0909091,-3.8863636,2e-12,ExampleGeneB
4.2954545,-3.8863636,1e-12,ExampleGeneB
4.5,-3.8863636,0.0,ExampleGeneB
-4.5,-3.6818182,0.0,ExampleGeneB
-4.2954545,-3.6818182,0.0,ExampleGeneB
-4.0909091,-3.6818182,0.0,ExampleGeneB
-3.8863636,-3.6818182,0.0,ExampleGeneB
-3.6818182,-3.6818182,0.0,ExampleGeneB
-3.4772727,-3.6818182,0.0,ExampleGeneB
-3.2727273,-3.6818182,0.0,ExampleGeneB
-3.0681818,-3.6818182,0.0,ExampleGeneB
-2.8636364,-3.6818182,0.0,ExampleGeneB
-2.6590909,-3.6818182,0.0,ExampleGeneB
-2.4545455,-3.6818182,0.0,ExampleGeneB
-2.25,-3.6818182,0.0,ExampleGeneB
-2.0454545,-3.6818182,0.0,ExampleGeneB
-1.8409091,-3.6818182,0.0,ExampleGeneB
-1.6363636,-3.6818182,0.0,ExampleGeneB
-1.4318182,-3.6818182,0.0,ExampleGeneB
-1.2272727,-3.6818182,0.0,ExampleGeneB
-1.0227273,-3.6818182,1e-12,ExampleGeneB
-0.8181818,-3.6818182,2e-12,ExampleGeneB
-0.6136364,-3.6818182,6e-12,ExampleGeneB
-0.4090909,-3.6818182,1.3e-11,ExampleGeneB
-0.2045455,-3.6818182,2.7e-11,ExampleGeneB
0.0,-3.6818182,5.5e-11,ExampleGeneB
0.2045455,-3.6818182,1.02e-10,ExampleGeneB
0.4090909,-3.6818182,1.75e-10,ExampleGeneB
0.6136364,-3.6818182,2.8e-10,ExampleGeneB
0.8181818,-3.6818182,4.15e-10,ExampleGeneB
1.0227273,-3.6818182,5.71e-10,ExampleGeneB
1.2272727,-3.6818182,7.3e-10,ExampleGeneB
1.4318182,-3.6818182,8.66e-10,ExampleGeneB
1.6363636,-3.6818182,9.54e-10,ExampleGeneB
1.8409091,-3.6818182,9.76e-10,ExampleGeneB
2.0454545,-3.6818182,9.26e-10,ExampleGeneB
2.25,-3.6818182,8.16e-10,ExampleGeneB
2.4545455,-3.6818182,6.68e-10,ExampleGeneB
2.6590909,-3.6818182,5.07e-10,ExampleGeneB
2.8636364,-3.6818182,3.57e-10,ExampleGeneB
3.0681818,-3.6818182,2.34e-10,ExampleGeneB
3.2727273,-3.6818182,1.42e-10,ExampleGeneB
3.4772727,-3.6818182,8e-11,ExampleGeneB
3.6818182,-3.6818182,4.2e-11,ExampleGeneB
3.8863636,-3.6818182,2e-11,ExampleGeneB
4.0909091,-3.6818182,9e-12,ExampleGeneB
4.2954545,-3.6818182,4e-12,ExampleGeneB
4.5,-3.6818182,1e-12,ExampleGeneB
-4.5,-3.4772727,0.0,ExampleGeneB
-4.2954545,-3.4772727,0.0,ExampleGeneB
-4.0909091,-3.4772727,0.0,ExampleGeneB
-3.8863636,-3.4772727,0.0,ExampleGeneB
-3.6818182,-3.4772727,0.0,ExampleGeneB
-3.4772727,-3.4772727,0.0,ExampleGeneB
-3.2727273,-3.4772727,0.0,ExampleGeneB
-3.0681818,-3.4772727,0.0,ExampleGeneB
-2.8636364,-3.4772727,0.0,ExampleGeneB
-2.6590909,-3.4772727,0.0,ExampleGeneB
-2.4545455,-3.4772727,0.0,ExampleGeneB
-2.25,-3.4772727,0.0,ExampleGeneB
-2.0454545,-3.4772727,0.0,ExampleGeneB
-1.8409091,-3.4772727,0.0,ExampleGeneB
-1.6363636,-3.4772727,0.0,ExampleGeneB
-1.4318182,-3.4772727,0.0,ExampleGeneB
-1.2272727,-3.4772727,1e-12,ExampleGeneB
-1.0227273,-3.4772727,4e-12,ExampleGeneB
-0.8181818,-3.4772727,1.2e-11,ExampleGeneB
-0.6136364,-3.4772727,2.9e-11,ExampleGeneB
-0.4090909,-3.4772727,6.7e-11,ExampleGeneB
-0.2045455,-3.4772727,1.45e-10,ExampleGeneB
0.0,-3.4772727,2.9e-10,ExampleGeneB
0.2045455,-3.4772727,5.38e-10,ExampleGeneB
0.4090909,-3.4772727,9.25e-10,ExampleGeneB
0.6136364,-3.4772727,1.479e-09,ExampleGeneB
0.8181818,-3.4772727,2.193e-09,ExampleGeneB
1.0227273,-3.4772727,3.019e-09,ExampleGeneB
1.2272727,-3.4772727,3.86e-09,ExampleGeneB
1.4318182,-3.4772727,4.58e-09,ExampleGeneB
1.6363636,-3.4772727,5.045e-09,ExampleGeneB
1.8409091,-3.4772727,5.158e-09,ExampleGeneB
2.0454545,-3.4772727,4.897e-09,ExampleGeneB
2.25,-3.4772727,4.315e-09,ExampleGeneB
2.4545455,-3.4772727,3.53e-09,ExampleGeneB
2.6590909,-3.4772727,2.681e-09,ExampleGeneB
2.8636364,-3.4772727,1.89e-09,ExampleGeneB
3.0681818,-3.4772727,1.237e-09,ExampleGeneB
3.2727273,-3.4772727,7.51e-10,ExampleGeneB
3.4772727,-3.4772727,4.24e-10,ExampleGeneB
3.6818182,-3.4772727,2.22e-10,ExampleGeneB
3.8863636,-3.4772727,1.08e-10,ExampleGeneB
4.0909091,-3.4772727,4.9e-11,ExampleGeneB
4.2954545,-3.4772727,2e-11,ExampleGeneB
4.5,-3.4772727,8e-12,ExampleGeneB
-4.5,-3.2727273,0.0,ExampleGeneB
-4.2954545,-3.2727273,0.0,ExampleGeneB
-4.0909091,-3.2727273,0.0,ExampleGeneB
-3.8863636,-3.2727273,0.0,ExampleGeneB
-3.6818182,-3.2727273,0.0,ExampleGeneB
-3.4772727,-3.2727273,0.0,ExampleGeneB
-3.2727273,-3.2727273,0.0,ExampleGeneB
-3.0681818,-3.2727273,0.0,ExampleGeneB
-2.8636364,-3.2727273,0.0,ExampleGeneB
-2.6590909,-3.2727273,0.0,ExampleGeneB
-2.4545455,-3.2727273,0.0,ExampleGeneB
-2.25,-3.2727273,0.0,ExampleGeneB
-2.0454545,-3.2727273,0.0,ExampleGeneB
-1.8409091,-3.2727273,0.0,ExampleGeneB
-1.6363636,-3.2727273,1e-12,ExampleGeneB
-1.4318182,-3.2727273,2e-12,ExampleGeneB
-1.2272727,-3.2727273,7e-12,ExampleGeneB
-1.0227273,-3.2727273,2.1e-11,ExampleGeneB
-0.8181818,-3.2727273,5.7e-11,ExampleGeneB
-0.6136364,-3.2727273,1.43e-10,ExampleGeneB
-0.4090909,-3.2727273,3.31e-10,ExampleGeneB
-0.2045455,-3.2727273,7.13e-10,ExampleGeneB
0.0,-3.2727273,1.423e-09,ExampleGeneB
0.2045455,-3.2727273,2.639e-09,ExampleGeneB
0.4090909,-3.2727273,4.542e-09,ExampleGeneB
0.6136364,-3.2727273,7.257e-09,ExampleGeneB
0.8181818,-3.2727273,1.0764e-08,ExampleGeneB
1.0227273,-3.2727273,1.482e-08,ExampleGeneB
1.2272727,-3.2727273,1.8943e-08,ExampleGeneB
1.4318182,-3.2727273,2.2478e-08,ExampleGeneB
1.6363636,-3.2727273,2.476e-08,ExampleGeneB
1.8409091,-3.2727273,2.5318e-08,ExampleGeneB
2.0454545,-3.2727273,2.4034e-08,ExampleGeneB
2.25,-3.2727273,2.1179e-08,ExampleGeneB
2.4545455,-3.2727273,1.7326e-08,ExampleGeneB
2.6590909,-3.2727273,1.3157e-08,ExampleGeneB
2.8636364,-3.2727273,9.276e-09,ExampleGeneB
3.0681818,-3.2727273,6.07e-09,ExampleGeneB
3.2727273,-3.2727273,3.688e-09,ExampleGeneB
3.4772727,-3.2727273,2.08e-09,ExampleGeneB
3.6818182,-3.2727273,1.089e-09,ExampleGeneB
3.8863636,-3.2727273,5.29e-10,ExampleGeneB
4.0909091,-3.2727273,2.39e-10,ExampleGeneB
4.2954545,-3.2727273,1e-10,ExampleGeneB
4.5,-3.2727273,3.9e-11,ExampleGeneB
-4.5,-3.0681818,0.0,ExampleGeneB
-4.2954545,-3.0681818,0.0,ExampleGeneB
-4.0909091,-3.0681818,0.0,ExampleGeneB
-3.8863636,-3.0681818,0.0,ExampleGeneB
-3.6818182,-3.0681818,0.0,ExampleGeneB
-3.4772727,-3.0681818,0.0,ExampleGeneB
-3.2727273,-3.0681818,0.0,ExampleGeneB
-3.0681818,-3.0681818,0.0,ExampleGeneB
-2.8636364,-3.0681818,0.0,ExampleGeneB
-2.6590909,-3.0681818,0.0,ExampleGeneB
-2.4545455,-3.0681818,0.0,ExampleGeneB
-2.25,-3.0681818,0.0,ExampleGeneB
-2.0454545,-3.0681818,0.0,ExampleGeneB
-1.8409091,-3.0681818,1e-12,ExampleGeneB
-1.6363636,-3.0681818,3e-12,ExampleGeneB
-1.4318182,-3.0681818,1.1e-11,ExampleGeneB
-1.2272727,-3.0681818,3.3e-11,ExampleGeneB
-1.0227273,-3.0681818,9.7e-11,ExampleGeneB
-0.8181818,-3.0681818,2.61e-10,ExampleGeneB
-0.6136364,-3.0681818,6.51e-10,ExampleGeneB
-0.4090909,-3.0681818,1.509e-09,ExampleGeneB
-0.2045455,-3.0681818,3.247e-09,ExampleGeneB
0.0,-3.0681818,6.485e-09,ExampleGeneB
0.2045455,-3.0681818,1.2024e-08,ExampleGeneB
0.4090909,-3.0681818,2.0695e-08,ExampleGeneB
0.6136364,-3.0681818,3.3065e-08,ExampleGeneB
0.8181818,-3.0681818,4.9043e-08,ExampleGeneB
1.0227273,-3.0681818,6.7527e-08,ExampleGeneB
1.2272727,-3.0681818,8.6313e-08,ExampleGeneB
1.4318182,-3.0681818,1.02417e-07,ExampleGeneB
1.6363636,-3.0681818,1.12815e-07,ExampleGeneB
1.8409091,-3.0681818,1.15361e-07,ExampleGeneB
2.0454545,-3.0681818,1.09508e-07,ExampleGeneB
2.25,-3.0681818,9.6501e-08,ExampleGeneB
2.4545455,-3.0681818,7.8943e-08,ExampleGeneB
2.6590909,-3.0681818,5.995e-08,ExampleGeneB
2.8636364,-3.0681818,4.2264e-08,ExampleGeneB
3.0681818,-3.0681818,2.7659e-08,ExampleGeneB
3.2727273,-3.0681818,1.6804e-08,ExampleGeneB
3.4772727,-3.0681818,9.477e-09,ExampleGeneB
3.6818182,-3.0681818,4.962e-09,ExampleGeneB
3.8863636,-3.0681818,2.412e-09,ExampleGeneB
4.0909091,-3.0681818,1.088e-09,ExampleGeneB
4.2954545,-3.0681818,4.56e-10,ExampleGeneB
4.5,-3.0681818,1.77e-10,ExampleGeneB
-4.5,-2.8636364,0.0,ExampleGeneB
-4.2954545,-2.8636364,0.0,ExampleGeneB
-4.0909091,-2.8636364,0.0,ExampleGeneB
-3.8863636,-2.8636364,0.0,ExampleGeneB
-3.6818182,-2.8636364,0.0,ExampleGeneB
-3.4772727,-2.8636364,0.0,ExampleGeneB
-3.2727273,-2.8636364,0.0,ExampleGeneB
-3.0681818,-2.8636364,0.0,ExampleGeneB
-2.8636364,-2.8636364,0.0,ExampleGeneB
-2.6590909,-2.8636364,0.0,ExampleGeneB
-2.4545455,-2.8636364,0.0,ExampleGeneB
-2.25,-2.8636364,0.0,ExampleGeneB
-2.0454545,-2.8636364,1e-12,ExampleGeneB
-1.8409091,-2.8636364,4e-12,ExampleGeneB
-1.6363636,-2.8636364,1.4e-11,ExampleGeneB
-1.4318182,-2.8636364,4.5e-11,ExampleGeneB
-1.2272727,-2.8636364,1.42e-10,ExampleGeneB
-1.0227273,-2.8636364,4.1e-10,ExampleGeneB
-0.8181818,-2.8636364,1.103e-09,ExampleGeneB
-0.6136364,-2.8636364,2.755e-09,ExampleGeneB
-0.4090909,-2.8636364,6.384e-09,ExampleGeneB
-0.2045455,-2.8636364,1.3735e-08,ExampleGeneB
0.0,-2.8636364,2.7432e-08,ExampleGeneB
0.2045455,-2.8636364,5.0859e-08,ExampleGeneB
0.4090909,-2.8636364,8.7534e-08,ExampleGeneB
0.6136364,-2.8636364,1.39858e-07,ExampleGeneB
0.8181818,-2.8636364,2.07439e-07,ExampleGeneB
1.0227273,-2.8636364,2.85623e-07,ExampleGeneB
1.2272727,-2.8636364,3.65084e-07,ExampleGeneB
1.4318182,-2.8636364,4.33201e-07,ExampleGeneB
1.6363636,-2.8636364,4.77181e-07,ExampleGeneB
1.8409091,-2.8636364,4.87949e-07,ExampleGeneB
2.0454545,-2.8636364,4.63193e-07,ExampleGeneB
2.25,-2.8636364,4.08176e-07,ExampleGeneB
2.4545455,-2.8636364,3.3391e-07,ExampleGeneB
2.6590909,-2.8636364,2.53576e-07,ExampleGeneB
2.8636364,-2.8636364,1.78766e-07,ExampleGeneB
3.0681818,-2.8636364,1.16993e-07,ExampleGeneB
3.2727273,-2.8636364,7.1077e-08,ExampleGeneB
3.4772727,-2.8636364,4.0086e-08,ExampleGeneB
3.6818182,-2.8636364,2.0988e-08,ExampleGeneB
3.8863636,-2.8636364,1.0201e-08,ExampleGeneB
4.0909091,-2.8636364,4.602e-09,ExampleGeneB
4.2954545,-2.8636364,1.928e-09,ExampleGeneB
4.5,-2.8636364,7.5e-10,ExampleGeneB
-4.5,-2.6590909,0.0,ExampleGeneB
-4.2954545,-2.6590909,0.0,ExampleGeneB
-4.0909091,-2.6590909,0.0,ExampleGeneB
-3.8863636,-2.6590909,0.0,ExampleGeneB
-3.6818182,-2.6590909,0.0,ExampleGeneB
-3.4772727,-2.6590909,0.0,ExampleGeneB
-3.2727273,-2.6590909,0.0,ExampleGeneB
-3.0681818,-2.6590909,0.0,ExampleGeneB
-2.8636364,-2.6590909,0.0,ExampleGeneB
-2.6590909,-2.6590909,0.0,ExampleGeneB
-2.4545455,-2.6590909,0.0,ExampleGeneB
-2.25,-2.6590909,1e-12,ExampleGeneB
-2.0454545,-2.6590909,4e-12,ExampleGeneB
-1.8409091,-2.6590909,1.5e-11,ExampleGeneB
-1.6363636,-2.6590909,5.3e-11,ExampleGeneB
-1.4318182,-2.6590909,1.78e-10,ExampleGeneB
-1.2272727,-2.6590909,5.56e-10,ExampleGeneB
-1.0227273,-2.6590909,1.611e-09,ExampleGeneB
-0.8181818,-2.6590909,4.333e-09,ExampleGeneB
-0.6136364,-2.6590909,1.0817e-08,ExampleGeneB
-0.4090909,-2.6590909,2.5069e-08,ExampleGeneB
-0.2045455,-2.6590909,5.3932e-08,ExampleGeneB
0.0,-2.6590909,1.07713e-07,ExampleGeneB
0.2045455,-2.6590909,1.99701e-07,ExampleGeneB
0.4090909,-2.6590909,3.4371e-07,ExampleGeneB
0.6136364,-2.6590909,5.49162e-07,ExampleGeneB
0.8181818,-2.6590909,8.14527e-07,ExampleGeneB
1.0227273,-2.6590909,1.121523e-06,ExampleGeneB
1.2272727,-2.6590909,1.433533e-06,ExampleGeneB
1.4318182,-2.6590909,1.701e-06,ExampleGeneB
1.6363636,-2.6590909,1.873691e-06,ExampleGeneB
1.8409091,-2.6590909,1.915971e-06,ExampleGeneB
2.0454545,-2.6590909,1.818766e-06,ExampleGeneB
2.25,-2.6590909,1.602736e-06,ExampleGeneB
2.4545455,-2.6590909,1.311125e-06,ExampleGeneB
2.6590909,-2.6590909,9.95688e-07,ExampleGeneB
2.8636364,-2.6590909,7.0194e-07,ExampleGeneB
3.0681818,-2.6590909,4.59381e-07,ExampleGeneB
3.2727273,-2.6590909,2.7909e-07,ExampleGeneB
3.4772727,-2.6590909,1.57403e-07,ExampleGeneB
3.6818182,-2.6590909,8.2409e-08,ExampleGeneB
3.8863636,-2.6590909,4.0053e-08,ExampleGeneB
4.0909091,-2.6590909,1.8072e-08,ExampleGeneB
4.2954545,-2.6590909,7.569e-09,ExampleGeneB
4.5,-2.6590909,2.943e-09,ExampleGeneB
-4.5,-2.4545455,0.0,ExampleGeneB
-4.2954545,-2.4545455,0.0,ExampleGeneB
-4.0909091,-2.4545455,0.0,ExampleGeneB
-3.8863636,-2.4545455,0.0,ExampleGeneB
-3.6818182,-2.4545455,0.0,ExampleGeneB
-3.4772727,-2.4545455,0.0,ExampleGeneB
-3.2727273,-2.4545455,0.0,ExampleGeneB
-3.0681818,-2.4545455,0.0,ExampleGeneB
-2.8636364,-2.4545455,0.0,ExampleGeneB
-2.6590909,-2.4545455,0.0,ExampleGeneB
-2.4545455,-2.4545455,1e-12,ExampleGeneB
-2.25,-2.4545455,3e-12,ExampleGeneB
-2.0454545,-2.4545455,1.4e-11,ExampleGeneB
-1.8409091,-2.4545455,5.3e-11,ExampleGeneB
-1.6363636,-2.4545455,1.93e-10,ExampleGeneB
-1.4318182,-2.4545455,6.5e-10,ExampleGeneB
-1.2272727,-2.4545455,2.027e-09,ExampleGeneB
-1.0227273,-2.4545455,5.873e-09,ExampleGeneB
-0.8181818,-2.4545455,1.5794e-08,ExampleGeneB
-0.6136364,-2.4545455,3.9429e-08,ExampleGeneB
-0.4090909,-2.4545455,9.1378e-08,ExampleGeneB
-0.2045455,-2.4545455,1.9659e-07,ExampleGeneB
0.0,-2.4545455,3.92625e-07,ExampleGeneB
0.2045455,-2.4545455,7.27934e-07,ExampleGeneB
0.4090909,-2.4545455,1.252862e-06,ExampleGeneB
0.6136364,-2.4545455,2.001758e-06,ExampleGeneB
0.8181818,-2.4545455,2.969046e-06,ExampleGeneB
1.0227273,-2.4545455,4.08808e-06,ExampleGeneB
1.2272727,-2.4545455,5.225393e-06,ExampleGeneB
1.4318182,-2.4545455,6.200341e-06,ExampleGeneB
1.6363636,-2.4545455,6.829822e-06,ExampleGeneB
1.8409091,-2.4545455,6.983936e-06,ExampleGeneB
2.0454545,-2.4545455,6.629613e-06,ExampleGeneB
2.25,-2.4545455,5.842158e-06,ExampleGeneB
2.4545455,-2.4545455,4.779203e-06,ExampleGeneB
2.6590909,-2.4545455,3.629399e-06,ExampleGeneB
2.8636364,-2.4545455,2.558651e-06,ExampleGeneB
3.0681818,-2.4545455,1.674498e-06,ExampleGeneB
3.2727273,-2.4545455,1.017314e-06,ExampleGeneB
3.4772727,-2.4545455,5.7375e-07,ExampleGeneB
3.6818182,-2.4545455,3.00392e-07,ExampleGeneB
3.8863636,-2.4545455,1.45999e-07,ExampleGeneB
4.0909091,-2.4545455,6.5873e-08,ExampleGeneB
4.2954545,-2.4545455,2.7591e-08,ExampleGeneB
4.5,-2.4545455,1.0728e-08,ExampleGeneB
-4.5,-2.25,0.0,ExampleGeneB
-4.2954545,-2.25,0.0,ExampleGeneB
-4.0909091,-2.25,0.0,ExampleGeneB
-3.8863636,-2.25,0.0,ExampleGeneB
-3.6818182,-2.25,0.0,ExampleGeneB
-3.4772727,-2.25,0.0,ExampleGeneB
-3.2727273,-2.25,0.0,ExampleGeneB
-3.0681818,-2.25,0.0,ExampleGeneB
-2.8636364,-2.25,0.0,ExampleGeneB
-2.6590909,-2.25,0.0,ExampleGeneB
-2.4545455,-2.25,2e-12,ExampleGeneB
-2.25,-2.25,1.1e-11,ExampleGeneB
-2.0454545,-2.25,4.6e-11,ExampleGeneB
-1.8409091,-2.25,1.81e-10,ExampleGeneB
-1.6363636,-2.25,6.54e-10,ExampleGeneB
-1.4318182,-2.25,2.198e-09,ExampleGeneB
-1.2272727,-2.25,6.86e-09,ExampleGeneB
-1.0227273,-2.25,1.9873e-08,ExampleGeneB
-0.8181818,-2.25,5.3444e-08,ExampleGeneB
-0.6136364,-2.25,1.33422e-07,ExampleGeneB
-0.4090909,-2.25,3.09208e-07,ExampleGeneB
-0.2045455,-2.25,6.65227e-07,ExampleGeneB
0.0,-2.25,1.328577e-06,ExampleGeneB
0.2045455,-2.25,2.463207e-06,ExampleGeneB
0.4090909,-2.25,4.239474e-06,ExampleGeneB
0.6136364,-2.25,6.773612e-06,ExampleGeneB
0.8181818,-2.25,1.004675e-05,ExampleGeneB
1.0227273,-2.25,1.3833373e-05,ExampleGeneB
1.2272727,-2.25,1.7681846e-05,ExampleGeneB
1.4318182,-2.25,2.0980908e-05,ExampleGeneB
1.6363636,-2.25,2.3110963e-05,ExampleGeneB
1.8409091,-2.25,2.3632459e-05,ExampleGeneB
2.0454545,-2.25,2.2433493e-05,ExampleGeneB
2.25,-2.25,1.9768875e-05,ExampleGeneB
2.4545455,-2.25,1.6172015e-05,ExampleGeneB
2.6590909,-2.25,1.2281274e-05,ExampleGeneB
2.8636364,-2.25,8.658044e-06,ExampleGeneB
3.0681818,-2.25,5.666219e-06,ExampleGeneB
3.2727273,-2.25,3.44242e-06,ExampleGeneB
3.4772727,-2.25,1.941474e-06,ExampleGeneB
3.6818182,-2.25,1.016474e-06,ExampleGeneB
3.8863636,-2.25,4.94036e-07,ExampleGeneB
4.0909091,-2.25,2.22904e-07,ExampleGeneB
4.2954545,-2.25,9.3363e-08,ExampleGeneB
4.5,-2.25,3.6302e-08,ExampleGeneB
-4.5,-2.0454545,0.0,ExampleGeneB
-4.2954545,-2.0454545,0.0,ExampleGeneB
-4.0909091,-2.0454545,0.0,ExampleGeneB
-3.8863636,-2.0454545,0.0,ExampleGeneB
-3.6818182,-2.0454545,0.0,ExampleGeneB
-3.4772727,-2.0454545,0.0,ExampleGeneB
-3.2727273,-2.0454545,0.0,ExampleGeneB
-3.0681818,-2.0454545,0.0,ExampleGeneB
-2.8636364,-2.0454545,0.0,ExampleGeneB
-2.6590909,-2.0454545,2e-12,ExampleGeneB
-2.4545455,-2.0454545,8e-12,ExampleGeneB
-2.25,-2.0454545,3.5e-11,ExampleGeneB
-2.0454545,-2.0454545,1.45e-10,ExampleGeneB
-1.8409091,-2.0454545,5.67e-10,ExampleGeneB
-1.6363636,-2.0454545,2.054e-09,ExampleGeneB
-1.4318182,-2.0454545,6.906e-09,ExampleGeneB
-1.2272727,-2.0454545,2.155e-08,ExampleGeneB
-1.0227273,-2.0454545,6.2428e-08,ExampleGeneB
-0.8181818,-2.0454545,1.67883e-07,ExampleGeneB
-0.6136364,-2.0454545,4.19115e-07,ExampleGeneB
-0.4090909,-2.0454545,9.71306e-07,ExampleGeneB
-0.2045455,-2.0454545,2.08966e-06,ExampleGeneB
0.0,-2.0454545,4.173425e-06,ExampleGeneB
0.2045455,-2.0454545,7.737608e-06,ExampleGeneB
0.4090909,-2.0454545,1.3317349e-05,ExampleGeneB
0.6136364,-2.0454545,2.1277768e-05,ExampleGeneB
0.8181818,-2.0454545,3.1559592e-05,ExampleGeneB
1.0227273,-2.0454545,4.345441e-05,ExampleGeneB
1.2272727,-2.0454545,5.5543518e-05,ExampleGeneB
1.4318182,-2.0454545,6.5906775e-05,ExampleGeneB
1.6363636,-2.0454545,7.2597859e-05,ExampleGeneB
1.8409091,-2.0454545,7.4236021e-05,ExampleGeneB
2.0454545,-2.0454545,7.046974e-05,ExampleGeneB
2.25,-2.0454545,6.2099448e-05,ExampleGeneB
2.4545455,-2.0454545,5.0800723e-05,ExampleGeneB
2.6590909,-2.0454545,3.8578844e-05,ExampleGeneB
2.8636364,-2.0454545,2.7197286e-05,ExampleGeneB
3.0681818,-2.0454545,1.7799144e-05,ExampleGeneB
3.2727273,-2.0454545,1.0813584e-05,ExampleGeneB
3.4772727,-2.0454545,6.098702e-06,ExampleGeneB
3.6818182,-2.0454545,3.193024e-06,ExampleGeneB
3.8863636,-2.0454545,1.551902e-06,ExampleGeneB
4.0909091,-2.0454545,7.00202e-07,ExampleGeneB
4.2954545,-2.0454545,2.93278e-07,ExampleGeneB
4.5,-2.0454545,1.14034e-07,ExampleGeneB
-4.5,-1.8409091,0.0,ExampleGeneB
-4.2954545,-1.8409091,0.0,ExampleGeneB
-4.0909091,-1.8409091,0.0,ExampleGeneB
-3.8863636,-1.8409091,0.0,ExampleGeneB
-3.6818182,-1.8409091,0.0,ExampleGeneB
-3.4772727,-1.8409091,0.0,ExampleGeneB
-3.2727273,-1.8409091,0.0,ExampleGeneB
-3.0681818,-1.8409091,0.0,ExampleGeneB
-2.8636364,-1.8409091,1e-12,ExampleGeneB
-2.6590909,-1.8409091,5e-12,ExampleGeneB
-2.4545455,-1.8409091,2.2e-11,ExampleGeneB
-2.25,-1.8409091,1.01e-10,ExampleGeneB
-2.0454545,-1.8409091,4.24e-10,ExampleGeneB
-1.8409091,-1.8409091,1.654e-09,ExampleGeneB
-1.6363636,-1.8409091,5.991e-09,ExampleGeneB
-1.4318182,-1.8409091,2.0138e-08,ExampleGeneB
-1.2272727,-1.8409091,6.2842e-08,ExampleGeneB
-1.0227273,-1.8409091,1.82046e-07,ExampleGeneB
-0.8181818,-1.8409091,4.89565e-07,ExampleGeneB
-0.6136364,-1.8409091,1.222182e-06,ExampleGeneB
-0.4090909,-1.8409091,2.832426e-06,ExampleGeneB
-0.2045455,-1.8409091,6.093661e-06,ExampleGeneB
0.0,-1.8409091,1.2170132e-05,ExampleGeneB
0.2045455,-1.8409091,2.2563651e-05,ExampleGeneB
0.4090909,-1.8409091,3.8834743e-05,ExampleGeneB
0.6136364,-1.8409091,6.2048134e-05,ExampleGeneB
0.8181818,-1.8409091,9.2030974e-05,ExampleGeneB
1.0227273,-1.8409091,0.000126717472,ExampleGeneB
1.2272727,-1.8409091,0.000161970539,ExampleGeneB
1.4318182,-1.8409091,0.000192190848,ExampleGeneB
1.6363636,-1.8409091,0.000211702729,ExampleGeneB
1.8409091,-1.8409091,0.000216479776,ExampleGeneB
2.0454545,-1.8409091,0.000205496918,ExampleGeneB
2.25,-1.8409091,0.000181088296,ExampleGeneB
2.4545455,-1.8409091,0.000148140069,ExampleGeneB
2.6590909,-1.8409091,0.000112499828,ExampleGeneB
2.8636364,-1.8409091,7.9310048e-05,ExampleGeneB
3.0681818,-1.8409091,5.1904111e-05,ExampleGeneB
3.2727273,-1.8409091,3.153351e-05,ExampleGeneB
3.4772727,-1.8409091,1.7784435e-05,ExampleGeneB
3.6818182,-1.8409091,9.311182e-06,ExampleGeneB
3.8863636,-1.8409091,4.525503e-06,ExampleGeneB
4.0909091,-1.8409091,2.041859e-06,ExampleGeneB
4.2954545,-1.8409091,8.55228e-07,ExampleGeneB
4.5,-1.8409091,3.32533e-07,ExampleGeneB
-4.5,-1.6363636,0.0,ExampleGeneB
-4.2954545,-1.6363636,0.0,ExampleGeneB
-4.0909091,-1.6363636,0.0,ExampleGeneB
-3.8863636,-1.6363636,0.0,ExampleGeneB
-3.6818182,-1.6363636,0.0,ExampleGeneB
-3.4772727,-1.6363636,0.0,ExampleGeneB
-3.2727273,-1.6363636,0.0,ExampleGeneB
-3.0681818,-1.6363636,0.0,ExampleGeneB
-2.8636364,-1.6363636,2e-12,ExampleGeneB
-2.6590909,-1.6363636,1.2e-11,ExampleGeneB
-2.4545455,-1.6363636,6e-11,ExampleGeneB
-2.25,-1.6363636,2.73e-10,ExampleGeneB
-2.0454545,-1.6363636,1.148e-09,ExampleGeneB
-1.8409091,-1.6363636,4.479e-09,ExampleGeneB
-1.6363636,-1.6363636,1.6217e-08,ExampleGeneB
-1.4318182,-1.6363636,5.4515e-08,ExampleGeneB
-1.2272727,-1.6363636,1.70118e-07,ExampleGeneB
-1.0227273,-1.6363636,4.92812e-07,ExampleGeneB
-0.8181818,-1.6363636,1.325288e-06,ExampleGeneB
-0.6136364,-1.6363636,3.308535e-06,ExampleGeneB
-0.4090909,-1.6363636,7.667584e-06,ExampleGeneB
-0.2045455,-1.6363636,1.6495985e-05,ExampleGeneB
0.0,-1.6363636,3.2945435e-05,ExampleGeneB
0.2045455,-1.6363636,6.108145e-05,ExampleGeneB
0.4090909,-1.6363636,0.000105128486,ExampleGeneB
0.6136364,-1.6363636,0.000167968828,ExampleGeneB
0.8181818,-1.6363636,0.000249134568,ExampleGeneB
1.0227273,-1.6363636,0.00034303345,ExampleGeneB
1.2272727,-1.6363636,0.000438466076,ExampleGeneB
1.4318182,-1.6363636,0.00052027466,ExampleGeneB
1.6363636,-1.6363636,0.000573094747,ExampleGeneB
1.8409091,-1.6363636,0.000586026562,ExampleGeneB
2.0454545,-1.6363636,0.000556295162,ExampleGeneB
2.25,-1.6363636,0.00049021924,ExampleGeneB
2.4545455,-1.6363636,0.000401025983,ExampleGeneB
2.6590909,-1.6363636,0.000304545249,ExampleGeneB
2.8636364,-1.6363636,0.000214698092,ExampleGeneB
3.0681818,-1.6363636,0.000140508219,ExampleGeneB
3.2727273,-1.6363636,8.5363513e-05,ExampleGeneB
3.4772727,-1.6363636,4.8143765e-05,ExampleGeneB
3.6818182,-1.6363636,2.520605e-05,ExampleGeneB
3.8863636,-1.6363636,1.2250866e-05,ExampleGeneB
4.0909091,-1.6363636,5.527462e-06,ExampleGeneB
4.2954545,-1.6363636,2.315165e-06,ExampleGeneB
4.5,-1.6363636,9.00192e-07,ExampleGeneB
-4.5,-1.4318182,0.0,ExampleGeneB
-4.2954545,-1.4318182,0.0,ExampleGeneB
-4.0909091,-1.4318182,0.0,ExampleGeneB
-3.8863636,-1.4318182,0.0,ExampleGeneB
-3.6818182,-1.4318182,0.0,ExampleGeneB
-3.4772727,-1.4318182,0.0,ExampleGeneB
-3.2727273,-1.4318182,0.0,ExampleGeneB
-3.0681818,-1.4318182,1e-12,ExampleGeneB
-2.8636364,-1.4318182,6e-12,ExampleGeneB
-2.6590909,-1.4318182,3.1e-11,ExampleGeneB
-2.4545455,-1.4318182,1.52e-10,ExampleGeneB
-2.25,-1.4318182,6.87e-10,ExampleGeneB
-2.0454545,-1.4318182,2.885e-09,ExampleGeneB
-1.8409091,-1.4318182,1.1255e-08,ExampleGeneB
-1.6363636,-1.4318182,4.0755e-08,ExampleGeneB
-1.4318182,-1.4318182,1.36998e-07,ExampleGeneB
-1.2272727,-1.4318182,4.27511e-07,ExampleGeneB
-1.0227273,-1.4318182,1.23845e-06,ExampleGeneB
-0.8181818,-1.4318182,3.330482e-06,ExampleGeneB
-0.6136364,-1.4318182,8.314432e-06,ExampleGeneB
-0.4090909,-1.4318182,1.9268832e-05,ExampleGeneB
-0.2045455,-1.4318182,4.1454829e-05,ExampleGeneB
0.0,-1.4318182,8.2792715e-05,ExampleGeneB
0.2045455,-1.4318182,0.000153499234,ExampleGeneB
0.4090909,-1.4318182,0.000264190552,ExampleGeneB
0.6136364,-1.4318182,0.000422109927,ExampleGeneB
0.8181818,-1.4318182,0.00062608149,ExampleGeneB
1.0227273,-1.4318182,0.000862051763,ExampleGeneB
1.2272727,-1.4318182,0.001101876372,ExampleGeneB
1.4318182,-1.4318182,0.001307463419,ExampleGeneB
1.6363636,-1.4318182,0.00144020164,ExampleGeneB
1.8409091,-1.4318182,0.001472699617,ExampleGeneB
2.0454545,-1.4318182,0.001397983856,ExampleGeneB
2.25,-1.4318182,0.001231933387,ExampleGeneB
2.4545455,-1.4318182,0.001007788469,ExampleGeneB
2.6590909,-1.4318182,0.000765329936,ExampleGeneB
2.8636364,-1.4318182,0.000539541751,ExampleGeneB
3.0681818,-1.4318182,0.000353100719,ExampleGeneB
3.2727273,-1.4318182,0.000214520674,ExampleGeneB
3.4772727,-1.4318182,0.000120986504,ExampleGeneB
3.6818182,-1.4318182,6.3343444e-05,ExampleGeneB
3.8863636,-1.4318182,3.0786738e-05,ExampleGeneB
4.0909091,-1.4318182,1.3890652e-05,ExampleGeneB
4.2954545,-1.4318182,5.818069e-06,ExampleGeneB
4.5,-1.4318182,2.262205e-06,ExampleGeneB
-4.5,-1.2272727,0.0,ExampleGeneB
-4.2954545,-1.2272727,0.0,ExampleGeneB
-4.0909091,-1.2272727,0.0,ExampleGeneB
-3.8863636,-1.2272727,0.0,ExampleGeneB
-3.6818182,-1.2272727,0.0,ExampleGeneB
-3.4772727,-1.2272727,0.0,ExampleGeneB
-3.2727273,-1.2272727,0.0,ExampleGeneB
-3.0681818,-1.2272727,2e-12,ExampleGeneB
-2.8636364,-1.2272727,1.4e-11,ExampleGeneB
-2.6590909,-1.2272727,7.3e-11,ExampleGeneB
-2.4545455,-1.2272727,3.54e-10,ExampleGeneB
-2.25,-1.2272727,1.602e-09,ExampleGeneB
-2.0454545,-1.2272727,6.731e-09,ExampleGeneB
-1.8409091,-1.2272727,2.6256e-08,ExampleGeneB
-1.6363636,-1.2272727,9.5076e-08,ExampleGeneB
-1.4318182,-1.2272727,3.196e-07,ExampleGeneB
-1.2272727,-1.2272727,9.97336e-07,ExampleGeneB
-1.0227273,-1.2272727,2.889167e-06,ExampleGeneB
-0.8181818,-1.2272727,7.769646e-06,ExampleGeneB
-0.6136364,-1.2272727,1.9396651e-05,ExampleGeneB
-0.4090909,-1.2272727,4.4952056e-05,ExampleGeneB
-0.2045455,-1.2272727,9.6709535e-05,ExampleGeneB
0.0,-1.2272727,0.000193146255,ExampleGeneB
0.2045455,-1.2272727,0.000358096749,ExampleGeneB
0.4090909,-1.2272727,0.000616327362,ExampleGeneB
0.6136364,-1.2272727,0.000984735813,ExampleGeneB
0.8181818,-1.2272727,0.001460578929,ExampleGeneB
1.0227273,-1.2272727,0.002011071498,ExampleGeneB
1.2272727,-1.2272727,0.00257055581,ExampleGeneB
1.4318182,-1.2272727,0.003050167672,ExampleGeneB
1.6363636,-1.2272727,0.003359831272,ExampleGeneB
1.8409091,-1.2272727,0.003435645462,ExampleGeneB
2.0454545,-1.2272727,0.003261341848,ExampleGeneB
2.25,-1.2272727,0.002873964454,ExampleGeneB
2.4545455,-1.2272727,0.00235105913,ExampleGeneB
2.6590909,-1.2272727,0.001785430166,ExampleGeneB
2.8636364,-1.2272727,0.001258691282,ExampleGeneB
3.0681818,-1.2272727,0.000823744956,ExampleGeneB
3.2727273,-1.2272727,0.000500453027,ExampleGeneB
3.4772727,-1.2272727,0.000282248143,ExampleGeneB
3.6818182,-1.2272727,0.000147773256,ExampleGeneB
3.8863636,-1.2272727,7.1822057e-05,ExampleGeneB
4.0909091,-1.2272727,3.2405355e-05,ExampleGeneB
4.2954545,-1.2272727,1.3572911e-05,ExampleGeneB
4.5,-1.2272727,5.277475e-06,ExampleGeneB
-4.5,-1.0227273,0.0,ExampleGeneB
-4.2954545,-1.0227273,0.0,ExampleGeneB
-4.0909091,-1.0227273,0.0,ExampleGeneB
-3.8863636,-1.0227273,0.0,ExampleGeneB
-3.6818182,-1.0227273,0.0,ExampleGeneB
-3.4772727,-1.0227273,0.0,ExampleGeneB
-3.2727273,-1.0227273,1e-12,ExampleGeneB
-3.0681818,-1.0227273,5e-12,ExampleGeneB
-2.8636364,-1.0227273,3e-11,ExampleGeneB
-2.6590909,-1.0227273,1.57e-10,ExampleGeneB
-2.4545455,-1.0227273,7.66e-10,ExampleGeneB
-2.25,-1.0227273,3.469e-09,ExampleGeneB
-2.0454545,-1.0227273,1.4577e-08,ExampleGeneB
-1.8409091,-1.0227273,5.6862e-08,ExampleGeneB
-1.6363636,-1.0227273,2.05902e-07,ExampleGeneB
-1.4318182,-1.0227273,6.92147e-07,ExampleGeneB
-1.2272727,-1.0227273,2.159894e-06,ExampleGeneB
-1.0227273,-1.0227273,6.256965e-06,ExampleGeneB
-0.8181818,-1.0227273,1.6826444e-05,ExampleGeneB
-0.6136364,-1.0227273,4.2006632e-05,ExampleGeneB
-0.4090909,-1.0227273,9.7351054e-05,ExampleGeneB
-0.2045455,-1.0227273,0.000209440369,ExampleGeneB
0.0,-1.0227273,0.000418289914,ExampleGeneB
0.2045455,-1.0227273,0.000775517281,ExampleGeneB
0.4090909,-1.0227273,0.001334758054,ExampleGeneB
0.6136364,-1.0227273,0.002132607017,ExampleGeneB
0.8181818,-1.0227273,0.003163123378,ExampleGeneB
1.0227273,-1.0227273,0.004355305384,ExampleGeneB
1.2272727,-1.0227273,0.005566960482,ExampleGeneB
1.4318182,-1.0227273,0.006605638684,ExampleGeneB
1.6363636,-1.0227273,0.007276266031,ExampleGeneB
1.8409091,-1.0227273,0.007440454102,ExampleGeneB
2.0454545,-1.0227273,0.007062971018,ExampleGeneB
2.25,-1.0227273,0.006224041697,ExampleGeneB
2.4545455,-1.0227273,0.005091604399,ExampleGeneB
2.6590909,-1.0227273,0.003866642047,ExampleGeneB
2.8636364,-1.0227273,0.002725902546,ExampleGeneB
3.0681818,-1.0227273,0.001783954894,ExampleGeneB
3.2727273,-1.0227273,0.001083813164,ExampleGeneB
3.4772727,-1.0227273,0.000611254675,ExampleGeneB
3.6818182,-1.0227273,0.000320027237,ExampleGeneB
3.8863636,-1.0227273,0.000155542453,ExampleGeneB
4.0909091,-1.0227273,7.0179115e-05,ExampleGeneB
4.2954545,-1.0227273,2.9394367e-05,ExampleGeneB
4.5,-1.0227273,1.1429238e-05,ExampleGeneB
-4.5,-0.8181818,0.0,ExampleGeneB
-4.2954545,-0.8181818,0.0,ExampleGeneB
-4.0909091,-0.8181818,0.0,ExampleGeneB
-3.8863636,-0.8181818,0.0,ExampleGeneB
-3.6818182,-0.8181818,0.0,ExampleGeneB
-3.4772727,-0.8181818,0.0,ExampleGeneB
-3.2727273,-0.8181818,2e-12,ExampleGeneB
-3.0681818,-0.8181818,1.1e-11,ExampleGeneB
-2.8636364,-0.8181818,6e-11,ExampleGeneB
-2.6590909,-0.8181818,3.16e-10,ExampleGeneB
-2.4545455,-0.8181818,1.541e-09,ExampleGeneB
-2.25,-0.8181818,6.975e-09,ExampleGeneB
-2.0454545,-0.8181818,2.9307e-08,ExampleGeneB
-1.8409091,-0.8181818,1.14317e-07,ExampleGeneB
-1.6363636,-0.8181818,4.13951e-07,ExampleGeneB
-1.4318182,-0.8181818,1.39151e-06,ExampleGeneB
-1.2272727,-0.8181818,4.34231e-06,ExampleGeneB
-1.0227273,-0.8181818,1.2579174e-05,ExampleGeneB
-0.8181818,-0.8181818,3.3828342e-05,ExampleGeneB
-0.6136364,-0.8181818,8.4451277e-05,ExampleGeneB
-0.4090909,-0.8181818,0.000195717213,ExampleGeneB
-0.2045455,-0.8181818,0.000421064627,ExampleGeneB
0.0,-0.8181818,0.000840941443,ExampleGeneB
0.2045455,-0.8181818,0.001559121079,ExampleGeneB
0.4090909,-0.8181818,0.00268343397,ExampleGeneB
0.6136364,-0.8181818,0.004287451271,ExampleGeneB
0.8181818,-0.8181818,0.006359229452,ExampleGeneB
1.0227273,-0.8181818,0.008756024649,ExampleGeneB
1.2272727,-0.8181818,0.011191969081,ExampleGeneB
1.4318182,-0.8181818,0.013280156049,ExampleGeneB
1.6363636,-0.8181818,0.014628403544,ExampleGeneB
1.8409091,-0.8181818,0.014958491719,ExampleGeneB
2.0454545,-0.8181818,0.014199589437,ExampleGeneB
2.25,-0.8181818,0.012512983065,ExampleGeneB
2.4545455,-0.8181818,0.010236300257,ExampleGeneB
2.6590909,-0.8181818,0.007773602557,ExampleGeneB
2.8636364,-0.8181818,0.005480228773,ExampleGeneB
3.0681818,-0.8181818,0.003586511542,ExampleGeneB
3.2727273,-0.8181818,0.002178927525,ExampleGeneB
3.4772727,-0.8181818,0.001228883059,ExampleGeneB
3.6818182,-0.8181818,0.000643391481,ExampleGeneB
3.8863636,-0.8181818,0.000312706786,ExampleGeneB
4.0909091,-0.8181818,0.000141090006,ExampleGeneB
4.2954545,-0.8181818,5.9095237e-05,ExampleGeneB
4.5,-0.8181818,2.2977651e-05,ExampleGeneB
-4.5,-0.6136364,0.0,ExampleGeneB
-4.2954545,-0.6136364,0.0,ExampleGeneB
-4.0909091,-0.6136364,0.0,ExampleGeneB
-3.8863636,-0.6136364,0.0,ExampleGeneB
-3.6818182,-0.6136364,0.0,ExampleGeneB
-3.4772727,-0.6136364,0.0,ExampleGeneB
-3.2727273,-0.6136364,3e-12,ExampleGeneB
-3.0681818,-0.6136364,2e-11,ExampleGeneB
-2.8636364,-0.6136364,1.12e-10,ExampleGeneB
-2.6590909,-0.6136364,5.9e-10,ExampleGeneB
-2.4545455,-0.6136364,2.876e-09,ExampleGeneB
-2.25,-0.6136364,1.3017e-08,ExampleGeneB
-2.0454545,-0.6136364,5.4696e-08,ExampleGeneB
-1.8409091,-0.6136364,2.13351e-07,ExampleGeneB
-1.6363636,-0.6136364,7.72564e-07,ExampleGeneB
-1.4318182,-0.6136364,2.596999e-06,ExampleGeneB
-1.2272727,-0.6136364,8.104125e-06,ExampleGeneB
-1.0227273,-0.6136364,2.3476721e-05,ExampleGeneB
-0.8181818,-0.6136364,6.3134398e-05,ExampleGeneB
-0.6136364,-0.6136364,0.000157612824,ExampleGeneB
-0.4090909,-0.6136364,0.000365270292,ExampleGeneB
-0.2045455,-0.6136364,0.000785839921,ExampleGeneB
0.0,-0.6136364,0.001569463011,ExampleGeneB
0.2045455,-0.6136364,0.002909813618,ExampleGeneB
0.4090909,-0.6136364,0.00500813748,ExampleGeneB
0.6136364,-0.6136364,0.008001741665,ExampleGeneB
0.8181818,-0.6136364,0.011868335765,ExampleGeneB
1.0227273,-0.6136364,0.016341514534,ExampleGeneB
1.2272727,-0.6136364,0.02088775817,ExampleGeneB
1.4318182,-0.6136364,0.024784976261,ExampleGeneB
1.6363636,-0.6136364,0.027301233002,ExampleGeneB
1.8409091,-0.6136364,0.027917282056,ExampleGeneB
2.0454545,-0.6136364,0.026500930097,ExampleGeneB
2.25,-0.6136364,0.023353188554,ExampleGeneB
2.4545455,-0.6136364,0.019104177538,ExampleGeneB
2.6590909,-0.6136364,0.014508003833,ExampleGeneB
2.8636364,-0.6136364,0.010227842169,ExampleGeneB
3.0681818,-0.6136364,0.006693566182,ExampleGeneB
3.2727273,-0.6136364,0.004066568705,ExampleGeneB
3.4772727,-0.6136364,0.002293484906,ExampleGeneB
3.6818182,-0.6136364,0.001200772229,ExampleGeneB
3.8863636,-0.6136364,0.00058360988,ExampleGeneB
4.0909091,-0.6136364,0.000263318626,ExampleGeneB
4.2954545,-0.6136364,0.000110290425,ExampleGeneB
4.5,-0.6136364,4.2883572e-05,ExampleGeneB
-4.5,-0.4090909,0.0,ExampleGeneB
-4.2954545,-0.4090909,0.0,ExampleGeneB
-4.0909091,-0.4090909,0.0,ExampleGeneB
-3.8863636,-0.4090909,0.0,ExampleGeneB
-3.6818182,-0.4090909,0.0,ExampleGeneB
-3.4772727,-0.4090909,1e-12,ExampleGeneB
-3.2727273,-0.4090909,6e-12,ExampleGeneB
-3.0681818,-0.4090909,3.4e-11,ExampleGeneB
-2.8636364,-0.4090909,1.95e-10,ExampleGeneB
-2.6590909,-0.4090909,1.022e-09,ExampleGeneB
-2.4545455,-0.4090909,4.982e-09,ExampleGeneB
-2.25,-0.4090909,2.2552e-08,ExampleGeneB
-2.0454545,-0.4090909,9.4762e-08,ExampleGeneB
-1.8409091,-0.4090909,3.69638e-07,ExampleGeneB
-1.6363636,-0.4090909,1.338497e-06,ExampleGeneB
-1.4318182,-0.4090909,4.499397e-06,ExampleGeneB
-1.2272727,-0.4090909,1.4040699e-05,ExampleGeneB
-1.0227273,-0.4090909,4.0674292e-05,ExampleGeneB
-0.8181818,-0.4090909,0.000109382691,ExampleGeneB
-0.6136364,-0.4090909,0.000273070075,ExampleGeneB
-0.4090909,-0.4090909,0.000632844356,ExampleGeneB
-0.2045455,-0.4090909,0.00136149687,ExampleGeneB
0.0,-0.4090909,0.002719152997,ExampleGeneB
0.2045455,-0.4090909,0.005041360239,ExampleGeneB
0.4090909,-0.4090909,0.008676784316,ExampleGeneB
0.6136364,-0.4090909,0.013863314825,ExampleGeneB
0.8181818,-0.4090909,0.020562332809,ExampleGeneB
1.0227273,-0.4090909,0.028312281274,ExampleGeneB
1.2272727,-0.4090909,0.036188817338,ExampleGeneB
1.4318182,-0.4090909,0.042940892525,ExampleGeneB
1.6363636,-0.4090909,0.047300400847,ExampleGeneB
1.8409091,-0.4090909,0.048367728729,ExampleGeneB
2.0454545,-0.4090909,0.045913846321,ExampleGeneB
2.25,-0.4090909,0.040460267108,ExampleGeneB
2.4545455,-0.4090909,0.033098697605,ExampleGeneB
2.6590909,-0.4090909,0.025135655841,ExampleGeneB
2.8636364,-0.4090909,0.017720116684,ExampleGeneB
3.0681818,-0.4090909,0.011596852182,ExampleGeneB
3.2727273,-0.4090909,0.007045481419,ExampleGeneB
3.4772727,-0.4090909,0.003973547839,ExampleGeneB
3.6818182,-0.4090909,0.002080382514,ExampleGeneB
3.8863636,-0.4090909,0.001011125807,ExampleGeneB
4.0909091,-0.4090909,0.000456209306,ExampleGeneB
4.2954545,-0.4090909,0.000191082259,ExampleGeneB
4.5,-0.4090909,7.4297382e-05,ExampleGeneB
-4.5,-0.2045455,0.0,ExampleGeneB
-4.2954545,-0.2045455,0.0,ExampleGeneB
-4.0909091,-0.2045455,0.0,ExampleGeneB
-3.8863636,-0.2045455,0.0,ExampleGeneB
-3.6818182,-0.2045455,0.0,ExampleGeneB
-3.4772727,-0.2045455,1e-12,ExampleGeneB
-3.2727273,-0.2045455,9e-12,ExampleGeneB
-3.0681818,-0.2045455,5.5e-11,ExampleGeneB
-2.8636364,-0.2045455,3.13e-10,ExampleGeneB
-2.6590909,-0.2045455,1.643e-09,ExampleGeneB
-2.4545455,-0.2045455,8.013e-09,ExampleGeneB
-2.25,-0.2045455,3.6272e-08,ExampleGeneB
-2.0454545,-0.2045455,1.5241e-07,ExampleGeneB
-1.8409091,-0.2045455,5.94506e-07,ExampleGeneB
-1.6363636,-0.2045455,2.152766e-06,ExampleGeneB
-1.4318182,-0.2045455,7.236588e-06,ExampleGeneB
-1.2272727,-0.2045455,2.2582305e-05,ExampleGeneB
-1.0227273,-0.2045455,6.5418345e-05,ExampleGeneB
-0.8181818,-0.2045455,0.000175925243,ExampleGeneB
-0.6136364,-0.2045455,0.000439191238,ExampleGeneB
-0.4090909,-0.2045455,0.001017832861,ExampleGeneB
-0.2045455,-0.2045455,0.002189758417,ExampleGeneB
0.0,-0.2045455,0.004373339588,ExampleGeneB
0.2045455,-0.2045455,0.008108252951,ExampleGeneB
0.4090909,-0.2045455,0.013955273716,ExampleGeneB
0.6136364,-0.2045455,0.02229701073,ExampleGeneB
0.8181818,-0.2045455,0.033071351338,ExampleGeneB
1.0227273,-0.2045455,0.045535952067,ExampleGeneB
1.2272727,-0.2045455,0.05820414949,ExampleGeneB
1.4318182,-0.2045455,0.069063824451,ExampleGeneB
1.6363636,-0.2045455,0.076075423413,ExampleGeneB
1.8409091,-0.2045455,0.077792056233,ExampleGeneB
2.0454545,-0.2045455,0.073845363608,ExampleGeneB
2.25,-0.2045455,0.065074119807,ExampleGeneB
2.4545455,-0.2045455,0.053234166934,ExampleGeneB
2.6590909,-0.2045455,0.04042683839,ExampleGeneB
2.8636364,-0.2045455,0.028500083626,ExampleGeneB
3.0681818,-0.2045455,0.018651753985,ExampleGeneB
3.2727273,-0.2045455,0.011331573781,ExampleGeneB
3.4772727,-0.2045455,0.006390840857,ExampleGeneB
3.6818182,-0.2045455,0.003345975462,ExampleGeneB
3.8863636,-0.2045455,0.001626240422,ExampleGeneB
4.0909091,-0.2045455,0.000733742537,ExampleGeneB
4.2954545,-0.2045455,0.00030732644,ExampleGeneB
4.5,-0.2045455,0.000119495917,ExampleGeneB
-4.5,0.0,0.0,ExampleGeneB
-4.2954545,0.0,0.0,ExampleGeneB
-4.0909091,0.0,0.0,ExampleGeneB
-3.8863636,0.0,0.0,ExampleGeneB
-3.6818182,0.0,0.0,ExampleGeneB
-3.4772727,0.0,2e-12,ExampleGeneB
-3.2727273,0.0,1.4e-11,ExampleGeneB
-3.0681818,0.0,8.3e-11,ExampleGeneB
-2.8636364,0.0,4.67e-10,ExampleGeneB
-2.6590909,0.0,2.454e-09,ExampleGeneB
-2.4545455,0.0,1.1965e-08,ExampleGeneB
-2.25,0.0,5.4156e-08,ExampleGeneB
-2.0454545,0.0,2.27557e-07,ExampleGeneB
-1.8409091,0.0,8.87633e-07,ExampleGeneB
-1.6363636,0.0,3.214205e-06,ExampleGeneB
-1.4318182,0.0,1.0804648e-05,ExampleGeneB
-1.2272727,0.0,3.3716698e-05,ExampleGeneB
-1.0227273,0.0,9.7673401e-05,ExampleGeneB
-0.8181818,0.0,0.000262666638,ExampleGeneB
-0.6136364,0.0,0.000655738108,ExampleGeneB
-0.4090909,0.0,0.001519683766,ExampleGeneB
-0.2045455,0.0,0.003269436904,ExampleGeneB
0.0,0.0,0.00652965082,ExampleGeneB
0.2045455,0.0,0.012106094088,ExampleGeneB
0.4090909,0.0,0.02083603677,ExampleGeneB
0.6136364,0.0,0.033290736168,ExampleGeneB
0.8181818,0.0,0.049377454467,ExampleGeneB
1.0227273,0.0,0.067987829613,ExampleGeneB
1.2272727,0.0,0.086902186485,ExampleGeneB
1.4318182,0.0,0.103116313948,ExampleGeneB
1.6363636,0.0,0.113585039732,ExampleGeneB
1.8409091,0.0,0.116148072554,ExampleGeneB
2.0454545,0.0,0.110255430507,ExampleGeneB
2.25,0.0,0.097159452452,ExampleGeneB
2.4545455,0.0,0.07948171295,ExampleGeneB
2.6590909,0.0,0.060359625209,ExampleGeneB
2.8636364,0.0,0.042552285426,ExampleGeneB
3.0681818,0.0,0.027848155454,ExampleGeneB
3.2727273,0.0,0.016918699895,ExampleGeneB
3.4772727,0.0,0.009541897766,ExampleGeneB
3.6818182,0.0,0.00499573632,ExampleGeneB
3.8863636,0.0,0.002428071705,ExampleGeneB
4.0909091,0.0,0.00109552036,ExampleGeneB
4.2954545,0.0,0.000458856281,ExampleGeneB
4.5,0.0,0.000178414367,ExampleGeneB
-4.5,0.2045455,0.0,ExampleGeneB
-4.2954545,0.2045455,0.0,ExampleGeneB
-4.0909091,0.2045455,0.0,ExampleGeneB
-3.8863636,0.2045455,0.0,ExampleGeneB
-3.6818182,0.2045455,0.0,ExampleGeneB
-3.4772727,0.2045455,3e-12,ExampleGeneB
-3.2727273,0.2045455,1.9e-11,ExampleGeneB
-3.0681818,0.2045455,1.14e-10,ExampleGeneB
-2.8636364,0.2045455,6.48e-10,ExampleGeneB
-2.6590909,0.2045455,3.401e-09,ExampleGeneB
-2.4545455,0.2045455,1.6583e-08,ExampleGeneB
-2.25,0.2045455,7.5062e-08,ExampleGeneB
-2.0454545,0.2045455,3.15402e-07,ExampleGeneB
-1.8409091,0.2045455,1.230289e-06,ExampleGeneB
-1.6363636,0.2045455,4.454997e-06,ExampleGeneB
-1.4318182,0.2045455,1.4975608e-05,ExampleGeneB
-1.2272727,0.2045455,4.6732485e-05,ExampleGeneB
-1.0227273,0.2045455,0.000135378643,ExampleGeneB
-0.8181818,0.2045455,0.000364064859,ExampleGeneB
-0.6136364,0.2045455,0.000908875235,ExampleGeneB
-0.4090909,0.2045455,0.002106333188,ExampleGeneB
-0.2045455,0.2045455,0.004531550319,ExampleGeneB
0.0,0.2045455,0.009050317264,ExampleGeneB
0.2045455,0.2045455,0.016779456566,ExampleGeneB
0.4090909,0.2045455,0.028879452899,ExampleGeneB
0.6136364,0.2045455,0.046142088235,ExampleGeneB
0.8181818,0.2045455,0.068438824825,ExampleGeneB
1.0227273,0.2045455,0.094233435306,ExampleGeneB
1.2272727,0.2045455,0.120449374757,ExampleGeneB
1.4318182,0.2045455,0.142922704763,ExampleGeneB
1.6363636,0.2045455,0.157432713386,ExampleGeneB
1.8409091,0.2045455,0.160985163714,ExampleGeneB
2.0454545,0.2045455,0.152817762191,ExampleGeneB
2.25,0.2045455,0.134666292909,ExampleGeneB
2.4545455,0.2045455,0.110164347028,ExampleGeneB
2.6590909,0.2045455,0.083660485554,ExampleGeneB
2.8636364,0.2045455,0.058978909293,ExampleGeneB
3.0681818,0.2045455,0.038598486968,ExampleGeneB
3.2727273,0.2045455,0.023449891269,ExampleGeneB
3.4772727,0.2045455,0.013225393587,ExampleGeneB
3.6818182,0.2045455,0.006924259798,ExampleGeneB
3.8863636,0.2045455,0.003365389647,ExampleGeneB
4.0909091,0.2045455,0.001518428335,ExampleGeneB
4.2954545,0.2045455,0.000635990352,ExampleGeneB
4.5,0.2045455,0.000247288357,ExampleGeneB
-4.5,0.4090909,0.0,ExampleGeneB
-4.2954545,0.4090909,0.0,ExampleGeneB
-4.0909091,0.4090909,0.0,ExampleGeneB
-3.8863636,0.4090909,0.0,ExampleGeneB
-3.6818182,0.4090909,1e-12,ExampleGeneB
-3.4772727,0.4090909,4e-12,ExampleGeneB
-3.2727273,0.4090909,2.4e-11,ExampleGeneB
-3.0681818,0.4090909,1.47e-10,ExampleGeneB
-2.8636364,0.4090909,8.33e-10,ExampleGeneB
-2.6590909,0.4090909,4.376e-09,ExampleGeneB
-2.4545455,0.4090909,2.1337e-08,ExampleGeneB
-2.25,0.4090909,9.658e-08,ExampleGeneB
-2.0454545,0.4090909,4.05822e-07,ExampleGeneB
-1.8409091,0.4090909,1.58299e-06,ExampleGeneB
-1.6363636,0.4090909,5.73216e-06,ExampleGeneB
-1.4318182,0.4090909,1.9268831e-05,ExampleGeneB
-1.2272727,0.4090909,6.0129801e-05,ExampleGeneB
-1.0227273,0.4090909,0.000174189129,ExampleGeneB
-0.8181818,0.4090909,0.000468435341,ExampleGeneB
-0.6136364,0.4090909,0.001169432505,ExampleGeneB
-0.4090909,0.4090909,0.002710178912,ExampleGeneB
-0.2045455,0.4090909,0.005830659738,ExampleGeneB
0.0,0.4090909,0.011644871351,ExampleGeneB
0.2045455,0.4090909,0.02158980811,ExampleGeneB
0.4090909,0.4090909,0.037158643604,ExampleGeneB
0.6136364,0.4090909,0.059370148661,ExampleGeneB
0.8181818,0.4090909,0.088058936201,ExampleGeneB
1.0227273,0.4090909,0.121248371649,ExampleGeneB
1.2272727,0.4090909,0.154979923082,ExampleGeneB
1.4318182,0.4090909,0.183895930017,ExampleGeneB
1.6363636,0.4090909,0.202565682557,ExampleGeneB
1.8409091,0.4090909,0.20713655293,ExampleGeneB
2.0454545,0.4090909,0.196627712496,ExampleGeneB
2.25,0.4090909,0.173272561679,ExampleGeneB
2.4545455,0.4090909,0.141746373224,ExampleGeneB
2.6590909,0.4090909,0.107644357991,ExampleGeneB
2.8636364,0.4090909,0.075887042537,ExampleGeneB
3.0681818,0.4090909,0.04966394017,ExampleGeneB
3.2727273,0.4090909,0.030172529766,ExampleGeneB
3.4772727,0.4090909,0.017016862769,ExampleGeneB
3.6818182,0.4090909,0.008909313586,ExampleGeneB
3.8863636,0.4090909,0.004330182947,ExampleGeneB
4.0909091,0.4090909,0.001953732903,ExampleGeneB
4.2954545,0.4090909,0.000818316708,ExampleGeneB
4.5,0.4090909,0.000318181233,ExampleGeneB
-4.5,0.6136364,0.0,ExampleGeneB
-4.2954545,0.6136364,0.0,ExampleGeneB
-4.0909091,0.6136364,0.0,ExampleGeneB
-3.8863636,0.6136364,0.0,ExampleGeneB
-3.6818182,0.6136364,1e-12,ExampleGeneB
-3.4772727,0.6136364,4e-12,ExampleGeneB
-3.2727273,0.6136364,2.9e-11,ExampleGeneB
-3.0681818,0.6136364,1.76e-10,ExampleGeneB
-2.8636364,0.6136364,9.95e-10,ExampleGeneB
-2.6590909,0.6136364,5.227e-09,ExampleGeneB
-2.4545455,0.6136364,2.5486e-08,ExampleGeneB
-2.25,0.6136364,1.15361e-07,ExampleGeneB
-2.0454545,0.6136364,4.84734e-07,ExampleGeneB
-1.8409091,0.6136364,1.890802e-06,ExampleGeneB
-1.6363636,0.6136364,6.84678e-06,ExampleGeneB
-1.4318182,0.6136364,2.3015658e-05,ExampleGeneB
-1.2272727,0.6136364,7.1822052e-05,ExampleGeneB
-1.0227273,0.6136364,0.000208060238,ExampleGeneB
-0.8181818,0.6136364,0.00055952268,ExampleGeneB
-0.6136364,0.6136364,0.001396828874,ExampleGeneB
-0.4090909,0.6136364,0.003237173708,ExampleGeneB
-0.2045455,0.6136364,0.006964432614,ExampleGeneB
0.0,0.6136364,0.013909218763,ExampleGeneB
0.2045455,0.6136364,0.025787950334,ExampleGeneB
0.4090909,0.6136364,0.044384148801,ExampleGeneB
0.6136364,0.6136364,0.07091468517,ExampleGeneB
0.8181818,0.6136364,0.105182012811,ExampleGeneB
1.0227273,0.6136364,0.144825140189,ExampleGeneB
1.2272727,0.6136364,0.185115798106,ExampleGeneB
1.4318182,0.6136364,0.219654527996,ExampleGeneB
1.6363636,0.6136364,0.241954617409,ExampleGeneB
1.8409091,0.6136364,0.24741429438,ExampleGeneB
2.0454545,0.6136364,0.234862007959,ExampleGeneB
2.25,0.6136364,0.206965443698,ExampleGeneB
2.4545455,0.6136364,0.169308982003,ExampleGeneB
2.6590909,0.6136364,0.128575823531,ExampleGeneB
2.8636364,0.6136364,0.090643292148,ExampleGeneB
3.0681818,0.6136364,0.059321102623,ExampleGeneB
3.2727273,0.6136364,0.036039583821,ExampleGeneB
3.4772727,0.6136364,0.020325794917,ExampleGeneB
3.6818182,0.6136364,0.010641731278,ExampleGeneB
3.8863636,0.6136364,0.005172187831,ExampleGeneB
4.0909091,0.6136364,0.002333636631,ExampleGeneB
4.2954545,0.6136364,0.000977438545,ExampleGeneB
4.5,0.6136364,0.000380051633,ExampleGeneB
-4.5,0.8181818,0.0,ExampleGeneB
-4.2954545,0.8181818,0.0,ExampleGeneB
-4.0909091,0.8181818,0.0,ExampleGeneB
-3.8863636,0.8181818,0.0,ExampleGeneB
-3.6818182,0.8181818,1e-12,ExampleGeneB
-3.4772727,0.8181818,5e-12,ExampleGeneB
-3.2727273,0.8181818,3.2e-11,ExampleGeneB
-3.0681818,0.8181818,1.95e-10,ExampleGeneB
-2.8636364,0.8181818,1.103e-09,ExampleGeneB
-2.6590909,0.8181818,5.796e-09,ExampleGeneB
-2.4545455,0.8181818,2.826e-08,ExampleGeneB
-2.25,0.8181818,1.27915e-07,ExampleGeneB
-2.0454545,0.8181818,5.37488e-07,ExampleGeneB
-1.8409091,0.8181818,2.096579e-06,ExampleGeneB
-1.6363636,0.8181818,7.591917e-06,ExampleGeneB
-1.4318182,0.8181818,2.5520461e-05,ExampleGeneB
-1.2272727,0.8181818,7.9638474e-05,ExampleGeneB
-1.0227273,0.8181818,0.000230703514,ExampleGeneB
-0.8181818,0.8181818,0.00062041575,ExampleGeneB
-0.6136364,0.8181818,0.0015488463,ExampleGeneB
-0.4090909,0.8181818,0.003589476575,ExampleGeneB
-0.2045455,0.8181818,0.00772237451,ExampleGeneB
0.0,0.8181818,0.015422964422,ExampleGeneB
0.2045455,0.8181818,0.028594462945,ExampleGeneB
0.4090909,0.8181818,0.049214492886,ExampleGeneB
0.6136364,0.8181818,0.078632357793,ExampleGeneB
0.8181818,0.8181818,0.116629011958,ExampleGeneB
1.0227273,0.8181818,0.160586516225,ExampleGeneB
1.2272727,0.8181818,0.205262022031,ExampleGeneB
1.4318182,0.8181818,0.243559615257,ExampleGeneB
1.6363636,0.8181818,0.268286632028,ExampleGeneB
1.8409091,0.8181818,0.274340487756,ExampleGeneB
2.0454545,0.8181818,0.260422131147,ExampleGeneB
2.25,0.8181818,0.229489573006,ExampleGeneB
2.4545455,0.8181818,0.187734944016,ExampleGeneB
2.6590909,0.8181818,0.142568780149,ExampleGeneB
2.8636364,0.8181818,0.1005080367,ExampleGeneB
3.0681818,0.8181818,0.065777041171,ExampleGeneB
3.2727273,0.8181818,0.039961785671,ExampleGeneB
3.4772727,0.8181818,0.022537859041,ExampleGeneB
3.6818182,0.8181818,0.01179987501,ExampleGeneB
3.8863636,0.8181818,0.005735079034,ExampleGeneB
4.0909091,0.8181818,0.002587607209,ExampleGeneB
4.2954545,0.8181818,0.00108381356,ExampleGeneB
4.5,0.8181818,0.000421412799,ExampleGeneB
-4.5,1.0227273,0.0,ExampleGeneB
-4.2954545,1.0227273,0.0,ExampleGeneB
-4.0909091,1.0227273,0.0,ExampleGeneB
-3.8863636,1.0227273,0.0,ExampleGeneB
-3.6818182,1.0227273,1e-12,ExampleGeneB
-3.4772727,1.0227273,5e-12,ExampleGeneB
-3.2727273,1.0227273,3.3e-11,ExampleGeneB
-3.0681818,1.0227273,2.01e-10,ExampleGeneB
-2.8636364,1.0227273,1.136e-09,ExampleGeneB
-2.6590909,1.0227273,5.966e-09,ExampleGeneB
-2.4545455,1.0227273,2.9089e-08,ExampleGeneB
-2.25,1.0227273,1.31669e-07,ExampleGeneB
-2.0454545,1.0227273,5.53262e-07,ExampleGeneB
-1.8409091,1.0227273,2.15811e-06,ExampleGeneB
-1.6363636,1.0227273,7.814725e-06,ExampleGeneB
-1.4318182,1.0227273,2.6269437e-05,ExampleGeneB
-1.2272727,1.0227273,8.1975707e-05,ExampleGeneB
-1.0227273,1.0227273,0.000237474209,ExampleGeneB
-0.8181818,1.0227273,0.000638623732,ExampleGeneB
-0.6136364,1.0227273,0.001594301893,ExampleGeneB
-0.4090909,1.0227273,0.003694820653,ExampleGeneB
-0.2045455,1.0227273,0.007949011016,ExampleGeneB
0.0,1.0227273,0.015875598098,ExampleGeneB
0.2045455,1.0227273,0.029433654201,ExampleGeneB
0.4090909,1.0227273,0.05065884147,ExampleGeneB
0.6136364,1.0227273,0.080940062861,ExampleGeneB
0.8181818,1.0227273,0.120051844104,ExampleGeneB
1.0227273,1.0227273,0.165299414677,ExampleGeneB
1.2272727,1.0227273,0.211286058723,ExampleGeneB
1.4318182,1.0227273,0.250707610996,ExampleGeneB
1.6363636,1.0227273,0.276160317083,ExampleGeneB
1.8409091,1.0227273,0.282391841572,ExampleGeneB
2.0454545,1.0227273,0.268065008568,ExampleGeneB
2.25,1.0227273,0.236224640674,ExampleGeneB
2.4545455,1.0227273,0.193244595436,ExampleGeneB
2.6590909,1.0227273,0.14675289348,ExampleGeneB
2.8636364,1.0227273,0.103457749925,ExampleGeneB
3.0681818,1.0227273,0.067707467977,ExampleGeneB
3.2727273,1.0227273,0.041134585494,ExampleGeneB
3.4772727,1.0227273,0.023199300883,ExampleGeneB
3.6818182,1.0227273,0.012146178137,ExampleGeneB
3.8863636,1.0227273,0.005903392325,ExampleGeneB
4.0909091,1.0227273,0.002663548391,ExampleGeneB
4.2954545,1.0227273,0.001115621357,ExampleGeneB
4.5,1.0227273,0.000433780436,ExampleGeneB
-4.5,1.2272727,0.0,ExampleGeneB
-4.2954545,1.2272727,0.0,ExampleGeneB
-4.0909091,1.2272727,0.0,ExampleGeneB
-3.8863636,1.2272727,0.0,ExampleGeneB
-3.6818182,1.2272727,1e-12,ExampleGeneB
-3.4772727,1.2272727,5e-12,ExampleGeneB
-3.2727273,1.2272727,3.1e-11,ExampleGeneB
-3.0681818,1.2272727,1.92e-10,ExampleGeneB
-2.8636364,1.2272727,1.085e-09,ExampleGeneB
-2.6590909,1.2272727,5.701e-09,ExampleGeneB
-2.4545455,1.2272727,2.7797e-08,ExampleGeneB
-2.25,1.2272727,1.25818e-07,ExampleGeneB
-2.0454545,1.2272727,5.28677e-07,ExampleGeneB
-1.8409091,1.2272727,2.06221e-06,ExampleGeneB
-1.6363636,1.2272727,7.467463e-06,ExampleGeneB
-1.4318182,1.2272727,2.5102103e-05,ExampleGeneB
-1.2272727,1.2272727,7.8332956e-05,ExampleGeneB
-1.0227273,1.2272727,0.000226921579,ExampleGeneB
-0.8181818,1.2272727,0.00061024524,ExampleGeneB
-0.6136364,1.2272727,0.001523455977,ExampleGeneB
-0.4090909,1.2272727,0.003530634085,ExampleGeneB
-0.2045455,1.2272727,0.007595781193,ExampleGeneB
0.0,1.2272727,0.015170134905,ExampleGeneB
0.2045455,1.2272727,0.028125712317,ExampleGeneB
0.4090909,1.2272727,0.048407716956,ExampleGeneB
0.6136364,1.2272727,0.07734333316,ExampleGeneB
0.8181818,1.2272727,0.114717106052,ExampleGeneB
1.0227273,1.2272727,0.157954012497,ExampleGeneB
1.2272727,1.2272727,0.201897150241,ExampleGeneB
1.4318182,1.2272727,0.239566928883,ExampleGeneB
1.6363636,1.2272727,0.263888594287,ExampleGeneB
1.8409091,1.2272727,0.269843208821,ExampleGeneB
2.0454545,1.2272727,0.256153016609,ExampleGeneB
2.25,1.2272727,0.22572753762,ExampleGeneB
2.4545455,1.2272727,0.184657394595,ExampleGeneB
2.6590909,1.2272727,0.140231642175,ExampleGeneB
2.8636364,1.2272727,0.098860402842,ExampleGeneB
3.0681818,1.2272727,0.064698754462,ExampleGeneB
3.2727273,1.2272727,0.039306689887,ExampleGeneB
3.4772727,1.2272727,0.022168394659,ExampleGeneB
3.6818182,1.2272727,0.011606439,ExampleGeneB
3.8863636,1.2272727,0.005641063563,ExampleGeneB
4.0909091,1.2272727,0.002545188419,ExampleGeneB
4.2954545,1.2272727,0.001066046544,ExampleGeneB
4.5,1.2272727,0.000414504556,ExampleGeneB
-4.5,1.4318182,0.0,ExampleGeneB
-4.2954545,1.4318182,0.0,ExampleGeneB
-4.0909091,1.4318182,0.0,ExampleGeneB
-3.8863636,1.4318182,0.0,ExampleGeneB
-3.6818182,1.4318182,1e-12,ExampleGeneB
-3.4772727,1.4318182,4e-12,ExampleGeneB
-3.2727273,1.4318182,2.8e-11,ExampleGeneB
-3.0681818,1.4318182,1.7e-10,ExampleGeneB
-2.8636364,1.4318182,9.63e-10,ExampleGeneB
-2.6590909,1.4318182,5.057e-09,ExampleGeneB
-2.4545455,1.4318182,2.4658e-08,ExampleGeneB
-2.25,1.4318182,1.11609e-07,ExampleGeneB
-2.0454545,1.4318182,4.68972e-07,ExampleGeneB
-1.8409091,1.4318182,1.829318e-06,ExampleGeneB
-1.6363636,1.4318182,6.62414e-06,ExampleGeneB
-1.4318182,1.4318182,2.2267248e-05,ExampleGeneB
-1.2272727,1.4318182,6.9486582e-05,ExampleGeneB
-1.0227273,1.4318182,0.00020129465,ExampleGeneB
-0.8181818,1.4318182,0.00054132843,ExampleGeneB
-0.6136364,1.4318182,0.001351407561,ExampleGeneB
-0.4090909,1.4318182,0.003131909074,ExampleGeneB
-0.2045455,1.4318182,0.006737967027,ExampleGeneB
0.0,1.4318182,0.013456926441,ExampleGeneB
0.2045455,1.4318182,0.024949391954,ExampleGeneB
0.4090909,1.4318182,0.042940889472,ExampleGeneB
0.6136364,1.4318182,0.068608720458,ExampleGeneB
0.8181818,1.4318182,0.101761761994,ExampleGeneB
1.0227273,1.4318182,0.140115795968,ExampleGeneB
1.2272727,1.4318182,0.17909630444,ExampleGeneB
1.4318182,1.4318182,0.212511922916,ExampleGeneB
1.6363636,1.4318182,0.234086870291,ExampleGeneB
1.8409091,1.4318182,0.239369012491,ExampleGeneB
2.0454545,1.4318182,0.227224894413,ExampleGeneB
2.25,1.4318182,0.200235455279,ExampleGeneB
2.4545455,1.4318182,0.163803485686,ExampleGeneB
2.6590909,1.4318182,0.124394865648,ExampleGeneB
2.8636364,1.4318182,0.087695803449,ExampleGeneB
3.0681818,1.4318182,0.057392131648,ExampleGeneB
3.2727273,1.4318182,0.034867668464,ExampleGeneB
3.4772727,1.4318182,0.019664851902,ExampleGeneB
3.6818182,1.4318182,0.010295689316,ExampleGeneB
3.8863636,1.4318182,0.005004001473,ExampleGeneB
4.0909091,1.4318182,0.002257752719,ExampleGeneB
4.2954545,1.4318182,0.000945654736,ExampleGeneB
4.5,1.4318182,0.000367693323,ExampleGeneB
-4.5,1.6363636,0.0,ExampleGeneB
-4.2954545,1.6363636,0.0,ExampleGeneB
-4.0909091,1.6363636,0.0,ExampleGeneB
-3.8863636,1.6363636,0.0,ExampleGeneB
-3.6818182,1.6363636,0.0,ExampleGeneB
-3.4772727,1.6363636,4e-12,ExampleGeneB
-3.2727273,1.6363636,2.3e-11,ExampleGeneB
-3.0681818,1.6363636,1.4e-10,ExampleGeneB
-2.8636364,1.6363636,7.93e-10,ExampleGeneB
-2.6590909,1.6363636,4.164e-09,ExampleGeneB
-2.4545455,1.6363636,2.0305e-08,ExampleGeneB
-2.25,1.6363636,9.1908e-08,ExampleGeneB
-2.0454545,1.6363636,3.86189e-07,ExampleGeneB
-1.8409091,1.6363636,1.506409e-06,ExampleGeneB
-1.6363636,1.6363636,5.454853e-06,ExampleGeneB
-1.4318182,1.6363636,1.8336655e-05,ExampleGeneB
-1.2272727,1.6363636,5.7220879e-05,ExampleGeneB
-1.0227273,1.6363636,0.000165762316,ExampleGeneB
-0.8181818,1.6363636,0.000445773668,ExampleGeneB
-0.6136364,1.6363636,0.001112858428,ExampleGeneB
-0.4090909,1.6363636,0.002579067567,ExampleGeneB
-0.2045455,1.6363636,0.005548587719,ExampleGeneB
0.0,1.6363636,0.011081523031,ExampleGeneB
0.2045455,1.6363636,0.020545349844,ExampleGeneB
0.4090909,1.6363636,0.035361005929,ExampleGeneB
0.6136364,1.6363636,0.056497976655,ExampleGeneB
0.8181818,1.6363636,0.083798875932,ExampleGeneB
1.0227273,1.6363636,0.115382693581,ExampleGeneB
1.2272727,1.6363636,0.147482401067,ExampleGeneB
1.4318182,1.6363636,0.17499952746,ExampleGeneB
1.6363636,1.6363636,0.192766086362,ExampleGeneB
1.8409091,1.6363636,0.19711583002,ExampleGeneB
2.0454545,1.6363636,0.187115379711,ExampleGeneB
2.25,1.6363636,0.164890089807,ExampleGeneB
2.4545455,1.6363636,0.134889055626,ExampleGeneB
2.6590909,1.6363636,0.102436806407,ExampleGeneB
2.8636364,1.6363636,0.072215826544,ExampleGeneB
3.0681818,1.6363636,0.047261329061,ExampleGeneB
3.2727273,1.6363636,0.028712861948,ExampleGeneB
3.4772727,1.6363636,0.0161936316,ExampleGeneB
3.6818182,1.6363636,0.008478304372,ExampleGeneB
3.8863636,1.6363636,0.004120700059,ExampleGeneB
4.0909091,1.6363636,0.001859216432,ExampleGeneB
4.2954545,1.6363636,0.000778728693,ExampleGeneB
4.5,1.6363636,0.00030278846,ExampleGeneB
-4.5,1.8409091,0.0,ExampleGeneB
-4.2954545,1.8409091,0.0,ExampleGeneB
-4.0909091,1.8409091,0.0,ExampleGeneB
-3.8863636,1.8409091,0.0,ExampleGeneB
-3.6818182,1.8409091,0.0,ExampleGeneB
-3.4772727,1.8409091,3e-12,ExampleGeneB
-3.2727273,1.8409091,1.8e-11,ExampleGeneB
-3.0681818,1.8409091,1.07e-10,ExampleGeneB
-2.8636364,1.8409091,6.06e-10,ExampleGeneB
-2.6590909,1.8409091,3.183e-09,ExampleGeneB
-2.4545455,1.8409091,1.5522e-08,ExampleGeneB
-2.25,1.8409091,7.0259e-08,ExampleGeneB
-2.0454545,1.8409091,2.95223e-07,ExampleGeneB
-1.8409091,1.8409091,1.151578e-06,ExampleGeneB
-1.6363636,1.8409091,4.169977e-06,ExampleGeneB
-1.4318182,1.8409091,1.4017506e-05,ExampleGeneB
-1.2272727,1.8409091,4.3742657e-05,ExampleGeneB
-1.0227273,1.8409091,0.000126717454,ExampleGeneB
-0.8181818,1.8409091,0.000340772894,ExampleGeneB
-0.6136364,1.8409091,0.000850727656,ExampleGeneB
-0.4090909,1.8409091,0.001971575224,ExampleGeneB
-0.2045455,1.8409091,0.00424163299,ExampleGeneB
0.0,1.8409091,0.008471300455,ExampleGeneB
0.2045455,1.8409091,0.015705948632,ExampleGeneB
0.4090909,1.8409091,0.027031817268,ExampleGeneB
0.6136364,1.8409091,0.043190032093,ExampleGeneB
0.8181818,1.8409091,0.064060278883,ExampleGeneB
1.0227273,1.8409091,0.088204614286,ExampleGeneB
1.2272727,1.8409091,0.112743323078,ExampleGeneB
1.4318182,1.8409091,0.133778865276,ExampleGeneB
1.6363636,1.8409091,0.147360559605,ExampleGeneB
1.8409091,1.8409091,0.150685732989,ExampleGeneB
2.0454545,1.8409091,0.14304086152,ExampleGeneB
2.25,1.8409091,0.126050678135,ExampleGeneB
2.4545455,1.8409091,0.103116305865,ExampleGeneB
2.6590909,1.8409091,0.078308095585,ExampleGeneB
2.8636364,1.8409091,0.055205585239,ExampleGeneB
3.0681818,1.8409091,0.03612905169,ExampleGeneB
3.2727273,1.8409091,0.021949625499,ExampleGeneB
3.4772727,1.8409091,0.012379265771,ExampleGeneB
3.6818182,1.8409091,0.006481262863,ExampleGeneB
3.8863636,1.8409091,0.00315008038,ExampleGeneB
4.0909091,1.8409091,0.001421283064,ExampleGeneB
4.2954545,1.8409091,0.00059530127,ExampleGeneB
4.5,1.8409091,0.000231467462,ExampleGeneB
-4.5,2.0454545,0.0,ExampleGeneB
-4.2954545,2.0454545,0.0,ExampleGeneB
-4.0909091,2.0454545,0.0,ExampleGeneB
-3.8863636,2.0454545,0.0,ExampleGeneB
-3.6818182,2.0454545,0.0,ExampleGeneB
-3.4772727,2.0454545,2e-12,ExampleGeneB
-3.2727273,2.0454545,1.2e-11,ExampleGeneB
-3.0681818,2.0454545,7.6e-11,ExampleGeneB
-2.8636364,2.0454545,4.3e-10,ExampleGeneB
-2.6590909,2.0454545,2.259e-09,ExampleGeneB
-2.4545455,2.0454545,1.1015e-08,ExampleGeneB
-2.25,2.0454545,4.986e-08,ExampleGeneB
-2.0454545,2.0454545,2.09507e-07,ExampleGeneB
-1.8409091,2.0454545,8.17224e-07,ExampleGeneB
-1.6363636,2.0454545,2.959249e-06,ExampleGeneB
-1.4318182,2.0454545,9.947605e-06,ExampleGeneB
-1.2272727,2.0454545,3.1042233e-05,ExampleGeneB
-1.0227273,2.0454545,8.9925786e-05,ExampleGeneB
-0.8181818,2.0454545,0.000241831487,ExampleGeneB
-0.6136364,2.0454545,0.00060372388,ExampleGeneB
-0.4090909,2.0454545,0.001399139942,ExampleGeneB
-0.2045455,2.0454545,0.003010099774,ExampleGeneB
0.0,2.0454545,0.006011708143,ExampleGeneB
0.2045455,2.0454545,0.01114581873,ExampleGeneB
0.4090909,2.0454545,0.019183287955,ExampleGeneB
0.6136364,2.0454545,0.030650060047,ExampleGeneB
0.8181818,2.0454545,0.045460753309,ExampleGeneB
1.0227273,2.0454545,0.062594922793,ExampleGeneB
1.2272727,2.0454545,0.080008961669,ExampleGeneB
1.4318182,2.0454545,0.094936957789,ExampleGeneB
1.6363636,2.0454545,0.104575286972,ExampleGeneB
1.8409091,2.0454545,0.106935015801,ExampleGeneB
2.0454545,2.0454545,0.101509787844,ExampleGeneB
2.25,2.0454545,0.089452604376,ExampleGeneB
2.4545455,2.0454545,0.073177092339,ExampleGeneB
2.6590909,2.0454545,0.055571800148,ExampleGeneB
2.8636364,2.0454545,0.039176967937,ExampleGeneB
3.0681818,2.0454545,0.025639193815,ExampleGeneB
3.2727273,2.0454545,0.015576680705,ExampleGeneB
3.4772727,2.0454545,0.008785018691,ExampleGeneB
3.6818182,2.0454545,0.004599466273,ExampleGeneB
3.8863636,2.0454545,0.002235473051,ExampleGeneB
4.0909091,2.0454545,0.001008621877,ExampleGeneB
4.2954545,2.0454545,0.000422459044,ExampleGeneB
4.5,2.0454545,0.000164262245,ExampleGeneB
-4.5,2.25,0.0,ExampleGeneB
-4.2954545,2.25,0.0,ExampleGeneB
-4.0909091,2.25,0.0,ExampleGeneB
-3.8863636,2.25,0.0,ExampleGeneB
-3.6818182,2.25,0.0,ExampleGeneB
-3.4772727,2.25,1e-12,ExampleGeneB
-3.2727273,2.25,8e-12,ExampleGeneB
-3.0681818,2.25,5e-11,ExampleGeneB
-2.8636364,2.25,2.83e-10,ExampleGeneB
-2.6590909,2.25,1.488e-09,ExampleGeneB
-2.4545455,2.25,7.257e-09,ExampleGeneB
-2.25,2.25,3.2847e-08,ExampleGeneB
-2.0454545,2.25,1.3802e-07,ExampleGeneB
-1.8409091,2.25,5.38377e-07,ExampleGeneB
-1.6363636,2.25,1.949514e-06,ExampleGeneB
-1.4318182,2.25,6.55335e-06,ExampleGeneB
-1.2272727,2.25,2.0450211e-05,ExampleGeneB
-1.0227273,2.25,5.9241912e-05,ExampleGeneB
-0.8181818,2.25,0.000159315369,ExampleGeneB
-0.6136364,2.25,0.000397725267,ExampleGeneB
-0.4090909,2.25,0.000921734797,ExampleGeneB
-0.2045455,2.25,0.001983013722,ExampleGeneB
0.0,2.25,0.003960433419,ExampleGeneB
0.2045455,2.25,0.007342717233,ExampleGeneB
0.4090909,2.25,0.012637695128,ExampleGeneB
0.6136364,2.25,0.02019185217,ExampleGeneB
0.8181818,2.25,0.029948940033,ExampleGeneB
1.0227273,2.25,0.041236703148,ExampleGeneB
1.2272727,2.25,0.052708840499,ExampleGeneB
1.4318182,2.25,0.062543205926,ExampleGeneB
1.6363636,2.25,0.068892809082,ExampleGeneB
1.8409091,2.25,0.07044736707,ExampleGeneB
2.0454545,2.25,0.066873299002,ExampleGeneB
2.25,2.25,0.058930186793,ExampleGeneB
2.4545455,2.25,0.048208095791,ExampleGeneB
2.6590909,2.25,0.036609963298,ExampleGeneB
2.8636364,2.25,0.025809265752,ExampleGeneB
3.0681818,2.25,0.016890760099,ExampleGeneB
3.2727273,2.25,0.010261710209,ExampleGeneB
3.4772727,2.25,0.005787453547,ExampleGeneB
3.6818182,2.25,0.003030067246,ExampleGeneB
3.8863636,2.25,0.001472699933,ExampleGeneB
4.0909091,2.25,0.000664466686,ExampleGeneB
4.2954545,2.25,0.000278310403,ExampleGeneB
4.5,2.25,0.000108213784,ExampleGeneB
-4.5,2.4545455,0.0,ExampleGeneB
-4.2954545,2.4545455,0.0,ExampleGeneB
-4.0909091,2.4545455,0.0,ExampleGeneB
-3.8863636,2.4545455,0.0,ExampleGeneB
-3.6818182,2.4545455,0.0,ExampleGeneB
-3.4772727,2.4545455,1e-12,ExampleGeneB
-3.2727273,2.4545455,5e-12,ExampleGeneB
-3.0681818,2.4545455,3.1e-11,ExampleGeneB
-2.8636364,2.4545455,1.73e-10,ExampleGeneB
-2.6590909,2.4545455,9.1e-10,ExampleGeneB
-2.4545455,2.4545455,4.438e-09,ExampleGeneB
-2.25,2.4545455,2.0088e-08,ExampleGeneB
-2.0454545,2.4545455,8.4408e-08,ExampleGeneB
-1.8409091,2.4545455,3.29252e-07,ExampleGeneB
-1.6363636,2.4545455,1.192253e-06,ExampleGeneB
-1.4318182,2.4545455,4.007793e-06,ExampleGeneB
-1.2272727,2.4545455,1.2506613e-05,ExampleGeneB
-1.0227273,2.4545455,3.6230221e-05,ExampleGeneB
-0.8181818,2.4545455,9.7431546e-05,ExampleGeneB
-0.6136364,2.4545455,0.000243234459,ExampleGeneB
-0.4090909,2.4545455,0.000563699827,ExampleGeneB
-0.2045455,2.4545455,0.001212739821,ExampleGeneB
0.0,2.4545455,0.002422058537,ExampleGeneB
0.2045455,2.4545455,0.004490541585,ExampleGeneB
0.4090909,2.4545455,0.007728759491,ExampleGeneB
0.6136364,2.4545455,0.012348610053,ExampleGeneB
0.8181818,2.4545455,0.018315693818,ExampleGeneB
1.0227273,2.4545455,0.025218883475,ExampleGeneB
1.2272727,2.4545455,0.03223482978,ExampleGeneB
1.4318182,2.4545455,0.038249173722,ExampleGeneB
1.6363636,2.4545455,0.042132362481,ExampleGeneB
1.8409091,2.4545455,0.043083074195,ExampleGeneB
2.0454545,2.4545455,0.040897302801,ExampleGeneB
2.25,2.4545455,0.036039581258,ExampleGeneB
2.4545455,2.4545455,0.029482336305,ExampleGeneB
2.6590909,2.4545455,0.022389335906,ExampleGeneB
2.8636364,2.4545455,0.01578401802,ExampleGeneB
3.0681818,2.4545455,0.010329780953,ExampleGeneB
3.2727273,2.4545455,0.00627569263,ExampleGeneB
3.4772727,2.4545455,0.00353939829,ExampleGeneB
3.6818182,2.4545455,0.001853080071,ExampleGeneB
3.8863636,2.4545455,0.000900650274,ExampleGeneB
4.0909091,2.4545455,0.00040636391,ExampleGeneB
4.2954545,2.4545455,0.000170204626,ExampleGeneB
4.5,2.4545455,6.6179655e-05,ExampleGeneB
-4.5,2.6590909,0.0,ExampleGeneB
-4.2954545,2.6590909,0.0,ExampleGeneB
-4.0909091,2.6590909,0.0,ExampleGeneB
-3.8863636,2.6590909,0.0,ExampleGeneB
-3.6818182,2.6590909,0.0,ExampleGeneB
-3.4772727,2.6590909,0.0,ExampleGeneB
-3.2727273,2.6590909,3e-12,ExampleGeneB
-3.0681818,2.6590909,1.7e-11,ExampleGeneB
-2.8636364,2.6590909,9.8e-11,ExampleGeneB
-2.6590909,2.6590909,5.17e-10,ExampleGeneB
-2.4545455,2.6590909,2.52e-09,ExampleGeneB
-2.25,2.6590909,1.1405e-08,ExampleGeneB
-2.0454545,2.6590909,4.7921e-08,ExampleGeneB
-1.8409091,2.6590909,1.86925e-07,ExampleGeneB
-1.6363636,2.6590909,6.76873e-07,ExampleGeneB
-1.4318182,2.6590909,2.27533e-06,ExampleGeneB
-1.2272727,2.6590909,7.100335e-06,ExampleGeneB
-1.0227273,2.6590909,2.0568855e-05,ExampleGeneB
-0.8181818,2.6590909,5.5314467e-05,ExampleGeneB
-0.6136364,2.6590909,0.000138090639,ExampleGeneB
-0.4090909,2.6590909,0.000320027308,ExampleGeneB
-0.2045455,2.6590909,0.000688504487,ExampleGeneB
0.0,2.6590909,0.001375066723,ExampleGeneB
0.2045455,2.6590909,0.002549399284,ExampleGeneB
0.4090909,2.6590909,0.004387821278,ExampleGeneB
0.6136364,2.6590909,0.00701063269,ExampleGeneB
0.8181818,2.6590909,0.010398304041,ExampleGeneB
1.0227273,2.6590909,0.014317427478,ExampleGeneB
1.2272727,2.6590909,0.018300565848,ExampleGeneB
1.4318182,2.6590909,0.021715068052,ExampleGeneB
1.6363636,2.6590909,0.023919657066,ExampleGeneB
1.8409091,2.6590909,0.024459401263,ExampleGeneB
2.0454545,2.6590909,0.023218481004,ExampleGeneB
2.25,2.6590909,0.020460623941,ExampleGeneB
2.4545455,2.6590909,0.016737902467,ExampleGeneB
2.6590909,2.6590909,0.012711018449,ExampleGeneB
2.8636364,2.6590909,0.008961004699,ExampleGeneB
3.0681818,2.6590909,0.005864489989,ExampleGeneB
3.2727273,2.6590909,0.00356287677,ExampleGeneB
3.4772727,2.6590909,0.002009410067,ExampleGeneB
3.6818182,2.6590909,0.001052042592,ExampleGeneB
3.8863636,2.6590909,0.000511322993,ExampleGeneB
4.0909091,2.6590909,0.000230703545,ExampleGeneB
4.2954545,2.6590909,9.662967e-05,ExampleGeneB
4.5,2.6590909,3.7571941e-05,ExampleGeneB
-4.5,2.8636364,0.0,ExampleGeneB
-4.2954545,2.8636364,0.0,ExampleGeneB
-4.0909091,2.8636364,0.0,ExampleGeneB
-3.8863636,2.8636364,0.0,ExampleGeneB
-3.6818182,2.8636364,0.0,ExampleGeneB
-3.4772727,2.8636364,0.0,ExampleGeneB
-3.2727273,2.8636364,2e-12,ExampleGeneB
-3.0681818,2.8636364,9e-12,ExampleGeneB
-2.8636364,2.8636364,5.2e-11,ExampleGeneB
-2.6590909,2.8636364,2.72e-10,ExampleGeneB
-2.4545455,2.8636364,1.328e-09,ExampleGeneB
-2.25,2.8636364,6.011e-09,ExampleGeneB
-2.0454545,2.8636364,2.5256e-08,ExampleGeneB
-1.8409091,2.8636364,9.8515e-08,ExampleGeneB
-1.6363636,2.8636364,3.56733e-07,ExampleGeneB
-1.4318182,2.8636364,1.199169e-06,ExampleGeneB
-1.2272727,2.8636364,3.742096e-06,ExampleGeneB
-1.0227273,2.8636364,1.0840423e-05,ExampleGeneB
-0.8181818,2.8636364,2.9152436e-05,ExampleGeneB
-0.6136364,2.8636364,7.277804e-05,ExampleGeneB
-0.4090909,2.8636364,0.000168664294,ExampleGeneB
-0.2045455,2.8636364,0.00036286317,ExampleGeneB
0.0,2.8636364,0.000724702713,ExampleGeneB
0.2045455,2.8636364,0.001343612311,ExampleGeneB
0.4090909,2.8636364,0.00231251759,ExampleGeneB
0.6136364,2.8636364,0.003694820364,ExampleGeneB
0.8181818,2.8636364,0.005480227994,ExampleGeneB
1.0227273,2.8636364,0.007545727318,ExampleGeneB
1.2272727,2.8636364,0.009644964493,ExampleGeneB
1.4318182,2.8636364,0.011444512813,ExampleGeneB
1.6363636,2.8636364,0.012606399441,ExampleGeneB
1.8409091,2.8636364,0.012890861335,ExampleGeneB
2.0454545,2.8636364,0.01223685796,ExampleGeneB
2.25,2.8636364,0.010783381949,ExampleGeneB
2.4545455,2.8636364,0.008821392536,ExampleGeneB
2.6590909,2.8636364,0.006699100052,ExampleGeneB
2.8636364,2.8636364,0.004722726765,ExampleGeneB
3.0681818,2.8636364,0.003090767694,ExampleGeneB
3.2727273,2.8636364,0.001877746307,ExampleGeneB
3.4772727,2.8636364,0.001059021284,ExampleGeneB
3.6818182,2.8636364,0.000554459,ExampleGeneB
3.8863636,2.8636364,0.00026948304,ExampleGeneB
4.0909091,2.8636364,0.000121587907,ExampleGeneB
4.2954545,2.8636364,5.0926826e-05,ExampleGeneB
4.5,2.8636364,1.9801576e-05,ExampleGeneB
-4.5,3.0681818,0.0,ExampleGeneB
-4.2954545,3.0681818,0.0,ExampleGeneB
-4.0909091,3.0681818,0.0,ExampleGeneB
-3.8863636,3.0681818,0.0,ExampleGeneB
-3.6818182,3.0681818,0.0,ExampleGeneB
-3.4772727,3.0681818,0.0,ExampleGeneB
-3.2727273,3.0681818,1e-12,ExampleGeneB
-3.0681818,3.0681818,4e-12,ExampleGeneB
-2.8636364,3.0681818,2.5e-11,ExampleGeneB
-2.6590909,3.0681818,1.33e-10,ExampleGeneB
-2.4545455,3.0681818,6.5e-10,ExampleGeneB
-2.25,3.0681818,2.941e-09,ExampleGeneB
-2.0454545,3.0681818,1.2356e-08,ExampleGeneB
-1.8409091,3.0681818,4.8199e-08,ExampleGeneB
-1.6363636,3.0681818,1.74533e-07,ExampleGeneB
-1.4318182,3.0681818,5.86697e-07,ExampleGeneB
-1.2272727,3.0681818,1.830831e-06,ExampleGeneB
-1.0227273,3.0681818,5.303708e-06,ExampleGeneB
-0.8181818,3.0681818,1.4262912e-05,ExampleGeneB
-0.6136364,3.0681818,3.5606863e-05,ExampleGeneB
-0.4090909,3.0681818,8.2519487e-05,ExampleGeneB
-0.2045455,3.0681818,0.00017753184,ExampleGeneB
0.0,3.0681818,0.000354562868,ExampleGeneB
0.2045455,3.0681818,0.000657366154,ExampleGeneB
0.4090909,3.0681818,0.001131405823,ExampleGeneB
0.6136364,3.0681818,0.001807701396,ExampleGeneB
0.8181818,3.0681818,0.002681217169,ExampleGeneB
1.0227273,3.0681818,0.003691768602,ExampleGeneB
1.2272727,3.0681818,0.004718826375,ExampleGeneB
1.4318182,3.0681818,0.00559926052,ExampleGeneB
1.6363636,3.0681818,0.006167716866,ExampleGeneB
1.8409091,3.0681818,0.006306890658,ExampleGeneB
2.0454545,3.0681818,0.005986917642,ExampleGeneB
2.25,3.0681818,0.00527580036,ExampleGeneB
2.4545455,3.0681818,0.004315891447,ExampleGeneB
2.6590909,3.0681818,0.003277553798,ExampleGeneB
2.8636364,3.0681818,0.002310607534,ExampleGeneB
3.0681818,3.0681818,0.001512166906,ExampleGeneB
3.2727273,3.0681818,0.000918692734,ExampleGeneB
3.4772727,3.0681818,0.000518129182,ExampleGeneB
3.6818182,3.0681818,0.000271270646,ExampleGeneB
3.8863636,3.0681818,0.000131845345,ExampleGeneB
4.0909091,3.0681818,5.948723e-05,ExampleGeneB
4.2954545,3.0681818,2.4916095e-05,ExampleGeneB
4.5,3.0681818,9.687977e-06,ExampleGeneB
-4.5,3.2727273,0.0,ExampleGeneB
-4.2954545,3.2727273,0.0,ExampleGeneB
-4.0909091,3.2727273,0.0,ExampleGeneB
-3.8863636,3.2727273,0.0,ExampleGeneB
-3.6818182,3.2727273,0.0,ExampleGeneB
-3.4772727,3.2727273,0.0,ExampleGeneB
-3.2727273,3.2727273,0.0,ExampleGeneB
-3.0681818,3.2727273,2e-12,ExampleGeneB
-2.8636364,3.2727273,1.2e-11,ExampleGeneB
-2.6590909,3.2727273,6.1e-11,ExampleGeneB
-2.4545455,3.2727273,2.95e-10,ExampleGeneB
-2.25,3.2727273,1.336e-09,ExampleGeneB
-2.0454545,3.2727273,5.612e-09,ExampleGeneB
-1.8409091,3.2727273,2.1891e-08,ExampleGeneB
-1.6363636,3.2727273,7.927e-08,ExampleGeneB
-1.4318182,3.2727273,2.66467e-07,ExampleGeneB
-1.2272727,3.2727273,8.31531e-07,ExampleGeneB
-1.0227273,3.2727273,2.408851e-06,ExampleGeneB
-0.8181818,3.2727273,6.477964e-06,ExampleGeneB
-0.6136364,3.2727273,1.6172011e-05,ExampleGeneB
-0.4090909,3.2727273,3.7478899e-05,ExampleGeneB
-0.2045455,3.2727273,8.0631839e-05,ExampleGeneB
0.0,3.2727273,0.000161036218,ExampleGeneB
0.2045455,3.2727273,0.000298564145,ExampleGeneB
0.4090909,3.2727273,0.000513864625,ExampleGeneB
0.6136364,3.2727273,0.000821026179,ExampleGeneB
0.8181818,3.2727273,0.001217761678,ExampleGeneB
1.0227273,3.2727273,0.001676736364,ExampleGeneB
1.2272727,3.2727273,0.00214320794,ExampleGeneB
1.4318182,3.2727273,0.002543085643,ExampleGeneB
1.6363636,3.2727273,0.002801268516,ExampleGeneB
1.8409091,3.2727273,0.002864478805,ExampleGeneB
2.0454545,3.2727273,0.002719152689,ExampleGeneB
2.25,3.2727273,0.002396175727,ExampleGeneB
2.4545455,3.2727273,0.001960201983,ExampleGeneB
2.6590909,3.2727273,0.001488607286,ExampleGeneB
2.8636364,3.2727273,0.0010494373,ExampleGeneB
3.0681818,3.2727273,0.000686799611,ExampleGeneB
3.2727273,3.2727273,0.000417254081,ExampleGeneB
3.4772727,3.2727273,0.000235325161,ExampleGeneB
3.6818182,3.2727273,0.000123206356,ExampleGeneB
3.8863636,3.2727273,5.9881837e-05,ExampleGeneB
4.0909091,3.2727273,2.7018054e-05,ExampleGeneB
4.2954545,3.2727273,1.1316452e-05,ExampleGeneB
4.5,3.2727273,4.400109e-06,ExampleGeneB
-4.5,3.4772727,0.0,ExampleGeneB
-4.2954545,3.4772727,0.0,ExampleGeneB
-4.0909091,3.4772727,0.0,ExampleGeneB
-3.8863636,3.4772727,0.0,ExampleGeneB
-3.6818182,3.4772727,0.0,ExampleGeneB
-3.4772727,3.4772727,0.0,ExampleGeneB
-3.2727273,3.4772727,0.0,ExampleGeneB
-3.0681818,3.4772727,1e-12,ExampleGeneB
-2.8636364,3.4772727,5e-12,ExampleGeneB
-2.6590909,3.4772727,2.6e-11,ExampleGeneB
-2.4545455,3.4772727,1.24e-10,ExampleGeneB
-2.25,3.4772727,5.63e-10,ExampleGeneB
-2.0454545,3.4772727,2.366e-09,ExampleGeneB
-1.8409091,3.4772727,9.23e-09,ExampleGeneB
-1.6363636,3.4772727,3.3422e-08,ExampleGeneB
-1.4318182,3.4772727,1.1235e-07,ExampleGeneB
-1.2272727,3.4772727,3.50595e-07,ExampleGeneB
-1.0227273,3.4772727,1.015635e-06,ExampleGeneB
-0.8181818,3.4772727,2.731279e-06,ExampleGeneB
-0.6136364,3.4772727,6.818544e-06,ExampleGeneB
-0.4090909,3.4772727,1.5802086e-05,ExampleGeneB
-0.2045455,3.4772727,3.3996496e-05,ExampleGeneB
0.0,3.4772727,6.7897089e-05,ExampleGeneB
0.2045455,3.4772727,0.000125882466,ExampleGeneB
0.4090909,3.4772727,0.00021665879,ExampleGeneB
0.6136364,3.4772727,0.00034616615,ExampleGeneB
0.8181818,3.4772727,0.000513440232,ExampleGeneB
1.0227273,3.4772727,0.000706955986,ExampleGeneB
1.2272727,3.4772727,0.000903632625,ExampleGeneB
1.4318182,3.4772727,0.001072231542,ExampleGeneB
1.6363636,3.4772727,0.001181088207,ExampleGeneB
1.8409091,3.4772727,0.001207739321,ExampleGeneB
2.0454545,3.4772727,0.001146466023,ExampleGeneB
2.25,3.4772727,0.001010290473,ExampleGeneB
2.4545455,3.4772727,0.000826472518,ExampleGeneB
2.6590909,3.4772727,0.000627635837,ExampleGeneB
2.8636364,3.4772727,0.000442470264,ExampleGeneB
3.0681818,3.4772727,0.000289572712,ExampleGeneB
3.2727273,3.4772727,0.000175925254,ExampleGeneB
3.4772727,3.4772727,9.9219254e-05,ExampleGeneB
3.6818182,3.4772727,5.1947028e-05,ExampleGeneB
3.8863636,3.4772727,2.5247751e-05,ExampleGeneB
4.0909091,3.4772727,1.1391519e-05,ExampleGeneB
4.2954545,3.4772727,4.771313e-06,ExampleGeneB
4.5,3.4772727,1.855201e-06,ExampleGeneB
-4.5,3.6818182,0.0,ExampleGeneB
-4.2954545,3.6818182,0.0,ExampleGeneB
-4.0909091,3.6818182,0.0,ExampleGeneB
-3.8863636,3.6818182,0.0,ExampleGeneB
-3.6818182,3.6818182,0.0,ExampleGeneB
-3.4772727,3.6818182,0.0,ExampleGeneB
-3.2727273,3.6818182,0.0,ExampleGeneB
-3.0681818,3.6818182,0.0,ExampleGeneB
-2.8636364,3.6818182,2e-12,ExampleGeneB
-2.6590909,3.6818182,1e-11,ExampleGeneB
-2.4545455,3.6818182,4.9e-11,ExampleGeneB
-2.25,3.6818182,2.2e-10,ExampleGeneB
-2.0454545,3.6818182,9.26e-10,ExampleGeneB
-1.8409091,3.6818182,3.613e-09,ExampleGeneB
-1.6363636,3.6818182,1.3082e-08,ExampleGeneB
-1.4318182,3.6818182,4.3974e-08,ExampleGeneB
-1.2272727,3.6818182,1.37224e-07,ExampleGeneB
-1.0227273,3.6818182,3.97523e-07,ExampleGeneB
-0.8181818,3.6818182,1.069032e-06,ExampleGeneB
-0.6136364,3.6818182,2.668801e-06,ExampleGeneB
-0.4090909,3.6818182,6.184989e-06,ExampleGeneB
-0.2045455,3.6818182,1.3306342e-05,ExampleGeneB
0.0,3.6818182,2.6575146e-05,ExampleGeneB
0.2045455,3.6818182,4.9270816e-05,ExampleGeneB
0.4090909,3.6818182,8.480097e-05,ExampleGeneB
0.6136364,3.6818182,0.000135490581,ExampleGeneB
0.8181818,3.6818182,0.000200962213,ExampleGeneB
1.0227273,3.6818182,0.000276704922,ExampleGeneB
1.2272727,3.6818182,0.000353684812,ExampleGeneB
1.4318182,3.6818182,0.000419674988,ExampleGeneB
1.6363636,3.6818182,0.000462281848,ExampleGeneB
1.8409091,3.6818182,0.000472713183,ExampleGeneB
2.0454545,3.6818182,0.00044873061,ExampleGeneB
2.25,3.6818182,0.000395431048,ExampleGeneB
2.4545455,3.6818182,0.000323484089,ExampleGeneB
2.6590909,3.6818182,0.000245658752,ExampleGeneB
2.8636364,3.6818182,0.000173184331,ExampleGeneB
3.0681818,3.6818182,0.000113339722,ExampleGeneB
3.2727273,3.6818182,6.8857729e-05,ExampleGeneB
3.4772727,3.6818182,3.8834746e-05,ExampleGeneB
3.6818182,3.6818182,2.0332239e-05,ExampleGeneB
3.8863636,3.6818182,9.882054e-06,ExampleGeneB
4.0909091,3.6818182,4.458679e-06,ExampleGeneB
4.2954545,3.6818182,1.867508e-06,ExampleGeneB
4.5,3.6818182,7.26132e-07,ExampleGeneB
-4.5,3.8863636,0.0,ExampleGeneB
-4.2954545,3.8863636,0.0,ExampleGeneB
-4.0909091,3.8863636,0.0,ExampleGeneB
-3.8863636,3.8863636,0.0,ExampleGeneB
-3.6818182,3.8863636,0.0,ExampleGeneB
-3.4772727,3.8863636,0.0,ExampleGeneB
-3.2727273,3.8863636,0.0,ExampleGeneB
-3.0681818,3.8863636,0.0,ExampleGeneB
-2.8636364,3.8863636,1e-12,ExampleGeneB
-2.6590909,3.8863636,4e-12,ExampleGeneB
-2.4545455,3.8863636,1.8e-11,ExampleGeneB
-2.25,3.8863636,8e-11,ExampleGeneB
-2.0454545,3.8863636,3.37e-10,ExampleGeneB
-1.8409091,3.8863636,1.313e-09,ExampleGeneB
-1.6363636,3.8863636,4.753e-09,ExampleGeneB
-1.4318182,3.8863636,1.5978e-08,ExampleGeneB
-1.2272727,3.8863636,4.986e-08,ExampleGeneB
-1.0227273,3.8863636,1.44439e-07,ExampleGeneB
-0.8181818,3.8863636,3.8843e-07,ExampleGeneB
-0.6136364,3.8863636,9.69701e-07,ExampleGeneB
-0.4090909,3.8863636,2.247298e-06,ExampleGeneB
-0.2045455,3.8863636,4.834822e-06,ExampleGeneB
0.0,3.8863636,9.656005e-06,ExampleGeneB
0.2045455,3.8863636,1.7902413e-05,ExampleGeneB
0.4090909,3.8863636,3.0812195e-05,ExampleGeneB
0.6136364,3.8863636,4.9230124e-05,ExampleGeneB
0.8181818,3.8863636,7.3019058e-05,ExampleGeneB
1.0227273,3.8863636,0.000100539959,ExampleGeneB
1.2272727,3.8863636,0.000128510387,ExampleGeneB
1.4318182,3.8863636,0.000152487733,ExampleGeneB
1.6363636,3.8863636,0.000167968816,ExampleGeneB
1.8409091,3.8863636,0.000171759013,ExampleGeneB
2.0454545,3.8863636,0.000163045012,ExampleGeneB
2.25,3.8863636,0.000143678765,ExampleGeneB
2.4545455,3.8863636,0.000117537039,ExampleGeneB
2.6590909,3.8863636,8.925942e-05,ExampleGeneB
2.8636364,3.8863636,6.2926042e-05,ExampleGeneB
3.0681818,3.8863636,4.1181671e-05,ExampleGeneB
3.2727273,3.8863636,2.5019263e-05,ExampleGeneB
3.4772727,3.8863636,1.4110496e-05,ExampleGeneB
3.6818182,3.8863636,7.387662e-06,ExampleGeneB
3.8863636,3.8863636,3.590617e-06,ExampleGeneB
4.0909091,3.8863636,1.620048e-06,ExampleGeneB
4.2954545,3.8863636,6.78554e-07,ExampleGeneB
4.5,3.8863636,2.63838e-07,ExampleGeneB
-4.5,4.0909091,0.0,ExampleGeneB
-4.2954545,4.0909091,0.0,ExampleGeneB
-4.0909091,4.0909091,0.0,ExampleGeneB
-3.8863636,4.0909091,0.0,ExampleGeneB
-3.6818182,4.0909091,0.0,ExampleGeneB
-3.4772727,4.0909091,0.0,ExampleGeneB
-3.2727273,4.0909091,0.0,ExampleGeneB
-3.0681818,4.0909091,0.0,ExampleGeneB
-2.8636364,4.0909091,0.0,ExampleGeneB
-2.6590909,4.0909091,1e-12,ExampleGeneB
-2.4545455,4.0909091,6e-12,ExampleGeneB
-2.25,4.0909091,2.7e-11,ExampleGeneB
-2.0454545,4.0909091,1.14e-10,ExampleGeneB
-1.8409091,4.0909091,4.43e-10,ExampleGeneB
-1.6363636,4.0909091,1.603e-09,ExampleGeneB
-1.4318182,4.0909091,5.389e-09,ExampleGeneB
-1.2272727,4.0909091,1.6818e-08,ExampleGeneB
-1.0227273,4.0909091,4.8719e-08,ExampleGeneB
-0.8181818,4.0909091,1.31018e-07,ExampleGeneB
-0.6136364,4.0909091,3.27082e-07,ExampleGeneB
-0.4090909,4.0909091,7.58018e-07,ExampleGeneB
-0.2045455,4.0909091,1.630794e-06,ExampleGeneB
0.0,4.0909091,3.256988e-06,ExampleGeneB
0.2045455,4.0909091,6.038517e-06,ExampleGeneB
0.4090909,4.0909091,1.039301e-05,ExampleGeneB
0.6136364,4.0909091,1.6605411e-05,ExampleGeneB
0.8181818,4.0909091,2.4629462e-05,ExampleGeneB
1.0227273,4.0909091,3.3912313e-05,ExampleGeneB
1.2272727,4.0909091,4.3346789e-05,ExampleGeneB
1.4318182,4.0909091,5.1434392e-05,ExampleGeneB
1.6363636,4.0909091,5.665619e-05,ExampleGeneB
1.8409091,4.0909091,5.793463e-05,ExampleGeneB
2.0454545,4.0909091,5.4995382e-05,ExampleGeneB
2.25,4.0909091,4.8463111e-05,ExampleGeneB
2.4545455,4.0909091,3.9645459e-05,ExampleGeneB
2.6590909,4.0909091,3.0107366e-05,ExampleGeneB
2.8636364,4.0909091,2.122507e-05,ExampleGeneB
3.0681818,4.0909091,1.3890653e-05,ExampleGeneB
3.2727273,4.0909091,8.439043e-06,ExampleGeneB
3.4772727,4.0909091,4.759496e-06,ExampleGeneB
3.6818182,4.0909091,2.491872e-06,ExampleGeneB
3.8863636,4.0909091,1.211122e-06,ExampleGeneB
4.0909091,4.0909091,5.46445e-07,ExampleGeneB
4.2954545,4.0909091,2.28877e-07,ExampleGeneB
4.5,4.0909091,8.8993e-08,ExampleGeneB
-4.5,4.2954545,0.0,ExampleGeneB
-4.2954545,4.2954545,0.0,ExampleGeneB
-4.0909091,4.2954545,0.0,ExampleGeneB
-3.8863636,4.2954545,0.0,ExampleGeneB
-3.6818182,4.2954545,0.0,ExampleGeneB
-3.4772727,4.2954545,0.0,ExampleGeneB
-3.2727273,4.2954545,0.0,ExampleGeneB
-3.0681818,4.2954545,0.0,ExampleGeneB
-2.8636364,4.2954545,0.0,ExampleGeneB
-2.6590909,4.2954545,0.0,ExampleGeneB
-2.4545455,4.2954545,2e-12,ExampleGeneB
-2.25,4.2954545,8e-12,ExampleGeneB
-2.0454545,4.2954545,3.6e-11,ExampleGeneB
-1.8409091,4.2954545,1.39e-10,ExampleGeneB
-1.6363636,4.2954545,5.02e-10,ExampleGeneB
-1.4318182,4.2954545,1.688e-09,ExampleGeneB
-1.2272727,4.2954545,5.266e-09,ExampleGeneB
-1.0227273,4.2954545,1.5255e-08,ExampleGeneB
-0.8181818,4.2954545,4.1025e-08,ExampleGeneB
-0.6136364,4.2954545,1.02417e-07,ExampleGeneB
-0.4090909,4.2954545,2.37353e-07,ExampleGeneB
-0.2045455,4.2954545,5.1064e-07,ExampleGeneB
0.0,4.2954545,1.01984e-06,ExampleGeneB
0.2045455,4.2954545,1.890803e-06,ExampleGeneB
0.4090909,4.2954545,3.254299e-06,ExampleGeneB
0.6136364,4.2954545,5.199549e-06,ExampleGeneB
0.8181818,4.2954545,7.71207e-06,ExampleGeneB
1.0227273,4.2954545,1.0618752e-05,ExampleGeneB
1.2272727,4.2954545,1.357291e-05,ExampleGeneB
1.4318182,4.2954545,1.6105331e-05,ExampleGeneB
1.6363636,4.2954545,1.77404e-05,ExampleGeneB
1.8409091,4.2954545,1.814071e-05,ExampleGeneB
2.0454545,4.2954545,1.7220362e-05,ExampleGeneB
2.25,4.2954545,1.5174952e-05,ExampleGeneB
2.4545455,4.2954545,1.2413936e-05,ExampleGeneB
2.6590909,4.2954545,9.427332e-06,ExampleGeneB
2.8636364,4.2954545,6.646074e-06,ExampleGeneB
3.0681818,4.2954545,4.349494e-06,ExampleGeneB
3.2727273,4.2954545,2.642465e-06,ExampleGeneB
3.4772727,4.2954545,1.490311e-06,ExampleGeneB
3.6818182,4.2954545,7.80264e-07,ExampleGeneB
3.8863636,4.2954545,3.79231e-07,ExampleGeneB
4.0909091,4.2954545,1.71105e-07,ExampleGeneB
4.2954545,4.2954545,7.1667e-08,ExampleGeneB
4.5,4.2954545,2.7866e-08,ExampleGeneB
-4.5,4.5,0.0,ExampleGeneB
-4.2954545,4.5,0.0,ExampleGeneB
-4.0909091,4.5,0.0,ExampleGeneB
-3.8863636,4.5,0.0,ExampleGeneB
-3.6818182,4.5,0.0,ExampleGeneB
-3.4772727,4.5,0.0,ExampleGeneB
-3.2727273,4.5,0.0,ExampleGeneB
-3.0681818,4.5,0.0,ExampleGeneB
-2.8636364,4.5,0.0,ExampleGeneB
-2.6590909,4.5,0.0,ExampleGeneB
-2.4545455,4.5,1e-12,ExampleGeneB
-2.25,4.5,2e-12,ExampleGeneB
-2.0454545,4.5,1e-11,ExampleGeneB
-1.8409091,4.5,4e-11,ExampleGeneB
-1.6363636,4.5,1.46e-10,ExampleGeneB
-1.4318182,4.5,4.91e-10,ExampleGeneB
-1.2272727,4.5,1.531e-09,ExampleGeneB
-1.0227273,4.5,4.434e-09,ExampleGeneB
-0.8181818,4.5,1.1925e-08,ExampleGeneB
-0.6136364,4.5,2.977e-08,ExampleGeneB
-0.4090909,4.5,6.8994e-08,ExampleGeneB
-0.2045455,4.5,1.48432e-07,ExampleGeneB
0.0,4.5,2.96446e-07,ExampleGeneB
0.2045455,4.5,5.49616e-07,ExampleGeneB
0.4090909,4.5,9.45955e-07,ExampleGeneB
0.6136364,4.5,1.511397e-06,ExampleGeneB
0.8181818,4.5,2.241733e-06,ExampleGeneB
1.0227273,4.5,3.086643e-06,ExampleGeneB
1.2272727,4.5,3.945353e-06,ExampleGeneB
1.4318182,4.5,4.681473e-06,ExampleGeneB
1.6363636,4.5,5.156753e-06,ExampleGeneB
1.8409091,4.5,5.273114e-06,ExampleGeneB
2.0454545,4.5,5.005589e-06,ExampleGeneB
2.25,4.5,4.411032e-06,ExampleGeneB
2.4545455,4.5,3.608464e-06,ExampleGeneB
2.6590909,4.5,2.740323e-06,ExampleGeneB
2.8636364,4.5,1.931871e-06,ExampleGeneB
3.0681818,4.5,1.264304e-06,ExampleGeneB
3.2727273,4.5,7.68108e-07,ExampleGeneB
3.4772727,4.5,4.33201e-07,ExampleGeneB
3.6818182,4.5,2.26806e-07,ExampleGeneB
3.8863636,4.5,1.10234e-07,ExampleGeneB
4.0909091,4.5,4.9737e-08,ExampleGeneB
4.2954545,4.5,2.0832e-08,ExampleGeneB
4.5,4.5,8.1e-09,ExampleGeneB
-4.5,-4.5,0.0,ExampleGeneC
-4.2954545,-4.5,0.0,ExampleGeneC
-4.0909091,-4.5,2e-12,ExampleGeneC
-3.8863636,-4.5,1.4e-11,ExampleGeneC
-3.6818182,-4.5,7.5e-11,ExampleGeneC
-3.4772727,-4.5,3.65e-10,ExampleGeneC
-3.2727273,-4.5,1.623e-09,ExampleGeneC
-3.0681818,-4.5,6.629e-09,ExampleGeneC
-2.8636364,-4.5,2.4853e-08,ExampleGeneC
-2.6590909,-4.5,8.5557e-08,ExampleGeneC
-2.4545455,-4.5,2.70422e-07,ExampleGeneC
-2.25,-4.5,7.84781e-07,ExampleGeneC
-2.0454545,-4.5,2.091087e-06,ExampleGeneC
-1.8409091,-4.5,5.115797e-06,ExampleGeneC
-1.6363636,-4.5,1.1491379e-05,ExampleGeneC
-1.4318182,-4.5,2.3700007e-05,ExampleGeneC
-1.2272727,-4.5,4.4878932e-05,ExampleGeneC
-1.0227273,-4.5,7.8028639e-05,ExampleGeneC
-0.8181818,-4.5,0.000124561335,ExampleGeneC
-0.6136364,-4.5,0.000182570238,ExampleGeneC
-0.4090909,-4.5,0.000245693902,ExampleGeneC
-0.2045455,-4.5,0.000303582208,ExampleGeneC
0.0,-4.5,0.000344410106,ExampleGeneC
0.2045455,-4.5,0.00035875093,ExampleGeneC
0.4090909,-4.5,0.00034310558,ExampleGeneC
0.6136364,-4.5,0.0003012868,ExampleGeneC
0.8181818,-4.5,0.000242912611,ExampleGeneC
1.0227273,-4.5,0.00017981982,ExampleGeneC
1.2272727,-4.5,0.000122220126,ExampleGeneC
1.4318182,-4.5,7.6272046e-05,ExampleGeneC
1.6363636,-4.5,4.3702449e-05,ExampleGeneC
1.8409091,-4.5,2.2991305e-05,ExampleGeneC
2.0454545,-4.5,1.1105528e-05,ExampleGeneC
2.25,-4.5,4.925295e-06,ExampleGeneC
2.4545455,-4.5,2.005593e-06,ExampleGeneC
2.6590909,-4.5,7.49845e-07,ExampleGeneC
2.8636364,-4.5,2.57405e-07,ExampleGeneC
3.0681818,-4.5,8.113e-08,ExampleGeneC
3.2727273,-4.5,2.3478e-08,ExampleGeneC
3.4772727,-4.5,6.238e-09,ExampleGeneC
3.6818182,-4.5,1.522e-09,ExampleGeneC
3.8863636,-4.5,3.41e-10,ExampleGeneC
4.0909091,-4.5,7e-11,ExampleGeneC
4.2954545,-4.5,1.3e-11,ExampleGeneC
4.5,-4.5,2e-12,ExampleGeneC
-4.5,-4.2954545,0.0,ExampleGeneC
-4.2954545,-4.2954545,1e-12,ExampleGeneC
-4.0909091,-4.2954545,7e-12,ExampleGeneC
-3.8863636,-4.2954545,3.9e-11,ExampleGeneC
-3.6818182,-4.2954545,2.05e-10,ExampleGeneC
-3.4772727,-4.2954545,9.93e-10,ExampleGeneC
-3.2727273,-4.2954545,4.417e-09,ExampleGeneC
-3.0681818,-4.2954545,1.8035e-08,ExampleGeneC
-2.8636364,-4.2954545,6.7619e-08,ExampleGeneC
-2.6590909,-4.2954545,2.32778e-07,ExampleGeneC
-2.4545455,-4.2954545,7.35751e-07,ExampleGeneC
-2.25,-4.2954545,2.135191e-06,ExampleGeneC
-2.0454545,-4.2954545,5.689322e-06,ExampleGeneC
-1.8409091,-4.2954545,1.3918793e-05,ExampleGeneC
-1.6363636,-4.2954545,3.1265145e-05,ExampleGeneC
-1.4318182,-4.2954545,6.4481741e-05,ExampleGeneC
-1.2272727,-4.2954545,0.000122104256,ExampleGeneC
-1.0227273,-4.2954545,0.000212296249,ExampleGeneC
-0.8181818,-4.2954545,0.000338899979,ExampleGeneC
-0.6136364,-4.2954545,0.000496727575,ExampleGeneC
-0.4090909,-4.2954545,0.000668471146,ExampleGeneC
-0.2045455,-4.2954545,0.00082597063,ExampleGeneC
0.0,-4.2954545,0.000937053044,ExampleGeneC
0.2045455,-4.2954545,0.000976070809,ExampleGeneC
0.4090909,-4.2954545,0.000933503757,ExampleGeneC
0.6136364,-4.2954545,0.000819725403,ExampleGeneC
0.8181818,-4.2954545,0.000660903954,ExampleGeneC
1.0227273,-4.2954545,0.000489244383,ExampleGeneC
1.2272727,-4.2954545,0.00033253014,ExampleGeneC
1.4318182,-4.2954545,0.000207517003,ExampleGeneC
1.6363636,-4.2954545,0.000118903343,ExampleGeneC
1.8409091,-4.2954545,6.2553543e-05,ExampleGeneC
2.0454545,-4.2954545,3.0215341e-05,ExampleGeneC
2.25,-4.2954545,1.3400485e-05,ExampleGeneC
2.4545455,-4.2954545,5.456713e-06,ExampleGeneC
2.6590909,-4.2954545,2.040138e-06,ExampleGeneC
2.8636364,-4.2954545,7.00334e-07,ExampleGeneC
3.0681818,-4.2954545,2.20734e-07,ExampleGeneC
3.2727273,-4.2954545,6.3878e-08,ExampleGeneC
3.4772727,-4.2954545,1.6973e-08,ExampleGeneC
3.6818182,-4.2954545,4.141e-09,ExampleGeneC
3.8863636,-4.2954545,9.27e-10,ExampleGeneC
4.0909091,-4.2954545,1.91e-10,ExampleGeneC
4.2954545,-4.2954545,3.6e-11,ExampleGeneC
4.5,-4.2954545,6e-12,ExampleGeneC
-4.5,-4.0909091,0.0,ExampleGeneC
-4.2954545,-4.0909091,3e-12,ExampleGeneC
-4.0909091,-4.0909091,1.7e-11,ExampleGeneC
-3.8863636,-4.0909091,9.7e-11,ExampleGeneC
-3.6818182,-4.0909091,5.12e-10,ExampleGeneC
-3.4772727,-4.0909091,2.481e-09,ExampleGeneC
-3.2727273,-4.0909091,1.1033e-08,ExampleGeneC
-3.0681818,-4.0909091,4.5053e-08,ExampleGeneC
-2.8636364,-4.0909091,1.68919e-07,ExampleGeneC
-2.6590909,-4.0909091,5.81498e-07,ExampleGeneC
-2.4545455,-4.0909091,1.837962e-06,ExampleGeneC
-2.25,-4.0909091,5.333871e-06,ExampleGeneC
-2.0454545,-4.0909091,1.421236e-05,ExampleGeneC
-1.8409091,-4.0909091,3.4770207e-05,ExampleGeneC
-1.6363636,-4.0909091,7.8102717e-05,ExampleGeneC
-1.4318182,-4.0909091,0.000161080305,ExampleGeneC
-1.2272727,-4.0909091,0.000305025738,ExampleGeneC
-1.0227273,-4.0909091,0.000530332208,ExampleGeneC
-0.8181818,-4.0909091,0.000846597973,ExampleGeneC
-0.6136364,-4.0909091,0.001240863334,ExampleGeneC
-0.4090909,-4.0909091,0.001669891861,ExampleGeneC
-0.2045455,-4.0909091,0.002063337573,ExampleGeneC
0.0,-4.0909091,0.002340829906,ExampleGeneC
0.2045455,-4.0909091,0.002438299257,ExampleGeneC
0.4090909,-4.0909091,0.002331963519,ExampleGeneC
0.6136364,-4.0909091,0.002047736519,ExampleGeneC
0.8181818,-4.0909091,0.001650988438,ExampleGeneC
1.0227273,-4.0909091,0.001222169748,ExampleGeneC
1.2272727,-4.0909091,0.000830685628,ExampleGeneC
1.4318182,-4.0909091,0.000518393287,ExampleGeneC
1.6363636,-4.0909091,0.000297029611,ExampleGeneC
1.8409091,-4.0909091,0.000156263517,ExampleGeneC
2.0454545,-4.0909091,7.5480224e-05,ExampleGeneC
2.25,-4.0909091,3.3475433e-05,ExampleGeneC
2.4545455,-4.0909091,1.3631285e-05,ExampleGeneC
2.6590909,-4.0909091,5.09642e-06,ExampleGeneC
2.8636364,-4.0909091,1.749488e-06,ExampleGeneC
3.0681818,-4.0909091,5.5141e-07,ExampleGeneC
3.2727273,-4.0909091,1.59572e-07,ExampleGeneC
3.4772727,-4.0909091,4.2399e-08,ExampleGeneC
3.6818182,-4.0909091,1.0344e-08,ExampleGeneC
3.8863636,-4.0909091,2.317e-09,ExampleGeneC
4.0909091,-4.0909091,4.76e-10,ExampleGeneC
4.2954545,-4.0909091,9e-11,ExampleGeneC
4.5,-4.0909091,1.6e-11,ExampleGeneC
-4.5,-3.8863636,1e-12,ExampleGeneC
-4.2954545,-3.8863636,6e-12,ExampleGeneC
-4.0909091,-3.8863636,3.9e-11,ExampleGeneC
-3.8863636,-3.8863636,2.23e-10,ExampleGeneC
-3.6818182,-3.8863636,1.175e-09,ExampleGeneC
-3.4772727,-3.8863636,5.69e-09,ExampleGeneC
-3.2727273,-3.8863636,2.5306e-08,ExampleGeneC
-3.0681818,-3.8863636,1.03336e-07,ExampleGeneC
-2.8636364,-3.8863636,3.87438e-07,ExampleGeneC
-2.6590909,-3.8863636,1.333743e-06,ExampleGeneC
-2.4545455,-3.8863636,4.215607e-06,ExampleGeneC
-2.25,-3.8863636,1.2233933e-05,ExampleGeneC
-2.0454545,-3.8863636,3.2597907e-05,ExampleGeneC
-1.8409091,-3.8863636,7.9750014e-05,ExampleGeneC
-1.6363636,-3.8863636,0.000179138783,ExampleGeneC
-1.4318182,-3.8863636,0.000369458714,ExampleGeneC
-1.2272727,-3.8863636,0.000699616358,ExampleGeneC
-1.0227273,-3.8863636,0.001216386158,ExampleGeneC
-0.8181818,-3.8863636,0.001941782976,ExampleGeneC
-0.6136364,-3.8863636,0.00284608205,ExampleGeneC
-0.4090909,-3.8863636,0.003830114982,ExampleGeneC
-0.2045455,-3.8863636,0.004732534082,ExampleGeneC
0.0,-3.8863636,0.005368998973,ExampleGeneC
0.2045455,-3.8863636,0.005592557652,ExampleGeneC
0.4090909,-3.8863636,0.005348662753,ExampleGeneC
0.6136364,-3.8863636,0.004696751025,ExampleGeneC
0.8181818,-3.8863636,0.003786757508,ExampleGeneC
1.0227273,-3.8863636,0.002803205864,ExampleGeneC
1.2272727,-3.8863636,0.001905285929,ExampleGeneC
1.4318182,-3.8863636,0.001189002677,ExampleGeneC
1.6363636,-3.8863636,0.000681276189,ExampleGeneC
1.8409091,-3.8863636,0.000358410774,ExampleGeneC
2.0454545,-3.8863636,0.000173123748,ExampleGeneC
2.25,-3.8863636,7.6780276e-05,ExampleGeneC
2.4545455,-3.8863636,3.1265132e-05,ExampleGeneC
2.6590909,-3.8863636,1.1689304e-05,ExampleGeneC
2.8636364,-3.8863636,4.012679e-06,ExampleGeneC
3.0681818,-3.8863636,1.264731e-06,ExampleGeneC
3.2727273,-3.8863636,3.65998e-07,ExampleGeneC
3.4772727,-3.8863636,9.7247e-08,ExampleGeneC
3.6818182,-3.8863636,2.3724e-08,ExampleGeneC
3.8863636,-3.8863636,5.314e-09,ExampleGeneC
4.0909091,-3.8863636,1.093e-09,ExampleGeneC
4.2954545,-3.8863636,2.06e-10,ExampleGeneC
4.5,-3.8863636,3.6e-11,ExampleGeneC
-4.5,-3.6818182,2e-12,ExampleGeneC
-4.2954545,-3.6818182,1.3e-11,ExampleGeneC
-4.0909091,-3.6818182,8.2e-11,ExampleGeneC
-3.8863636,-3.6818182,4.69e-10,ExampleGeneC
-3.6818182,-3.6818182,2.474e-09,ExampleGeneC
-3.4772727,-3.6818182,1.1983e-08,ExampleGeneC
-3.2727273,-3.6818182,5.3293e-08,ExampleGeneC
-3.0681818,-3.6818182,2.17618e-07,ExampleGeneC
-2.8636364,-3.6818182,8.15915e-07,ExampleGeneC
-2.6590909,-3.6818182,2.808756e-06,ExampleGeneC
-2.4545455,-3.6818182,8.877721e-06,ExampleGeneC
-2.25,-3.6818182,2.576364e-05,ExampleGeneC
-2.0454545,-3.6818182,6.8648449e-05,ExampleGeneC
-1.8409091,-3.6818182,0.000167946797,ExampleGeneC
-1.6363636,-3.6818182,0.000377251128,ExampleGeneC
-1.4318182,-3.6818182,0.000778048781,ExampleGeneC
-1.2272727,-3.6818182,0.001473332806,ExampleGeneC
-1.0227273,-3.6818182,0.002561606216,ExampleGeneC
-0.8181818,-3.6818182,0.004089230448,ExampleGeneC
-0.6136364,-3.6818182,0.005993607666,ExampleGeneC
-0.4090909,-3.6818182,0.008065897634,ExampleGeneC
-0.2045455,-3.6818182,0.009966315784,ExampleGeneC
0.0,-3.6818182,0.011306656907,ExampleGeneC
0.2045455,-3.6818182,0.011777452535,ExampleGeneC
0.4090909,-3.6818182,0.011263830541,ExampleGeneC
0.6136364,-3.6818182,0.009890959678,ExampleGeneC
0.8181818,-3.6818182,0.007974590439,ExampleGeneC
1.0227273,-3.6818182,0.005903314018,ExampleGeneC
1.2272727,-3.6818182,0.00401237072,ExampleGeneC
1.4318182,-3.6818182,0.002503938886,ExampleGeneC
1.6363636,-3.6818182,0.001434709924,ExampleGeneC
1.8409091,-3.6818182,0.000754782721,ExampleGeneC
2.0454545,-3.6818182,0.000364583943,ExampleGeneC
2.25,-3.6818182,0.000161692754,ExampleGeneC
2.4545455,-3.6818182,6.5841719e-05,ExampleGeneC
2.6590909,-3.6818182,2.4616684e-05,ExampleGeneC
2.8636364,-3.6818182,8.450362e-06,ExampleGeneC
3.0681818,-3.6818182,2.663416e-06,ExampleGeneC
3.2727273,-3.6818182,7.70761e-07,ExampleGeneC
3.4772727,-3.6818182,2.04795e-07,ExampleGeneC
3.6818182,-3.6818182,4.9961e-08,ExampleGeneC
3.8863636,-3.6818182,1.1191e-08,ExampleGeneC
4.0909091,-3.6818182,2.302e-09,ExampleGeneC
4.2954545,-3.6818182,4.35e-10,ExampleGeneC
4.5,-3.6818182,7.5e-11,ExampleGeneC
-4.5,-3.4772727,4e-12,ExampleGeneC
-4.2954545,-3.4772727,2.5e-11,ExampleGeneC
-4.0909091,-3.4772727,1.58e-10,ExampleGeneC
-3.8863636,-3.4772727,9.08e-10,ExampleGeneC
-3.6818182,-3.4772727,4.785e-09,ExampleGeneC
-3.4772727,-3.4772727,2.3173e-08,ExampleGeneC
-3.2727273,-3.4772727,1.0305e-07,ExampleGeneC
-3.0681818,-3.4772727,4.20789e-07,ExampleGeneC
-2.8636364,-3.4772727,1.577641e-06,ExampleGeneC
-2.6590909,-3.4772727,5.430939e-06,ExampleGeneC
-2.4545455,-3.4772727,1.716569e-05,ExampleGeneC
-2.25,-3.4772727,4.9815722e-05,ExampleGeneC
-2.0454545,-3.4772727,0.000132736285,ExampleGeneC
-1.8409091,-3.4772727,0.000324736061,ExampleGeneC
-1.6363636,-3.4772727,0.000729439488,ExampleGeneC
-1.4318182,-3.4772727,0.001504407578,ExampleGeneC
-1.2272727,-3.4772727,0.002848784022,ExampleGeneC
-1.0227273,-3.4772727,0.004953030733,ExampleGeneC
-0.8181818,-3.4772727,0.007906790534,ExampleGeneC
-0.6136364,-3.4772727,0.01158902648,ExampleGeneC
-0.4090909,-3.4772727,0.015595932533,ExampleGeneC
-0.2045455,-3.4772727,0.019270513355,ExampleGeneC
0.0,-3.4772727,0.021862149184,ExampleGeneC
0.2045455,-3.4772727,0.022772462817,ExampleGeneC
0.4090909,-3.4772727,0.021779341601,ExampleGeneC
0.6136364,-3.4772727,0.01912480738,ExampleGeneC
0.8181818,-3.4772727,0.015419384062,ExampleGeneC
1.0227273,-3.4772727,0.011414437739,ExampleGeneC
1.2272727,-3.4772727,0.007758177122,ExampleGeneC
1.4318182,-3.4772727,0.004841527051,ExampleGeneC
1.6363636,-3.4772727,0.002774104012,ExampleGeneC
1.8409091,-3.4772727,0.001459420986,ExampleGeneC
2.0454545,-3.4772727,0.000704946527,ExampleGeneC
2.25,-3.4772727,0.000312643351,ExampleGeneC
2.4545455,-3.4772727,0.000127309202,ExampleGeneC
2.6590909,-3.4772727,4.7597944e-05,ExampleGeneC
2.8636364,-3.4772727,1.6339319e-05,ExampleGeneC
3.0681818,-3.4772727,5.149885e-06,ExampleGeneC
3.2727273,-3.4772727,1.490317e-06,ExampleGeneC
3.4772727,-3.4772727,3.95984e-07,ExampleGeneC
3.6818182,-3.4772727,9.6604e-08,ExampleGeneC
3.8863636,-3.4772727,2.1639e-08,ExampleGeneC
4.0909091,-3.4772727,4.45e-09,ExampleGeneC
4.2954545,-3.4772727,8.4e-10,ExampleGeneC
4.5,-3.4772727,1.46e-10,ExampleGeneC
-4.5,-3.2727273,7e-12,ExampleGeneC
-4.2954545,-3.2727273,4.6e-11,ExampleGeneC
-4.0909091,-3.2727273,2.82e-10,ExampleGeneC
-3.8863636,-3.2727273,1.614e-09,ExampleGeneC
-3.6818182,-3.2727273,8.501e-09,ExampleGeneC
-3.4772727,-3.2727273,4.1151e-08,ExampleGeneC
-3.2727273,-3.2727273,1.82971e-07,ExampleGeneC
-3.0681818,-3.2727273,7.47078e-07,ExampleGeneC
-2.8636364,-3.2727273,2.800891e-06,ExampleGeneC
-2.6590909,-3.2727273,9.641768e-06,ExampleGeneC
-2.4545455,-3.2727273,3.0474748e-05,ExampleGeneC
-2.25,-3.2727273,8.8439021e-05,ExampleGeneC
-2.0454545,-3.2727273,0.00023564948,ExampleGeneC
-1.8409091,-3.2727273,0.000576510218,ExampleGeneC
-1.6363636,-3.2727273,0.001294987528,ExampleGeneC
-1.4318182,-3.2727273,0.002670802261,ExampleGeneC
-1.2272727,-3.2727273,0.00505749774,ExampleGeneC
-1.0227273,-3.2727273,0.008793204372,ExampleGeneC
-0.8181818,-3.2727273,0.01403706665,ExampleGeneC
-0.6136364,-3.2727273,0.020574205539,ExampleGeneC
-0.4090909,-3.2727273,0.027687737004,ExampleGeneC
-0.2045455,-3.2727273,0.03421128556,ExampleGeneC
0.0,-3.2727273,0.03881226261,ExampleGeneC
0.2045455,-3.2727273,0.040428358476,ExampleGeneC
0.4090909,-3.2727273,0.038665252628,ExampleGeneC
0.6136364,-3.2727273,0.03395261075,ExampleGeneC
0.8181818,-3.2727273,0.027374306791,ExampleGeneC
1.0227273,-3.2727273,0.020264254334,ExampleGeneC
1.2272727,-3.2727273,0.013773229825,ExampleGeneC
1.4318182,-3.2727273,0.008595249077,ExampleGeneC
1.6363636,-3.2727273,0.004924916187,ExampleGeneC
1.8409091,-3.2727273,0.002590936031,ExampleGeneC
2.0454545,-3.2727273,0.001251504106,ExampleGeneC
2.25,-3.2727273,0.0005550413,ExampleGeneC
2.4545455,-3.2727273,0.00022601429,ExampleGeneC
2.6590909,-3.2727273,8.4501476e-05,ExampleGeneC
2.8636364,-3.2727273,2.9007484e-05,ExampleGeneC
3.0681818,-3.2727273,9.142683e-06,ExampleGeneC
3.2727273,-3.2727273,2.645785e-06,ExampleGeneC
3.4772727,-3.2727273,7.02997e-07,ExampleGeneC
3.6818182,-3.2727273,1.71502e-07,ExampleGeneC
3.8863636,-3.2727273,3.8415e-08,ExampleGeneC
4.0909091,-3.2727273,7.901e-09,ExampleGeneC
4.2954545,-3.2727273,1.492e-09,ExampleGeneC
4.5,-3.2727273,2.59e-10,ExampleGeneC
-4.5,-3.0681818,1.2e-11,ExampleGeneC
-4.2954545,-3.0681818,7.6e-11,ExampleGeneC
-4.0909091,-3.0681818,4.64e-10,ExampleGeneC
-3.8863636,-3.0681818,2.642e-09,ExampleGeneC
-3.6818182,-3.0681818,1.3881e-08,ExampleGeneC
-3.4772727,-3.0681818,6.7128e-08,ExampleGeneC
-3.2727273,-3.0681818,2.98345e-07,ExampleGeneC
-3.0681818,-3.0681818,1.217936e-06,ExampleGeneC
-2.8636364,-3.0681818,4.565833e-06,ExampleGeneC
-2.6590909,-3.0681818,1.5716827e-05,ExampleGeneC
-2.4545455,-3.0681818,4.9675357e-05,ExampleGeneC
-2.25,-3.0681818,0.000144158849,ExampleGeneC
-2.0454545,-3.0681818,0.000384115782,ExampleGeneC
-1.8409091,-3.0681818,0.000939727228,ExampleGeneC
-1.6363636,-3.0681818,0.00211086248,ExampleGeneC
-1.4318182,-3.0681818,0.004353472981,ExampleGeneC
-1.2272727,-3.0681818,0.00824384252,ExampleGeneC
-1.0227273,-3.0681818,0.014333131489,ExampleGeneC
-0.8181818,-3.0681818,0.0228807491,ExampleGeneC
-0.6136364,-3.0681818,0.033536437533,ExampleGeneC
-0.4090909,-3.0681818,0.045131659152,ExampleGeneC
-0.2045455,-3.0681818,0.0557651948,ExampleGeneC
0.0,-3.0681818,0.063264894083,ExampleGeneC
0.2045455,-3.0681818,0.065899167529,ExampleGeneC
0.4090909,-3.0681818,0.063025263523,ExampleGeneC
0.6136364,-3.0681818,0.055343547155,ExampleGeneC
0.8181818,-3.0681818,0.044620758214,ExampleGeneC
1.0227273,-3.0681818,0.033031206905,ExampleGeneC
1.2272727,-3.0681818,0.022450685628,ExampleGeneC
1.4318182,-3.0681818,0.014010456313,ExampleGeneC
1.6363636,-3.0681818,0.008027728158,ExampleGeneC
1.8409091,-3.0681818,0.004223286109,ExampleGeneC
2.0454545,-3.0681818,0.002039980858,ExampleGeneC
2.25,-3.0681818,0.000904730254,ExampleGeneC
2.4545455,-3.0681818,0.00036840856,ExampleGeneC
2.6590909,-3.0681818,0.000137739375,ExampleGeneC
2.8636364,-3.0681818,4.7282876e-05,ExampleGeneC
3.0681818,-3.0681818,1.4902787e-05,ExampleGeneC
3.2727273,-3.0681818,4.312692e-06,ExampleGeneC
3.4772727,-3.0681818,1.145901e-06,ExampleGeneC
3.6818182,-3.0681818,2.79552e-07,ExampleGeneC
3.8863636,-3.0681818,6.2618e-08,ExampleGeneC
4.0909091,-3.0681818,1.2878e-08,ExampleGeneC
4.2954545,-3.0681818,2.432e-09,ExampleGeneC
4.5,-3.0681818,4.22e-10,ExampleGeneC
-4.5,-2.8636364,2.1e-11,ExampleGeneC
-4.2954545,-2.8636364,1.21e-10,ExampleGeneC
-4.0909091,-2.8636364,7.13e-10,ExampleGeneC
-3.8863636,-2.8636364,3.997e-09,ExampleGeneC
-3.6818182,-2.8636364,2.0869e-08,ExampleGeneC
-3.4772727,-2.8636364,1.00661e-07,ExampleGeneC
-3.2727273,-2.8636364,4.46892e-07,ExampleGeneC
-3.0681818,-2.8636364,1.823496e-06,ExampleGeneC
-2.8636364,-2.8636364,6.834551e-06,ExampleGeneC
-2.6590909,-2.8636364,2.3524144e-05,ExampleGeneC
-2.4545455,-2.8636364,7.4348263e-05,ExampleGeneC
-2.25,-2.8636364,0.000215755549,ExampleGeneC
-2.0454545,-2.8636364,0.000574881488,ExampleGeneC
-1.8409091,-2.8636364,0.001406422215,ExampleGeneC
-1.6363636,-2.8636364,0.003159167679,ExampleGeneC
-1.4318182,-2.8636364,0.006515503312,ExampleGeneC
-1.2272727,-2.8636364,0.012337906252,ExampleGeneC
-1.0227273,-2.8636364,0.021451253539,ExampleGeneC
-0.8181818,-2.8636364,0.034243781902,ExampleGeneC
-0.6136364,-2.8636364,0.050191288809,ExampleGeneC
-0.4090909,-2.8636364,0.067544918564,ExampleGeneC
-0.2045455,-2.8636364,0.083459270306,ExampleGeneC
0.0,-2.8636364,0.094683462295,ExampleGeneC
0.2045455,-2.8636364,0.098625964684,ExampleGeneC
0.4090909,-2.8636364,0.094324823205,ExampleGeneC
0.6136364,-2.8636364,0.08282821776,ExampleGeneC
0.8181818,-2.8636364,0.066780285039,ExampleGeneC
1.0227273,-2.8636364,0.049435139398,ExampleGeneC
1.2272727,-2.8636364,0.0336001277,ExampleGeneC
1.4318182,-2.8636364,0.020968318207,ExampleGeneC
1.6363636,-2.8636364,0.012014452238,ExampleGeneC
1.8409091,-2.8636364,0.006320651147,ExampleGeneC
2.0454545,-2.8636364,0.00305307455,ExampleGeneC
2.25,-2.8636364,0.001354036682,ExampleGeneC
2.4545455,-2.8636364,0.000551367329,ExampleGeneC
2.6590909,-2.8636364,0.000206143395,ExampleGeneC
2.8636364,-2.8636364,7.076446e-05,ExampleGeneC
3.0681818,-2.8636364,2.2303797e-05,ExampleGeneC
3.2727273,-2.8636364,6.454458e-06,ExampleGeneC
3.4772727,-2.8636364,1.714978e-06,ExampleGeneC
3.6818182,-2.8636364,4.18384e-07,ExampleGeneC
3.8863636,-2.8636364,9.3715e-08,ExampleGeneC
4.0909091,-2.8636364,1.9273e-08,ExampleGeneC
4.2954545,-2.8636364,3.639e-09,ExampleGeneC
4.5,-2.8636364,6.31e-10,ExampleGeneC
-4.5,-2.6590909,3.9e-11,ExampleGeneC
-4.2954545,-2.6590909,1.94e-10,ExampleGeneC
-4.0909091,-2.6590909,1.049e-09,ExampleGeneC
-3.8863636,-2.6590909,5.651e-09,ExampleGeneC
-3.6818182,-2.6590909,2.9026e-08,ExampleGeneC
-3.4772727,-2.6590909,1.39047e-07,ExampleGeneC
-3.2727273,-2.6590909,6.15511e-07,ExampleGeneC
-3.0681818,-2.6590909,2.508354e-06,ExampleGeneC
-2.8636364,-2.6590909,9.396171e-06,ExampleGeneC
-2.6590909,-2.6590909,3.2332865e-05,ExampleGeneC
-2.4545455,-2.6590909,0.000102176179,ExampleGeneC
-2.25,-2.6590909,0.000296494164,ExampleGeneC
-2.0454545,-2.6590909,0.000789987817,ExampleGeneC
-1.8409091,-2.6590909,0.001932643226,ExampleGeneC
-1.6363636,-2.6590909,0.004341157042,ExampleGeneC
-1.4318182,-2.6590909,0.008953217153,ExampleGeneC
-1.2272727,-2.6590909,0.016953981531,ExampleGeneC
-1.0227273,-2.6590909,0.029476940801,ExampleGeneC
-0.8181818,-2.6590909,0.047055583835,ExampleGeneC
-0.6136364,-2.6590909,0.068969586469,ExampleGeneC
-0.4090909,-2.6590909,0.092815787798,ExampleGeneC
-0.2045455,-2.6590909,0.114684227537,ExampleGeneC
0.0,-2.6590909,0.130107760513,ExampleGeneC
0.2045455,-2.6590909,0.135525279053,ExampleGeneC
0.4090909,-2.6590909,0.12961492991,ExampleGeneC
0.6136364,-2.6590909,0.113817052616,ExampleGeneC
0.8181818,-2.6590909,0.09176504444,ExampleGeneC
1.0227273,-2.6590909,0.067930493352,ExampleGeneC
1.2272727,-2.6590909,0.046171068994,ExampleGeneC
1.4318182,-2.6590909,0.028813273252,ExampleGeneC
1.6363636,-2.6590909,0.016509463963,ExampleGeneC
1.8409091,-2.6590909,0.008685419855,ExampleGeneC
2.0454545,-2.6590909,0.004195332671,ExampleGeneC
2.25,-2.6590909,0.001860627451,ExampleGeneC
2.4545455,-2.6590909,0.000757652434,ExampleGeneC
2.6590909,-2.6590909,0.000283268588,ExampleGeneC
2.8636364,-2.6590909,9.723983e-05,ExampleGeneC
3.0681818,-2.6590909,3.0648399e-05,ExampleGeneC
3.2727273,-2.6590909,8.869288e-06,ExampleGeneC
3.4772727,-2.6590909,2.356609e-06,ExampleGeneC
3.6818182,-2.6590909,5.74915e-07,ExampleGeneC
3.8863636,-2.6590909,1.28777e-07,ExampleGeneC
4.0909091,-2.6590909,2.6484e-08,ExampleGeneC
4.2954545,-2.6590909,5.001e-09,ExampleGeneC
4.5,-2.6590909,8.67e-10,ExampleGeneC
-4.5,-2.4545455,8.6e-11,ExampleGeneC
-4.2954545,-2.4545455,3.42e-10,ExampleGeneC
-4.0909091,-2.4545455,1.561e-09,ExampleGeneC
-3.8863636,-2.4545455,7.684e-09,ExampleGeneC
-3.6818182,-2.4545455,3.7841e-08,ExampleGeneC
-3.4772727,-2.4545455,1.77963e-07,ExampleGeneC
-3.2727273,-2.4545455,7.81532e-07,ExampleGeneC
-3.0681818,-2.4545455,3.173888e-06,ExampleGeneC
-2.8636364,-2.4545455,1.1870881e-05,ExampleGeneC
-2.6590909,-2.4545455,4.081981e-05,ExampleGeneC
-2.4545455,-2.4545455,0.000128953761,ExampleGeneC
-2.25,-2.4545455,0.000374138443,ExampleGeneC
-2.0454545,-2.4545455,0.00099678869,ExampleGeneC
-1.8409091,-2.4545455,0.00243847064,ExampleGeneC
-1.6363636,-2.4545455,0.005477250725,ExampleGeneC
-1.4318182,-2.4545455,0.011296180448,ExampleGeneC
-1.2272727,-2.4545455,0.021390537429,ExampleGeneC
-1.0227273,-2.4545455,0.037190412807,ExampleGeneC
-0.8181818,-2.4545455,0.059368893615,ExampleGeneC
-0.6136364,-2.4545455,0.087017167562,ExampleGeneC
-0.4090909,-2.4545455,0.117103235583,ExampleGeneC
-0.2045455,-2.4545455,0.144694012698,ExampleGeneC
0.0,-2.4545455,0.164153429427,ExampleGeneC
0.2045455,-2.4545455,0.170988538072,ExampleGeneC
0.4090909,-2.4545455,0.163531594982,ExampleGeneC
0.6136364,-2.4545455,0.143599837229,ExampleGeneC
0.8181818,-2.4545455,0.115777420934,ExampleGeneC
1.0227273,-2.4545455,0.085706023552,ExampleGeneC
1.2272727,-2.4545455,0.058252758636,ExampleGeneC
1.4318182,-2.4545455,0.036352908015,ExampleGeneC
1.6363636,-2.4545455,0.020829532707,ExampleGeneC
1.8409091,-2.4545455,0.010958153201,ExampleGeneC
2.0454545,-2.4545455,0.005293134773,ExampleGeneC
2.25,-2.4545455,0.002347501997,ExampleGeneC
2.4545455,-2.4545455,0.000955909038,ExampleGeneC
2.6590909,-2.4545455,0.000357392112,ExampleGeneC
2.8636364,-2.4545455,0.000122684794,ExampleGeneC
3.0681818,-2.4545455,3.8668234e-05,ExampleGeneC
3.2727273,-2.4545455,1.1190134e-05,ExampleGeneC
3.4772727,-2.4545455,2.973268e-06,ExampleGeneC
3.6818182,-2.4545455,7.25354e-07,ExampleGeneC
3.8863636,-2.4545455,1.62474e-07,ExampleGeneC
4.0909091,-2.4545455,3.3415e-08,ExampleGeneC
4.2954545,-2.4545455,6.31e-09,ExampleGeneC
4.5,-2.4545455,1.094e-09,ExampleGeneC
-4.5,-2.25,2.21e-10,ExampleGeneC
-4.2954545,-2.25,7.13e-10,ExampleGeneC
-4.0909091,-2.25,2.591e-09,ExampleGeneC
-3.8863636,-2.25,1.0726e-08,ExampleGeneC
-3.6818182,-2.25,4.7849e-08,ExampleGeneC
-3.4772727,-2.25,2.14485e-07,ExampleGeneC
-3.2727273,-2.25,9.21657e-07,ExampleGeneC
-3.0681818,-2.25,3.706848e-06,ExampleGeneC
-2.8636364,-2.25,1.3804041e-05,ExampleGeneC
-2.6590909,-2.25,4.7372943e-05,ExampleGeneC
-2.4545455,-2.25,0.00014951663,ExampleGeneC
-2.25,-2.25,0.000433605049,ExampleGeneC
-2.0454545,-2.25,0.001154968234,ExampleGeneC
-1.8409091,-2.25,0.002825117833,ExampleGeneC
-1.6363636,-2.25,0.00634536919,ExampleGeneC
-1.4318182,-2.25,0.013086176303,ExampleGeneC
-1.2272727,-2.25,0.024779680579,ExampleGeneC
-1.0227273,-2.25,0.043082512966,ExampleGeneC
-0.8181818,-2.25,0.068774384167,ExampleGeneC
-0.6136364,-2.25,0.1008025146,ExampleGeneC
-0.4090909,-2.25,0.135654598318,ExampleGeneC
-0.2045455,-2.25,0.167616086057,ExampleGeneC
0.0,-2.25,0.190158081349,ExampleGeneC
0.2045455,-2.25,0.198075895391,ExampleGeneC
0.4090909,-2.25,0.189437594921,ExampleGeneC
0.6136364,-2.25,0.16634829708,ExampleGeneC
0.8181818,-2.25,0.134118356603,ExampleGeneC
1.0227273,-2.25,0.099283174944,ExampleGeneC
1.2272727,-2.25,0.067480886402,ExampleGeneC
1.4318182,-2.25,0.04211176254,ExampleGeneC
1.6363636,-2.25,0.024129247233,ExampleGeneC
1.8409091,-2.25,0.012694090888,ExampleGeneC
2.0454545,-2.25,0.006131647505,ExampleGeneC
2.25,-2.25,0.002719381843,ExampleGeneC
2.4545455,-2.25,0.00110733949,ExampleGeneC
2.6590909,-2.25,0.000414008427,ExampleGeneC
2.8636364,-2.25,0.00014211992,ExampleGeneC
3.0681818,-2.25,4.4793868e-05,ExampleGeneC
3.2727273,-2.25,1.2962821e-05,ExampleGeneC
3.4772727,-2.25,3.444279e-06,ExampleGeneC
3.6818182,-2.25,8.40262e-07,ExampleGeneC
3.8863636,-2.25,1.88213e-07,ExampleGeneC
4.0909091,-2.25,3.8708e-08,ExampleGeneC
4.2954545,-2.25,7.309e-09,ExampleGeneC
4.5,-2.25,1.267e-09,ExampleGeneC
-4.5,-2.0454545,6.11e-10,ExampleGeneC
-4.2954545,-2.0454545,1.742e-09,ExampleGeneC
-4.0909091,-2.0454545,5.186e-09,ExampleGeneC
-3.8863636,-2.0454545,1.7072e-08,ExampleGeneC
-3.6818182,-2.0454545,6.335e-08,ExampleGeneC
-3.4772727,-2.0454545,2.53985e-07,ExampleGeneC
-3.2727273,-2.0454545,1.030933e-06,ExampleGeneC
-3.0681818,-2.0454545,4.03627e-06,ExampleGeneC
-2.8636364,-2.0454545,1.4845457e-05,ExampleGeneC
-2.6590909,-2.0454545,5.0655237e-05,ExampleGeneC
-2.4545455,-2.0454545,0.000159445095,ExampleGeneC
-2.25,-2.0454545,0.000461798863,ExampleGeneC
-2.0454545,-2.0454545,0.00122928209,ExampleGeneC
-1.8409091,-2.0454545,0.00300592677,ExampleGeneC
-1.6363636,-2.0454545,0.006750353184,ExampleGeneC
-1.4318182,-2.0454545,0.013920154831,ExampleGeneC
-1.2272727,-2.0454545,0.026357618973,ExampleGeneC
-1.0227273,-2.0454545,0.045824727182,ExampleGeneC
-0.8181818,-2.0454545,0.073150775745,ExampleGeneC
-0.6136364,-2.0454545,0.107216026277,ExampleGeneC
-0.4090909,-2.0454545,0.144284783045,ExampleGeneC
-0.2045455,-2.0454545,0.178279035455,ExampleGeneC
0.0,-2.0454545,0.202254628157,ExampleGeneC
0.2045455,-2.0454545,0.210675838812,ExampleGeneC
0.4090909,-2.0454545,0.201487865529,ExampleGeneC
0.6136364,-2.0454545,0.17692973629,ExampleGeneC
0.8181818,-2.0454545,0.142649587685,ExampleGeneC
1.0227273,-2.0454545,0.105598520596,ExampleGeneC
1.2272727,-2.0454545,0.071773292741,ExampleGeneC
1.4318182,-2.0454545,0.044790452536,ExampleGeneC
1.6363636,-2.0454545,0.025664083614,ExampleGeneC
1.8409091,-2.0454545,0.013501547874,ExampleGeneC
2.0454545,-2.0454545,0.006521674447,ExampleGeneC
2.25,-2.0454545,0.00289235845,ExampleGeneC
2.4545455,-2.0454545,0.001177775998,ExampleGeneC
2.6590909,-2.0454545,0.000440342992,ExampleGeneC
2.8636364,-2.0454545,0.000151159993,ExampleGeneC
3.0681818,-2.0454545,4.7643151e-05,ExampleGeneC
3.2727273,-2.0454545,1.378737e-05,ExampleGeneC
3.4772727,-2.0454545,3.663366e-06,ExampleGeneC
3.6818182,-2.0454545,8.9371e-07,ExampleGeneC
3.8863636,-2.0454545,2.00185e-07,ExampleGeneC
4.0909091,-2.0454545,4.117e-08,ExampleGeneC
4.2954545,-2.0454545,7.774e-09,ExampleGeneC
4.5,-2.0454545,1.348e-09,ExampleGeneC
-4.5,-1.8409091,1.697e-09,ExampleGeneC
-4.2954545,-1.8409091,4.582e-09,ExampleGeneC
-4.0909091,-1.8409091,1.2178e-08,ExampleGeneC
-3.8863636,-1.8409091,3.3251e-08,ExampleGeneC
-3.6818182,-1.8409091,9.833e-08,ExampleGeneC
-3.4772727,-1.8409091,3.23721e-07,ExampleGeneC
-3.2727273,-1.8409091,1.155036e-06,ExampleGeneC
-3.0681818,-1.8409091,4.215763e-06,ExampleGeneC
-2.8636364,-1.8409091,1.4975705e-05,ExampleGeneC
-2.6590909,-1.8409091,5.0255304e-05,ExampleGeneC
-2.4545455,-1.8409091,0.000156931331,ExampleGeneC
-2.25,-1.8409091,0.000452768884,ExampleGeneC
-2.0454545,-1.8409091,0.001202951838,ExampleGeneC
-1.8409091,-1.8409091,0.002938713539,ExampleGeneC
-1.6363636,-1.8409091,0.006596128235,ExampleGeneC
-1.4318182,-1.8409091,0.013598528671,ExampleGeneC
-1.2272727,-1.8409091,0.025744924521,ExampleGeneC
-1.0227273,-1.8409091,0.044755925084,ExampleGeneC
-0.8181818,-1.8409091,0.071441357869,ExampleGeneC
-0.6136364,-1.8409091,0.104707749972,ExampleGeneC
-0.4090909,-1.8409091,0.140907032014,ExampleGeneC
-0.2045455,-1.8409091,0.174103749398,ExampleGeneC
0.0,-1.8409091,0.197516609496,ExampleGeneC
0.2045455,-1.8409091,0.205739724701,ExampleGeneC
0.4090909,-1.8409091,0.196766509877,ExampleGeneC
0.6136364,-1.8409091,0.17278353506,ExampleGeneC
0.8181818,-1.8409091,0.1393065465,ExampleGeneC
1.0227273,-1.8409091,0.10312369793,ExampleGeneC
1.2272727,-1.8409091,0.070091162084,ExampleGeneC
1.4318182,-1.8409091,0.043740692916,ExampleGeneC
1.6363636,-1.8409091,0.025062583667,ExampleGeneC
1.8409091,-1.8409091,0.013185103579,ExampleGeneC
2.0454545,-1.8409091,0.006368820888,ExampleGeneC
2.25,-1.8409091,0.002824567707,ExampleGeneC
2.4545455,-1.8409091,0.001150171358,ExampleGeneC
2.6590909,-1.8409091,0.000430022249,ExampleGeneC
2.8636364,-1.8409091,0.000147617111,ExampleGeneC
3.0681818,-1.8409091,4.6526495e-05,ExampleGeneC
3.2727273,-1.8409091,1.3464224e-05,ExampleGeneC
3.4772727,-1.8409091,3.577505e-06,ExampleGeneC
3.6818182,-1.8409091,8.72763e-07,ExampleGeneC
3.8863636,-1.8409091,1.95493e-07,ExampleGeneC
4.0909091,-1.8409091,4.0205e-08,ExampleGeneC
4.2954545,-1.8409091,7.592e-09,ExampleGeneC
4.5,-1.8409091,1.316e-09,ExampleGeneC
-4.5,-1.6363636,4.561e-09,ExampleGeneC
-4.2954545,-1.6363636,1.2062e-08,ExampleGeneC
-4.0909091,-1.6363636,3.0561e-08,ExampleGeneC
-3.8863636,-1.6363636,7.5589e-08,ExampleGeneC
-3.6818182,-1.6363636,1.88845e-07,ExampleGeneC
-3.4772727,-1.6363636,4.99237e-07,ExampleGeneC
-3.2727273,-1.6363636,1.445012e-06,ExampleGeneC
-3.0681818,-1.6363636,4.536795e-06,ExampleGeneC
-2.8636364,-1.6363636,1.4748115e-05,ExampleGeneC
-2.6590909,-1.6363636,4.7234734e-05,ExampleGeneC
-2.4545455,-1.6363636,0.00014408854,ExampleGeneC
-2.25,-1.6363636,0.000410923244,ExampleGeneC
-2.0454545,-1.6363636,0.001085467322,ExampleGeneC
-1.8409091,-1.6363636,0.002643914684,ExampleGeneC
-1.6363636,-1.6363636,0.005925372497,ExampleGeneC
-1.4318182,-1.6363636,0.012205789061,ExampleGeneC
-1.2272727,-1.6363636,0.023097958836,ExampleGeneC
-1.0227273,-1.6363636,0.040144443115,ExampleGeneC
-0.8181818,-1.6363636,0.064071278547,ExampleGeneC
-0.6136364,-1.6363636,0.093898071013,ExampleGeneC
-0.4090909,-1.6363636,0.126354004065,ExampleGeneC
-0.2045455,-1.6363636,0.156117382817,ExampleGeneC
0.0,-1.6363636,0.177108116262,ExampleGeneC
0.2045455,-1.6363636,0.184479310118,ExampleGeneC
0.4090909,-1.6363636,0.176431934068,ExampleGeneC
0.6136364,-1.6363636,0.154926611972,ExampleGeneC
0.8181818,-1.6363636,0.124908960388,ExampleGeneC
1.0227273,-1.6363636,0.09246543863,ExampleGeneC
1.2272727,-1.6363636,0.06284683814,ExampleGeneC
1.4318182,-1.6363636,0.03921979078,ExampleGeneC
1.6363636,-1.6363636,0.022472172155,ExampleGeneC
1.8409091,-1.6363636,0.011822313532,ExampleGeneC
2.0454545,-1.6363636,0.00571054766,ExampleGeneC
2.25,-1.6363636,0.002532623188,ExampleGeneC
2.4545455,-1.6363636,0.001031290589,ExampleGeneC
2.6590909,-1.6363636,0.000385575469,ExampleGeneC
2.8636364,-1.6363636,0.000132359519,ExampleGeneC
3.0681818,-1.6363636,4.1717556e-05,ExampleGeneC
3.2727273,-1.6363636,1.2072576e-05,ExampleGeneC
3.4772727,-1.6363636,3.207739e-06,ExampleGeneC
3.6818182,-1.6363636,7.82556e-07,ExampleGeneC
3.8863636,-1.6363636,1.75287e-07,ExampleGeneC
4.0909091,-1.6363636,3.605e-08,ExampleGeneC
4.2954545,-1.6363636,6.807e-09,ExampleGeneC
4.5,-1.6363636,1.18e-09,ExampleGeneC
-4.5,-1.4318182,1.1671e-08,ExampleGeneC
-4.2954545,-1.4318182,3.0643e-08,ExampleGeneC
-4.0909091,-1.4318182,7.6309e-08,ExampleGeneC
-3.8863636,-1.4318182,1.81436e-07,ExampleGeneC
-3.6818182,-1.4318182,4.17654e-07,ExampleGeneC
-3.4772727,-1.4318182,9.55216e-07,ExampleGeneC
-3.2727273,-1.4318182,2.255677e-06,ExampleGeneC
-3.0681818,-1.4318182,5.705752e-06,ExampleGeneC
-2.8636364,-1.4318182,1.5579876e-05,ExampleGeneC
-2.6590909,-1.4318182,4.4547614e-05,ExampleGeneC
-2.4545455,-1.4318182,0.000127418677,ExampleGeneC
-2.25,-1.4318182,0.000351195065,ExampleGeneC
-2.0454545,-1.4318182,0.000911469943,ExampleGeneC
-1.8409091,-1.4318182,0.002199934331,ExampleGeneC
-1.6363636,-1.4318182,0.004906835222,ExampleGeneC
-1.4318182,-1.4318182,0.010081913047,ExampleGeneC
-1.2272727,-1.4318182,0.019052218952,ExampleGeneC
-1.0227273,-1.4318182,0.033087149766,ExampleGeneC
-0.8181818,-1.4318182,0.052784197427,ExampleGeneC
-0.6136364,-1.4318182,0.077336389783,ExampleGeneC
-0.4090909,-1.4318182,0.104051477202,ExampleGeneC
-0.2045455,-1.4318182,0.128549013995,ExampleGeneC
0.0,-1.4318182,0.145824237305,ExampleGeneC
0.2045455,-1.4318182,0.151887507953,ExampleGeneC
0.4090909,-1.4318182,0.145258153277,ExampleGeneC
0.6136364,-1.4318182,0.127550431623,ExampleGeneC
0.8181818,-1.4318182,0.102835825847,ExampleGeneC
1.0227273,-1.4318182,0.076124905052,ExampleGeneC
1.2272727,-1.4318182,0.051740221551,ExampleGeneC
1.4318182,-1.4318182,0.03228853621,ExampleGeneC
1.6363636,-1.4318182,0.018500645043,ExampleGeneC
1.8409091,-1.4318182,0.009732925162,ExampleGeneC
2.0454545,-1.4318182,0.004701300739,ExampleGeneC
2.25,-1.4318182,0.002085020942,ExampleGeneC
2.4545455,-1.4318182,0.000849025308,ExampleGeneC
2.6590909,-1.4318182,0.000317430652,ExampleGeneC
2.8636364,-1.4318182,0.000108966918,ExampleGeneC
3.0681818,-1.4318182,3.4344604e-05,ExampleGeneC
3.2727273,-1.4318182,9.938936e-06,ExampleGeneC
3.4772727,-1.4318182,2.640824e-06,ExampleGeneC
3.6818182,-1.4318182,6.44253e-07,ExampleGeneC
3.8863636,-1.4318182,1.44309e-07,ExampleGeneC
4.0909091,-1.4318182,2.9679e-08,ExampleGeneC
4.2954545,-1.4318182,5.604e-09,ExampleGeneC
4.5,-1.4318182,9.72e-10,ExampleGeneC
-4.5,-1.2272727,2.8265e-08,ExampleGeneC
-4.2954545,-1.2272727,7.404e-08,ExampleGeneC
-4.0909091,-1.2272727,1.83323e-07,ExampleGeneC
-3.8863636,-1.2272727,4.29961e-07,ExampleGeneC
-3.6818182,-1.2272727,9.59728e-07,ExampleGeneC
-3.4772727,-1.2272727,2.058834e-06,ExampleGeneC
-3.2727273,-1.2272727,4.323684e-06,ExampleGeneC
-3.0681818,-1.2272727,9.153936e-06,ExampleGeneC
-2.8636364,-1.2272727,2.0222572e-05,ExampleGeneC
-2.6590909,-1.2272727,4.7579114e-05,ExampleGeneC
-2.4545455,-1.2272727,0.000117921963,ExampleGeneC
-2.25,-1.2272727,0.000297149065,ExampleGeneC
-2.0454545,-1.2272727,0.000732815096,ExampleGeneC
-1.8409091,-1.2272727,0.001720160332,ExampleGeneC
-1.6363636,-1.2272727,0.003779570731,ExampleGeneC
-1.4318182,-1.2272727,0.00770282586,ExampleGeneC
-1.2272727,-1.2272727,0.014491319324,ExampleGeneC
-1.0227273,-1.2272727,0.025103271621,ExampleGeneC
-0.8181818,-1.2272727,0.039989769851,ExampleGeneC
-0.6136364,-1.2272727,0.05854119105,ExampleGeneC
-0.4090909,-1.2272727,0.078723669239,ExampleGeneC
-0.2045455,-1.2272727,0.097227759589,ExampleGeneC
0.0,-1.2272727,0.110272198827,ExampleGeneC
0.2045455,-1.2272727,0.114842758704,ExampleGeneC
0.4090909,-1.2272727,0.109821184906,ExampleGeneC
0.6136364,-1.2272727,0.096428064554,ExampleGeneC
0.8181818,-1.2272727,0.077740890021,ExampleGeneC
1.0227273,-1.2272727,0.057546697587,ExampleGeneC
1.2272727,-1.2272727,0.039112346506,ExampleGeneC
1.4318182,-1.2272727,0.024407775706,ExampleGeneC
1.6363636,-1.2272727,0.013985004203,ExampleGeneC
1.8409091,-1.2272727,0.007357261109,ExampleGeneC
2.0454545,-1.2272727,0.003553765325,ExampleGeneC
2.25,-1.2272727,0.001576085358,ExampleGeneC
2.4545455,-1.2272727,0.000641784315,ExampleGeneC
2.6590909,-1.2272727,0.000239947898,ExampleGeneC
2.8636364,-1.2272727,8.2368816e-05,ExampleGeneC
3.0681818,-1.2272727,2.5961345e-05,ExampleGeneC
3.2727273,-1.2272727,7.512935e-06,ExampleGeneC
3.4772727,-1.2272727,1.996231e-06,ExampleGeneC
3.6818182,-1.2272727,4.87001e-07,ExampleGeneC
3.8863636,-1.2272727,1.09086e-07,ExampleGeneC
4.0909091,-1.2272727,2.2435e-08,ExampleGeneC
4.2954545,-1.2272727,4.236e-09,ExampleGeneC
4.5,-1.2272727,7.35e-10,ExampleGeneC
-4.5,-1.0227273,6.4667e-08,ExampleGeneC
-4.2954545,-1.0227273,1.69271e-07,ExampleGeneC
-4.0909091,-1.0227273,4.18348e-07,ExampleGeneC
-3.8863636,-1.0227273,9.76868e-07,ExampleGeneC
-3.6818182,-1.0227273,2.15831e-06,ExampleGeneC
-3.4772727,-1.0227273,4.526286e-06,ExampleGeneC
-3.2727273,-1.0227273,9.068234e-06,ExampleGeneC
-3.0681818,-1.0227273,1.7569909e-05,ExampleGeneC
-2.8636364,-1.0227273,3.360461e-05,ExampleGeneC
-2.6590909,-1.0227273,6.5242521e-05,ExampleGeneC
-2.4545455,-1.0227273,0.000131908262,ExampleGeneC
-2.25,-1.0227273,0.000279648868,ExampleGeneC
-2.0454545,-1.0227273,0.000610197715,ExampleGeneC
-1.8409091,-1.0227273,0.001326531851,ExampleGeneC
-1.6363636,-1.0227273,0.00278666344,ExampleGeneC
-1.4318182,-1.0227273,0.005536168896,ExampleGeneC
-1.2272727,-1.0227273,0.010266102055,ExampleGeneC
-1.0227273,-1.0227273,0.017638495912,ExampleGeneC
-0.8181818,-1.0227273,0.027965151144,ExampleGeneC
-0.6136364,-1.0227273,0.040823790521,ExampleGeneC
-0.4090909,-1.0227273,0.054805537771,ExampleGeneC
-0.2045455,-1.0227273,0.067617385164,ExampleGeneC
0.0,-1.0227273,0.076639082778,ExampleGeneC
0.2045455,-1.0227273,0.079782077704,ExampleGeneC
0.4090909,-1.0227273,0.076272494827,ExampleGeneC
0.6136364,-1.0227273,0.066958376994,ExampleGeneC
0.8181818,-1.0227273,0.053975427839,ExampleGeneC
1.0227273,-1.0227273,0.039951111051,ExampleGeneC
1.2272727,-1.0227273,0.027151601305,ExampleGeneC
1.4318182,-1.0227273,0.016943012026,ExampleGeneC
1.6363636,-1.0227273,0.009707586684,ExampleGeneC
1.8409091,-1.0227273,0.005106872501,ExampleGeneC
2.0454545,-1.0227273,0.002466724631,ExampleGeneC
2.25,-1.0227273,0.001093973973,ExampleGeneC
2.4545455,-1.0227273,0.000445464927,ExampleGeneC
2.6590909,-1.0227273,0.000166548267,ExampleGeneC
2.8636364,-1.0227273,5.7172374e-05,ExampleGeneC
3.0681818,-1.0227273,1.8019898e-05,ExampleGeneC
3.2727273,-1.0227273,5.214806e-06,ExampleGeneC
3.4772727,-1.0227273,1.385621e-06,ExampleGeneC
3.6818182,-1.0227273,3.38043e-07,ExampleGeneC
3.8863636,-1.0227273,7.5722e-08,ExampleGeneC
4.0909091,-1.0227273,1.5574e-08,ExampleGeneC
4.2954545,-1.0227273,2.941e-09,ExampleGeneC
4.5,-1.0227273,5.1e-10,ExampleGeneC
-4.5,-0.8181818,1.39672e-07,ExampleGeneC
-4.2954545,-0.8181818,3.65518e-07,ExampleGeneC
-4.0909091,-0.8181818,9.02858e-07,ExampleGeneC
-3.8863636,-0.8181818,2.105362e-06,ExampleGeneC
-3.6818182,-0.8181818,4.636812e-06,ExampleGeneC
-3.4772727,-0.8181818,9.654063e-06,ExampleGeneC
-3.2727273,-0.8181818,1.903984e-05,ExampleGeneC
-3.0681818,-0.8181818,3.5711969e-05,ExampleGeneC
-2.8636364,-0.8181818,6.4185925e-05,ExampleGeneC
-2.6590909,-0.8181818,0.000111998855,ExampleGeneC
-2.4545455,-0.8181818,0.000193485677,ExampleGeneC
-2.25,-0.8181818,0.000338671952,ExampleGeneC
-2.0454545,-0.8181818,0.000610915175,ExampleGeneC
-1.8409091,-0.8181818,0.001135349365,ExampleGeneC
-1.6363636,-0.8181818,0.002133233739,ExampleGeneC
-1.4318182,-0.8181818,0.003943625713,ExampleGeneC
-1.2272727,-0.8181818,0.00699828737,ExampleGeneC
-1.0227273,-0.8181818,0.011712547113,ExampleGeneC
-0.8181818,-0.8181818,0.018282333104,ExampleGeneC
-0.6136364,-0.8181818,0.026440335996,ExampleGeneC
-0.4090909,-0.8181818,0.035294610155,ExampleGeneC
-0.2045455,-0.8181818,0.04339232077,ExampleGeneC
0.0,-0.8181818,0.049072562437,ExampleGeneC
0.2045455,-0.8181818,0.05101184185,ExampleGeneC
0.4090909,-0.8181818,0.048721866825,ExampleGeneC
0.6136364,-0.8181818,0.042745068852,ExampleGeneC
0.8181818,-0.8181818,0.034442077522,ExampleGeneC
1.0227273,-0.8181818,0.025485404757,ExampleGeneC
1.2272727,-0.8181818,0.017316736267,ExampleGeneC
1.4318182,-0.8181818,0.010804273314,ExampleGeneC
1.6363636,-0.8181818,0.006189693377,ExampleGeneC
1.8409091,-0.8181818,0.003255960909,ExampleGeneC
2.0454545,-0.8181818,0.001572610293,ExampleGeneC
2.25,-0.8181818,0.000697415229,ExampleGeneC
2.4545455,-0.8181818,0.000283980308,ExampleGeneC
2.6590909,-0.8181818,0.000106172133,ExampleGeneC
2.8636364,-0.8181818,3.6446636e-05,ExampleGeneC
3.0681818,-0.8181818,1.1487605e-05,ExampleGeneC
3.2727273,-0.8181818,3.324504e-06,ExampleGeneC
3.4772727,-0.8181818,8.83388e-07,ExampleGeneC
3.6818182,-0.8181818,2.15529e-07,ExampleGeneC
3.8863636,-0.8181818,4.8283e-08,ExampleGeneC
4.0909091,-0.8181818,9.932e-09,ExampleGeneC
4.2954545,-0.8181818,1.876e-09,ExampleGeneC
4.5,-0.8181818,3.25e-10,ExampleGeneC
-4.5,-0.6136364,2.84726e-07,ExampleGeneC
-4.2954545,-0.6136364,7.4507e-07,ExampleGeneC
-4.0909091,-0.6136364,1.840074e-06,ExampleGeneC
-3.8863636,-0.6136364,4.289097e-06,ExampleGeneC
-3.6818182,-0.6136364,9.437202e-06,ExampleGeneC
-3.4772727,-0.6136364,1.9605902e-05,ExampleGeneC
-3.2727273,-0.6136364,3.8481124e-05,ExampleGeneC
-3.0681818,-0.6136364,7.143971e-05,ExampleGeneC
-2.8636364,-0.6136364,0.000125738729,ExampleGeneC
-2.6590909,-0.6136364,0.000210725138,ExampleGeneC
-2.4545455,-0.6136364,0.000338821088,ExampleGeneC
-2.25,-0.6136364,0.000529002959,ExampleGeneC
-2.0454545,-0.6136364,0.000815310932,ExampleGeneC
-1.8409091,-0.6136364,0.001262284237,ExampleGeneC
-1.6363636,-0.6136364,0.001985205524,ExampleGeneC
-1.4318182,-0.6136364,0.003164729126,ExampleGeneC
-1.2272727,-0.6136364,0.005035755989,ExampleGeneC
-1.0227273,-0.6136364,0.007827817157,ExampleGeneC
-0.8181818,-0.6136364,0.011649860407,ExampleGeneC
-0.6136364,-0.6136364,0.01634914719,ExampleGeneC
-0.4090909,-0.6136364,0.021415817454,ExampleGeneC
-0.2045455,-0.6136364,0.026016996471,ExampleGeneC
0.0,-0.6136364,0.029199009767,ExampleGeneC
0.2045455,-0.6136364,0.030202716773,ExampleGeneC
0.4090909,-0.6136364,0.028752400894,ExampleGeneC
0.6136364,-0.6136364,0.025169635212,ExampleGeneC
0.8181818,-0.6136364,0.020249907368,ExampleGeneC
1.0227273,-0.6136364,0.01496813476,ExampleGeneC
1.2272727,-0.6136364,0.010162935209,ExampleGeneC
1.4318182,-0.6136364,0.006337502798,ExampleGeneC
1.6363636,-0.6136364,0.003629328859,ExampleGeneC
1.8409091,-0.6136364,0.001908613336,ExampleGeneC
2.0454545,-0.6136364,0.000921672187,ExampleGeneC
2.25,-0.6136364,0.000408686703,ExampleGeneC
2.4545455,-0.6136364,0.000166399915,ExampleGeneC
2.6590909,-0.6136364,6.2210021e-05,ExampleGeneC
2.8636364,-0.6136364,2.1355515e-05,ExampleGeneC
3.0681818,-0.6136364,6.731363e-06,ExampleGeneC
3.2727273,-0.6136364,1.948234e-06,ExampleGeneC
3.4772727,-0.6136364,5.17762e-07,ExampleGeneC
3.6818182,-0.6136364,1.26351e-07,ExampleGeneC
3.8863636,-0.6136364,2.8314e-08,ExampleGeneC
4.0909091,-0.6136364,5.826e-09,ExampleGeneC
4.2954545,-0.6136364,1.101e-09,ExampleGeneC
4.5,-0.6136364,1.91e-10,ExampleGeneC
-4.5,-0.4090909,5.47784e-07,ExampleGeneC
-4.2954545,-0.4090909,1.433411e-06,ExampleGeneC
-4.0909091,-0.4090909,3.539871e-06,ExampleGeneC
-3.8863636,-0.4090909,8.250245e-06,ExampleGeneC
-3.6818182,-0.4090909,1.8147784e-05,ExampleGeneC
-3.4772727,-0.4090909,3.7678308e-05,ExampleGeneC
-3.2727273,-0.4090909,7.3848285e-05,ExampleGeneC
-3.0681818,-0.4090909,0.000136683338,ExampleGeneC
-2.8636364,-0.4090909,0.000239058022,ExampleGeneC
-2.6590909,-0.4090909,0.000395595833,ExampleGeneC
-2.4545455,-0.4090909,0.000620817991,ExampleGeneC
-2.25,-0.4090909,0.000927659518,ExampleGeneC
-2.0454545,-0.4090909,0.001328516772,ExampleGeneC
-1.8409091,-0.4090909,0.001841192003,ExampleGeneC
-1.6363636,-0.4090909,0.002500056421,ExampleGeneC
-1.4318182,-0.4090909,0.003367697151,ExampleGeneC
-1.2272727,-0.4090909,0.00453585774,ExampleGeneC
-1.0227273,-0.4090909,0.006101653035,ExampleGeneC
-0.8181818,-0.4090909,0.008112554726,ExampleGeneC
-0.6136364,-0.4090909,0.010493623068,ExampleGeneC
-0.4090909,-0.4090909,0.012994283696,ExampleGeneC
-0.2045455,-0.4090909,0.015200446056,ExampleGeneC
0.0,-0.4090909,0.016634947098,ExampleGeneC
0.2045455,-0.4090909,0.016919533495,ExampleGeneC
0.4090909,-0.4090909,0.015925479116,ExampleGeneC
0.6136364,-0.4090909,0.013833725001,ExampleGeneC
0.8181818,-0.4090909,0.011070483879,ExampleGeneC
1.0227273,-0.4090909,0.008152438652,ExampleGeneC
1.2272727,-0.4090909,0.00552062134,ExampleGeneC
1.4318182,-0.4090909,0.003436079491,ExampleGeneC
1.6363636,-0.4090909,0.001965074368,ExampleGeneC
1.8409091,-0.4090909,0.0010323951,ExampleGeneC
2.0454545,-0.4090909,0.000498201486,ExampleGeneC
2.25,-0.4090909,0.00022080902,ExampleGeneC
2.4545455,-0.4090909,8.9878628e-05,ExampleGeneC
2.6590909,-0.4090909,3.3597695e-05,ExampleGeneC
2.8636364,-0.4090909,1.1533717e-05,ExampleGeneC
3.0681818,-0.4090909,3.636113e-06,ExampleGeneC
3.2727273,-0.4090909,1.052743e-06,ExampleGeneC
3.4772727,-0.4090909,2.79925e-07,ExampleGeneC
3.6818182,-0.4090909,6.8364e-08,ExampleGeneC
3.8863636,-0.4090909,1.5336e-08,ExampleGeneC
4.0909091,-0.4090909,3.161e-09,ExampleGeneC
4.2954545,-0.4090909,5.99e-10,ExampleGeneC
4.5,-0.4090909,1.04e-10,ExampleGeneC
-4.5,-0.2045455,9.94593e-07,ExampleGeneC
-4.2954545,-0.2045455,2.602583e-06,ExampleGeneC
-4.0909091,-0.2045455,6.427106e-06,ExampleGeneC
-3.8863636,-0.2045455,1.4978914e-05,ExampleGeneC
-3.6818182,-0.2045455,3.2946026e-05,ExampleGeneC
-3.4772727,-0.2045455,6.8390054e-05,ExampleGeneC
-3.2727273,-0.2045455,0.000133988932,ExampleGeneC
-3.0681818,-0.2045455,0.000247782504,ExampleGeneC
-2.8636364,-0.2045455,0.000432589675,ExampleGeneC
-2.6590909,-0.2045455,0.000713241027,ExampleGeneC
-2.4545455,-0.2045455,0.001111298173,ExampleGeneC
-2.25,-0.2045455,0.001638170354,ExampleGeneC
-2.0454545,-0.2045455,0.002289166089,ExampleGeneC
-1.8409091,-0.2045455,0.00304211905,ExampleGeneC
-1.6363636,-0.2045455,0.003863422516,ExampleGeneC
-1.4318182,-0.2045455,0.004720725534,ExampleGeneC
-1.2272727,-0.2045455,0.005596087105,ExampleGeneC
-1.0227273,-0.2045455,0.006489362904,ExampleGeneC
-0.8181818,-0.2045455,0.007403687132,ExampleGeneC
-0.6136364,-0.2045455,0.0083151409,ExampleGeneC
-0.4090909,-0.2045455,0.009142910912,ExampleGeneC
-0.2045455,-0.2045455,0.009743885314,ExampleGeneC
0.0,-0.2045455,0.009947181238,ExampleGeneC
0.2045455,-0.2045455,0.009620442693,ExampleGeneC
0.4090909,-0.2045455,0.008735744333,ExampleGeneC
0.6136364,-0.2045455,0.007397369817,ExampleGeneC
0.8181818,-0.2045455,0.005813499204,ExampleGeneC
1.0227273,-0.2045455,0.004226079014,ExampleGeneC
1.2272727,-0.2045455,0.002835279306,ExampleGeneC
1.4318182,-0.2045455,0.001752864388,ExampleGeneC
1.6363636,-0.2045455,0.000997577527,ExampleGeneC
1.8409091,-0.2045455,0.000522260723,ExampleGeneC
2.0454545,-0.2045455,0.000251400526,ExampleGeneC
2.25,-0.2045455,0.000111236278,ExampleGeneC
2.4545455,-0.2045455,4.5231449e-05,ExampleGeneC
2.6590909,-0.2045455,1.6900401e-05,ExampleGeneC
2.8636364,-0.2045455,5.802209e-06,ExampleGeneC
3.0681818,-0.2045455,1.83035e-06,ExampleGeneC
3.2727273,-0.2045455,5.30579e-07,ExampleGeneC
3.4772727,-0.2045455,1.41352e-07,ExampleGeneC
3.6818182,-0.2045455,3.4617e-08,ExampleGeneC
3.8863636,-0.2045455,7.796e-09,ExampleGeneC
4.0909091,-0.2045455,1.615e-09,ExampleGeneC
4.2954545,-0.2045455,3.08e-10,ExampleGeneC
4.5,-0.2045455,5.4e-11,ExampleGeneC
-4.5,0.0,1.704252e-06,ExampleGeneC
-4.2954545,0.0,4.459562e-06,ExampleGeneC
-4.0909091,0.0,1.1012893e-05,ExampleGeneC
-3.8863636,0.0,2.5666244e-05,ExampleGeneC
-3.6818182,0.0,5.6451525e-05,ExampleGeneC
-3.4772727,0.0,0.000117177495,ExampleGeneC
-3.2727273,0.0,0.000229547554,ExampleGeneC
-3.0681818,0.0,0.00042439647,ExampleGeneC
-2.8636364,0.0,0.000740562911,ExampleGeneC
-2.6590909,0.0,0.001219785399,ExampleGeneC
-2.4545455,0.0,0.001896751338,ExampleGeneC
-2.25,0.0,0.002785332586,ExampleGeneC
-2.0454545,0.0,0.003864701828,ExampleGeneC
-1.8409091,0.0,0.005071257132,ExampleGeneC
-1.6363636,0.0,0.006302269632,ExampleGeneC
-1.4318182,0.0,0.007433665198,ExampleGeneC
-1.2272727,0.0,0.008347946268,ExampleGeneC
-1.0227273,0.0,0.008961892341,ExampleGeneC
-0.8181818,0.0,0.009241821756,ExampleGeneC
-0.6136364,0.0,0.009199477835,ExampleGeneC
-0.4090909,0.0,0.008872300379,ExampleGeneC
-0.2045455,0.0,0.008301279364,ExampleGeneC
0.0,0.0,0.007520605361,ExampleGeneC
0.2045455,0.0,0.006564162193,ExampleGeneC
0.4090909,0.0,0.005480860862,ExampleGeneC
0.6136364,0.0,0.004343958433,ExampleGeneC
0.8181818,0.0,0.003244205374,ExampleGeneC
1.0227273,0.0,0.00226885483,ExampleGeneC
1.2272727,0.0,0.00147851491,ExampleGeneC
1.4318182,0.0,0.000894392516,ExampleGeneC
1.6363636,0.0,0.000500851037,ExampleGeneC
1.8409091,0.0,0.000259118182,ExampleGeneC
2.0454545,0.0,0.000123675064,ExampleGeneC
2.25,0.0,5.4404813e-05,ExampleGeneC
2.4545455,0.0,2.2043676e-05,ExampleGeneC
2.6590909,0.0,8.223482e-06,ExampleGeneC
2.8636364,0.0,2.824097e-06,ExampleGeneC
3.0681818,0.0,8.92831e-07,ExampleGeneC
3.2727273,0.0,2.59912e-07,ExampleGeneC
3.4772727,0.0,6.9703e-08,ExampleGeneC
3.6818182,0.0,1.7233e-08,ExampleGeneC
3.8863636,0.0,3.932e-09,ExampleGeneC
4.0909091,0.0,8.29e-10,ExampleGeneC
4.2954545,0.0,1.62e-10,ExampleGeneC
4.5,0.0,2.9e-11,ExampleGeneC
-4.5,0.2045455,2.755961e-06,ExampleGeneC
-4.2954545,0.2045455,7.211594e-06,ExampleGeneC
-4.0909091,0.2045455,1.780902e-05,ExampleGeneC
-3.8863636,0.2045455,4.1504948e-05,ExampleGeneC
-3.6818182,0.2045455,9.128738e-05,ExampleGeneC
-3.4772727,0.2045455,0.000189484447,ExampleGeneC
-3.2727273,0.2045455,0.000371184085,ExampleGeneC
-3.0681818,0.2045455,0.000686216323,ExampleGeneC
-2.8636364,0.2045455,0.001197274496,ExampleGeneC
-2.6590909,0.2045455,0.001971505183,ExampleGeneC
-2.4545455,0.2045455,0.003064026948,ExampleGeneC
-2.25,0.2045455,0.004494821809,ExampleGeneC
-2.0454545,0.2045455,0.006224691091,ExampleGeneC
-1.8409091,0.2045455,0.008139727804,ExampleGeneC
-1.6363636,0.2045455,0.010054327302,ExampleGeneC
-1.4318182,0.2045455,0.011738227527,ExampleGeneC
-1.2272727,0.2045455,0.012963984123,ExampleGeneC
-1.0227273,0.2045455,0.013561214614,ExampleGeneC
-0.8181818,0.2045455,0.013458599698,ExampleGeneC
-0.6136364,0.2045455,0.012697883916,ExampleGeneC
-0.4090909,0.2045455,0.011415524932,ExampleGeneC
-0.2045455,0.2045455,0.00980131969,ExampleGeneC
0.0,0.2045455,0.008051670653,ExampleGeneC
0.2045455,0.2045455,0.006333863436,ExampleGeneC
0.4090909,0.2045455,0.004768748483,ExampleGeneC
0.6136364,0.2045455,0.003429291631,ExampleGeneC
0.8181818,0.2045455,0.002347471001,ExampleGeneC
1.0227273,0.2045455,0.001523131575,ExampleGeneC
1.2272727,0.2045455,0.000932423445,ExampleGeneC
1.4318182,0.2045455,0.000536148668,ExampleGeneC
1.6363636,0.2045455,0.000288413812,ExampleGeneC
1.8409091,0.2045455,0.000144658904,ExampleGeneC
2.0454545,0.2045455,6.7469833e-05,ExampleGeneC
2.25,0.2045455,2.9203214e-05,ExampleGeneC
2.4545455,0.2045455,1.1713568e-05,ExampleGeneC
2.6590909,0.2045455,4.350105e-06,ExampleGeneC
2.8636364,0.2045455,1.495167e-06,ExampleGeneC
3.0681818,0.2045455,4.75654e-07,ExampleGeneC
3.2727273,0.2045455,1.40134e-07,ExampleGeneC
3.4772727,0.2045455,3.8274e-08,ExampleGeneC
3.6818182,0.2045455,9.707e-09,ExampleGeneC
3.8863636,0.2045455,2.291e-09,ExampleGeneC
4.0909091,0.2045455,5.05e-10,ExampleGeneC
4.2954545,0.2045455,1.04e-10,ExampleGeneC
4.5,0.2045455,2e-11,ExampleGeneC
-4.5,0.4090909,4.205939e-06,ExampleGeneC
-4.2954545,0.4090909,1.1005787e-05,ExampleGeneC
-4.0909091,0.4090909,2.7178768e-05,ExampleGeneC
-3.8863636,0.4090909,6.3341647e-05,ExampleGeneC
-3.6818182,0.4090909,0.000139315541,ExampleGeneC
-3.4772727,0.4090909,0.000289175111,ExampleGeneC
-3.2727273,0.4090909,0.000566465413,ExampleGeneC
-3.0681818,0.4090909,0.001047220137,ExampleGeneC
-2.8636364,0.4090909,0.001827072342,ExampleGeneC
-2.6590909,0.4090909,0.003008357761,ExampleGeneC
-2.4545455,0.4090909,0.004674808101,ExampleGeneC
-2.25,0.4090909,0.0068559479,ExampleGeneC
-2.0454545,0.4090909,0.009489769296,ExampleGeneC
-1.8409091,0.4090909,0.012398057124,ExampleGeneC
-1.6363636,0.4090909,0.015289839671,ExampleGeneC
-1.4318182,0.4090909,0.017801976311,ExampleGeneC
-1.2272727,0.4090909,0.01957253031,ExampleGeneC
-1.0227273,0.4090909,0.020327294911,ExampleGeneC
-0.8181818,0.4090909,0.01995075313,ExampleGeneC
-0.6136364,0.4090909,0.018515624813,ExampleGeneC
-0.4090909,0.4090909,0.016260228957,ExampleGeneC
-0.2045455,0.4090909,0.01352313956,ExampleGeneC
0.0,0.4090909,0.01065998279,ExampleGeneC
0.2045455,0.4090909,0.007970612816,ExampleGeneC
0.4090909,0.4090909,0.005656001085,ExampleGeneC
0.6136364,0.4090909,0.003809481454,ExampleGeneC
0.8181818,0.4090909,0.002434396552,ExampleGeneC
1.0227273,0.4090909,0.001474562652,ExampleGeneC
1.2272727,0.4090909,0.000845315834,ExampleGeneC
1.4318182,0.4090909,0.000457726672,ExampleGeneC
1.6363636,0.4090909,0.000233593973,ExampleGeneC
1.8409091,0.4090909,0.000112098156,ExampleGeneC
2.0454545,0.4090909,5.0476635e-05,ExampleGeneC
2.25,0.4090909,2.1288133e-05,ExampleGeneC
2.4545455,0.4090909,8.396846e-06,ExampleGeneC
2.6590909,0.4090909,3.094631e-06,ExampleGeneC
2.8636364,0.4090909,1.065175e-06,ExampleGeneC
3.0681818,0.4090909,3.42444e-07,ExampleGeneC
3.2727273,0.4090909,1.02892e-07,ExampleGeneC
3.4772727,0.4090909,2.8925e-08,ExampleGeneC
3.6818182,0.4090909,7.62e-09,ExampleGeneC
3.8863636,0.4090909,1.885e-09,ExampleGeneC
4.0909091,0.4090909,4.39e-10,ExampleGeneC
4.2954545,0.4090909,9.6e-11,ExampleGeneC
4.5,0.4090909,2e-11,ExampleGeneC
-4.5,0.6136364,6.057643e-06,ExampleGeneC
-4.2954545,0.6136364,1.5851188e-05,ExampleGeneC
-4.0909091,0.6136364,3.9144471e-05,ExampleGeneC
-3.8863636,0.6136364,9.1228375e-05,ExampleGeneC
-3.6818182,0.6136364,0.000200650382,ExampleGeneC
-3.4772727,0.6136364,0.000416486532,ExampleGeneC
-3.2727273,0.6136364,0.000815854322,ExampleGeneC
-3.0681818,0.6136364,0.001508257211,ExampleGeneC
-2.8636364,0.6136364,0.002631415332,ExampleGeneC
-2.6590909,0.6136364,0.004332668402,ExampleGeneC
-2.4545455,0.6136364,0.006732471445,ExampleGeneC
-2.25,0.6136364,0.009872994632,ExampleGeneC
-2.0454545,0.6136364,0.01366413593,ExampleGeneC
-1.8409091,0.6136364,0.017847627361,ExampleGeneC
-1.6363636,0.6136364,0.022001589137,ExampleGeneC
-1.4318182,0.6136364,0.025598739486,ExampleGeneC
-1.2272727,0.6136364,0.028112404931,ExampleGeneC
-1.0227273,0.6136364,0.029142500925,ExampleGeneC
-0.8181818,0.6136364,0.028520226471,ExampleGeneC
-0.6136364,0.6136364,0.02635359341,ExampleGeneC
-0.4090909,0.6136364,0.022996773713,ExampleGeneC
-0.2045455,0.6136364,0.018955186245,ExampleGeneC
0.0,0.6136364,0.01476134378,ExampleGeneC
0.2045455,0.6136364,0.010863311827,ExampleGeneC
0.4090909,0.6136364,0.00755655386,ExampleGeneC
0.6136364,0.6136364,0.004968943443,ExampleGeneC
0.8181818,0.6136364,0.003088768289,ExampleGeneC
1.0227273,0.6136364,0.001814770196,ExampleGeneC
1.2272727,0.6136364,0.001007464513,ExampleGeneC
1.4318182,0.6136364,0.000528187686,ExampleGeneC
1.6363636,0.6136364,0.000261342458,ExampleGeneC
1.8409091,0.6136364,0.000121944706,ExampleGeneC
2.0454545,0.6136364,5.3616936e-05,ExampleGeneC
2.25,0.6136364,2.2197352e-05,ExampleGeneC
2.4545455,0.6136364,8.647447e-06,ExampleGeneC
2.6590909,0.6136364,3.168621e-06,ExampleGeneC
2.8636364,0.6136364,1.091833e-06,ExampleGeneC
3.0681818,0.6136364,3.53804e-07,ExampleGeneC
3.2727273,0.6136364,1.07849e-07,ExampleGeneC
3.4772727,0.6136364,3.0941e-08,ExampleGeneC
3.6818182,0.6136364,8.36e-09,ExampleGeneC
3.8863636,0.6136364,2.129e-09,ExampleGeneC
4.0909091,0.6136364,5.11e-10,ExampleGeneC
4.2954545,0.6136364,1.16e-10,ExampleGeneC
4.5,0.6136364,2.5e-11,ExampleGeneC
-4.5,0.8181818,8.233699e-06,ExampleGeneC
-4.2954545,0.8181818,2.1545329e-05,ExampleGeneC
-4.0909091,0.8181818,5.3206138e-05,ExampleGeneC
-3.8863636,0.8181818,0.00012399987,ExampleGeneC
-3.6818182,0.8181818,0.000272728953,ExampleGeneC
-3.4772727,0.8181818,0.000566098656,ExampleGeneC
-3.2727273,0.8181818,0.00110892858,ExampleGeneC
-3.0681818,0.8181818,0.002050056958,ExampleGeneC
-2.8636364,0.8181818,0.003576670993,ExampleGeneC
-2.6590909,0.8181818,0.005889021725,ExampleGeneC
-2.4545455,0.8181818,0.009150787783,ExampleGeneC
-2.25,0.8181818,0.013419170188,ExampleGeneC
-2.0454545,0.8181818,0.018571434861,ExampleGeneC
-1.8409091,0.8181818,0.024256006341,ExampleGeneC
-1.6363636,0.8181818,0.029898519126,ExampleGeneC
-1.4318182,0.8181818,0.034780855523,ExampleGeneC
-1.2272727,0.8181818,0.038185349056,ExampleGeneC
-1.0227273,0.8181818,0.039566474491,ExampleGeneC
-0.8181818,0.8181818,0.038693983608,ExampleGeneC
-0.6136364,0.8181818,0.035715782061,ExampleGeneC
-0.4090909,0.8181818,0.031116916606,ExampleGeneC
-0.2045455,0.8181818,0.025590299486,ExampleGeneC
0.0,0.8181818,0.019866515325,ExampleGeneC
0.2045455,0.8181818,0.014559990787,ExampleGeneC
0.4090909,0.8181818,0.010074333422,ExampleGeneC
0.6136364,0.8181818,0.006581166093,ExampleGeneC
0.8181818,0.8181818,0.004059054585,ExampleGeneC
1.0227273,0.8181818,0.002363579488,ExampleGeneC
1.2272727,0.8181818,0.001299294816,ExampleGeneC
1.4318182,0.8181818,0.000674194574,ExampleGeneC
1.6363636,0.8181818,0.000330165974,ExampleGeneC
1.8409091,0.8181818,0.000152568004,ExampleGeneC
2.0454545,0.8181818,6.6510018e-05,ExampleGeneC
2.25,0.8181818,2.734723e-05,ExampleGeneC
2.4545455,0.8181818,1.06039e-05,ExampleGeneC
2.6590909,0.8181818,3.876939e-06,ExampleGeneC
2.8636364,0.8181818,1.336461e-06,ExampleGeneC
3.0681818,0.8181818,4.34383e-07,ExampleGeneC
3.2727273,0.8181818,1.3313e-07,ExampleGeneC
3.4772727,0.8181818,3.8479e-08,ExampleGeneC
3.6818182,0.8181818,1.0491e-08,ExampleGeneC
3.8863636,0.8181818,2.698e-09,ExampleGeneC
4.0909091,0.8181818,6.55e-10,ExampleGeneC
4.2954545,0.8181818,1.5e-10,ExampleGeneC
4.5,0.8181818,3.2e-11,ExampleGeneC
-4.5,1.0227273,1.0561779e-05,ExampleGeneC
-4.2954545,1.0227273,2.7637273e-05,ExampleGeneC
-4.0909091,1.0227273,6.8250181e-05,ExampleGeneC
-3.8863636,1.0227273,0.000159060848,ExampleGeneC
-3.6818182,1.0227273,0.000349843088,ExampleGeneC
-3.4772727,1.0227273,0.000726163063,ExampleGeneC
-3.2727273,1.0227273,0.001422478001,ExampleGeneC
-3.0681818,1.0227273,0.002629709677,ExampleGeneC
-2.8636364,1.0227273,0.004587970838,ExampleGeneC
-2.6590909,1.0227273,0.007554128393,ExampleGeneC
-2.4545455,1.0227273,0.011738126784,ExampleGeneC
-2.25,1.0227273,0.017213304569,ExampleGeneC
-2.0454545,1.0227273,0.02382214338,ExampleGeneC
-1.8409091,1.0227273,0.031113497059,ExampleGeneC
-1.6363636,1.0227273,0.038350311502,ExampleGeneC
-1.4318182,1.0227273,0.044610985257,ExampleGeneC
-1.2272727,1.0227273,0.048974380627,ExampleGeneC
-1.0227273,1.0227273,0.050740198142,ExampleGeneC
-0.8181818,1.0227273,0.04961283887,ExampleGeneC
-0.6136364,1.0227273,0.045782363653,ExampleGeneC
-0.4090909,1.0227273,0.039872083399,ExampleGeneC
-0.2045455,1.0227273,0.032772648937,ExampleGeneC
0.0,1.0227273,0.025423294356,ExampleGeneC
0.2045455,1.0227273,0.018613830933,ExampleGeneC
0.4090909,1.0227273,0.012862600775,ExampleGeneC
0.6136364,1.0227273,0.008389083586,ExampleGeneC
0.8181818,1.0227273,0.00516409563,ExampleGeneC
1.0227273,1.0227273,0.003000304264,ExampleGeneC
1.2272727,1.0227273,0.001645207874,ExampleGeneC
1.4318182,1.0227273,0.000851429265,ExampleGeneC
1.6363636,1.0227273,0.000415845986,ExampleGeneC
1.8409091,1.0227273,0.000191669191,ExampleGeneC
2.0454545,1.0227273,8.3365525e-05,ExampleGeneC
2.25,1.0227273,3.4214746e-05,ExampleGeneC
2.4545455,1.0227273,1.3249957e-05,ExampleGeneC
2.6590909,1.0227273,4.841466e-06,ExampleGeneC
2.8636364,1.0227273,1.669143e-06,ExampleGeneC
3.0681818,1.0227273,5.42958e-07,ExampleGeneC
3.2727273,1.0227273,1.66649e-07,ExampleGeneC
3.4772727,1.0227273,4.8264e-08,ExampleGeneC
3.6818182,1.0227273,1.319e-08,ExampleGeneC
3.8863636,1.0227273,3.402e-09,ExampleGeneC
4.0909091,1.0227273,8.28e-10,ExampleGeneC
4.2954545,1.0227273,1.9e-10,ExampleGeneC
4.5,1.0227273,4.1e-11,ExampleGeneC
-4.5,1.2272727,1.2785855e-05,ExampleGeneC
-4.2954545,1.2272727,3.345707e-05,ExampleGeneC
-4.0909091,1.2272727,8.2622155e-05,ExampleGeneC
-3.8863636,1.2272727,0.000192555533,ExampleGeneC
-3.6818182,1.2272727,0.000423512277,ExampleGeneC
-3.4772727,1.2272727,0.000879076876,ExampleGeneC
-3.2727273,1.2272727,0.00172202023,ExampleGeneC
-3.0681818,1.2272727,0.003183467867,ExampleGeneC
-2.8636364,1.2272727,0.005554094485,ExampleGeneC
-2.6590909,1.2272727,0.009144856019,ExampleGeneC
-2.4545455,1.2272727,0.014209902522,ExampleGeneC
-2.25,1.2272727,0.020838005887,ExampleGeneC
-2.0454545,1.2272727,0.028838455045,ExampleGeneC
-1.8409091,1.2272727,0.037665056724,ExampleGeneC
-1.6363636,1.2272727,0.046425468988,ExampleGeneC
-1.4318182,1.2272727,0.054003899024,ExampleGeneC
-1.2272727,1.2272727,0.059285083091,ExampleGeneC
-1.0227273,1.2272727,0.061421106059,ExampleGeneC
-0.8181818,1.2272727,0.060054052701,ExampleGeneC
-0.6136364,1.2272727,0.055414100589,ExampleGeneC
-0.4090909,1.2272727,0.048256130134,ExampleGeneC
-0.2045455,1.2272727,0.039658854437,ExampleGeneC
0.0,1.2272727,0.030759873229,ExampleGeneC
0.2045455,1.2272727,0.022515779898,ExampleGeneC
0.4090909,1.2272727,0.015554240642,ExampleGeneC
0.6136364,1.2272727,0.010140764496,ExampleGeneC
0.8181818,1.2272727,0.006239547452,ExampleGeneC
1.0227273,1.2272727,0.003623224403,ExampleGeneC
1.2272727,1.2272727,0.001985618369,ExampleGeneC
1.4318182,1.2272727,0.001026955968,ExampleGeneC
1.6363636,1.2272727,0.000501256415,ExampleGeneC
1.8409091,1.2272727,0.000230895431,ExampleGeneC
2.0454545,1.2272727,0.000100372195,ExampleGeneC
2.25,1.2272727,4.117646e-05,ExampleGeneC
2.4545455,1.2272727,1.5941092e-05,ExampleGeneC
2.6590909,1.2272727,5.823952e-06,ExampleGeneC
2.8636364,1.2272727,2.00792e-06,ExampleGeneC
3.0681818,1.2272727,6.53288e-07,ExampleGeneC
3.2727273,1.2272727,2.00583e-07,ExampleGeneC
3.4772727,1.2272727,5.8119e-08,ExampleGeneC
3.6818182,1.2272727,1.5892e-08,ExampleGeneC
3.8863636,1.2272727,4.101e-09,ExampleGeneC
4.0909091,1.2272727,9.99e-10,ExampleGeneC
4.2954545,1.2272727,2.3e-10,ExampleGeneC
4.5,1.2272727,5e-11,ExampleGeneC
-4.5,1.4318182,1.460741e-05,ExampleGeneC
-4.2954545,1.4318182,3.8223578e-05,ExampleGeneC
-4.0909091,1.4318182,9.4393035e-05,ExampleGeneC
-3.8863636,1.4318182,0.000219988225,ExampleGeneC
-3.6818182,1.4318182,0.000483848542,ExampleGeneC
-3.4772727,1.4318182,0.001004315783,ExampleGeneC
-3.2727273,1.4318182,0.001967350219,ExampleGeneC
-3.0681818,1.4318182,0.003637004964,ExampleGeneC
-2.8636364,1.4318182,0.006345365971,ExampleGeneC
-2.6590909,1.4318182,0.010447689572,ExampleGeneC
-2.4545455,1.4318182,0.016234332621,ExampleGeneC
-2.25,1.4318182,0.023806711406,ExampleGeneC
-2.0454545,1.4318182,0.032946939049,ExampleGeneC
-1.8409091,1.4318182,0.04303099629,ExampleGeneC
-1.6363636,1.4318182,0.053039391661,ExampleGeneC
-1.4318182,1.4318182,0.061697337751,ExampleGeneC
-1.2272727,1.4318182,0.067730643253,ExampleGeneC
-1.0227273,1.4318182,0.0701705554,ExampleGeneC
-0.8181818,1.4318182,0.068608150084,ExampleGeneC
-0.6136364,1.4318182,0.063306421739,ExampleGeneC
-0.4090909,1.4318182,0.055127876903,ExampleGeneC
-0.2045455,1.4318182,0.045305040895,ExampleGeneC
0.0,1.4318182,0.03513773382,ExampleGeneC
0.2045455,1.4318182,0.025718951563,ExampleGeneC
0.4090909,1.4318182,0.017765826238,ExampleGeneC
0.6136364,1.4318182,0.011581644422,ExampleGeneC
0.8181818,1.4318182,0.007125378711,ExampleGeneC
1.0227273,1.4318182,0.00413712132,ExampleGeneC
1.2272727,1.4318182,0.002266945246,ExampleGeneC
1.4318182,1.4318182,0.001172291021,ExampleGeneC
1.6363636,1.4318182,0.000572111866,ExampleGeneC
1.8409091,1.4318182,0.000263497375,ExampleGeneC
2.0454545,1.4318182,0.000114530382,ExampleGeneC
2.25,1.4318182,4.6979976e-05,ExampleGeneC
2.4545455,1.4318182,1.8186612e-05,ExampleGeneC
2.6590909,1.4318182,6.644117e-06,ExampleGeneC
2.8636364,1.4318182,2.290702e-06,ExampleGeneC
3.0681818,1.4318182,7.45325e-07,ExampleGeneC
3.2727273,1.4318182,2.2886e-07,ExampleGeneC
3.4772727,1.4318182,6.6319e-08,ExampleGeneC
3.6818182,1.4318182,1.8137e-08,ExampleGeneC
3.8863636,1.4318182,4.681e-09,ExampleGeneC
4.0909091,1.4318182,1.14e-09,ExampleGeneC
4.2954545,1.4318182,2.62e-10,ExampleGeneC
4.5,1.4318182,5.7e-11,ExampleGeneC
-4.5,1.6363636,1.574952e-05,ExampleGeneC
-4.2954545,1.6363636,4.1212166e-05,ExampleGeneC
-4.0909091,1.6363636,0.000101773345,ExampleGeneC
-3.8863636,1.6363636,0.000237188449,ExampleGeneC
-3.6818182,1.6363636,0.000521679218,ExampleGeneC
-3.4772727,1.6363636,0.00108284024,ExampleGeneC
-3.2727273,1.6363636,0.002121171465,ExampleGeneC
-3.0681818,1.6363636,0.003921371525,ExampleGeneC
-2.8636364,1.6363636,0.006841491154,ExampleGeneC
-2.6590909,1.6363636,0.01126456303,ExampleGeneC
-2.4545455,1.6363636,0.017503645899,ExampleGeneC
-2.25,1.6363636,0.025668084866,ExampleGeneC
-2.0454545,1.6363636,0.03552295573,ExampleGeneC
-1.8409091,1.6363636,0.046395446232,ExampleGeneC
-1.6363636,1.6363636,0.057186348977,ExampleGeneC
-1.4318182,1.6363636,0.066521197234,ExampleGeneC
-1.2272727,1.6363636,0.073026165007,ExampleGeneC
-1.0227273,1.6363636,0.075656746585,ExampleGeneC
-0.8181818,1.6363636,0.07397204104,ExampleGeneC
-0.6136364,1.6363636,0.068255611311,ExampleGeneC
-0.4090909,1.6363636,0.059437419947,ExampleGeneC
-0.2045455,1.6363636,0.048846390983,ExampleGeneC
0.0,1.6363636,0.037884009265,ExampleGeneC
0.2045455,1.6363636,0.027728757215,ExampleGeneC
0.4090909,1.6363636,0.019153847929,ExampleGeneC
0.6136364,1.6363636,0.012486269553,ExampleGeneC
0.8181818,1.6363636,0.007681757849,ExampleGeneC
1.0227273,1.6363636,0.0044600479,ExampleGeneC
1.2272727,1.6363636,0.00244382214,ExampleGeneC
1.4318182,1.6363636,0.001263718812,ExampleGeneC
1.6363636,1.6363636,0.000616711715,ExampleGeneC
1.8409091,1.6363636,0.000284030073,ExampleGeneC
2.0454545,1.6363636,0.00012345166,ExampleGeneC
2.25,1.6363636,5.0638338e-05,ExampleGeneC
2.4545455,1.6363636,1.9602517e-05,ExampleGeneC
2.6590909,1.6363636,7.161338e-06,ExampleGeneC
2.8636364,1.6363636,2.469028e-06,ExampleGeneC
3.0681818,1.6363636,8.03355e-07,ExampleGeneC
3.2727273,1.6363636,2.46683e-07,ExampleGeneC
3.4772727,1.6363636,7.1486e-08,ExampleGeneC
3.6818182,1.6363636,1.955e-08,ExampleGeneC
3.8863636,1.6363636,5.046e-09,ExampleGeneC
4.0909091,1.6363636,1.229e-09,ExampleGeneC
4.2954545,1.6363636,2.83e-10,ExampleGeneC
4.5,1.6363636,6.1e-11,ExampleGeneC
-4.5,1.8409091,1.6025519e-05,ExampleGeneC
-4.2954545,1.8409091,4.1934381e-05,ExampleGeneC
-4.0909091,1.8409091,0.000103556853,ExampleGeneC
-3.8863636,1.8409091,0.000241345015,ExampleGeneC
-3.6818182,1.8409091,0.00053082129,ExampleGeneC
-3.4772727,1.8409091,0.001101816276,ExampleGeneC
-3.2727273,1.8409091,0.002158343547,ExampleGeneC
-3.0681818,1.8409091,0.003990090882,ExampleGeneC
-2.8636364,1.8409091,0.006961383603,ExampleGeneC
-2.6590909,1.8409091,0.011461966757,ExampleGeneC
-2.4545455,1.8409091,0.017810385176,ExampleGeneC
-2.25,1.8409091,0.026117900029,ExampleGeneC
-2.0454545,1.8409091,0.036145469926,ExampleGeneC
-1.8409091,1.8409091,0.047208491423,ExampleGeneC
-1.6363636,1.8409091,0.058188493195,ExampleGeneC
-1.4318182,1.8409091,0.06768692029,ExampleGeneC
-1.2272727,1.8409091,0.074305869292,ExampleGeneC
-1.0227273,1.8409091,0.076982528268,ExampleGeneC
-0.8181818,1.8409091,0.075268268879,ExampleGeneC
-0.6136364,1.8409091,0.06945162456,ExampleGeneC
-0.4090909,1.8409091,0.060478858993,ExampleGeneC
-0.2045455,1.8409091,0.049702191492,ExampleGeneC
0.0,1.8409091,0.038547674725,ExampleGeneC
0.2045455,1.8409091,0.028214449402,ExampleGeneC
0.4090909,1.8409091,0.019489280944,ExampleGeneC
0.6136364,1.8409091,0.012704885241,ExampleGeneC
0.8181818,1.8409091,0.007816216045,ExampleGeneC
1.0227273,1.8409091,0.004538089221,ExampleGeneC
1.2272727,1.8409091,0.00248656827,ExampleGeneC
1.4318182,1.8409091,0.001285814581,ExampleGeneC
1.6363636,1.8409091,0.000627490495,ExampleGeneC
1.8409091,1.8409091,0.000288992423,ExampleGeneC
2.0454545,1.8409091,0.00012560778,ExampleGeneC
2.25,1.8409091,5.1522509e-05,ExampleGeneC
2.4545455,1.8409091,1.9944722e-05,ExampleGeneC
2.6590909,1.8409091,7.286344e-06,ExampleGeneC
2.8636364,1.8409091,2.512127e-06,ExampleGeneC
3.0681818,1.8409091,8.1738e-07,ExampleGeneC
3.2727273,1.8409091,2.5099e-07,ExampleGeneC
3.4772727,1.8409091,7.2735e-08,ExampleGeneC
3.6818182,1.8409091,1.9892e-08,ExampleGeneC
3.8863636,1.8409091,5.134e-09,ExampleGeneC
4.0909091,1.8409091,1.251e-09,ExampleGeneC
4.2954545,1.8409091,2.87e-10,ExampleGeneC
4.5,1.8409091,6.2e-11,ExampleGeneC
-4.5,2.0454545,1.5388901e-05,ExampleGeneC
-4.2954545,2.0454545,4.0268525e-05,ExampleGeneC
-4.0909091,2.0454545,9.9443027e-05,ExampleGeneC
-3.8863636,2.0454545,0.000231757512,ExampleGeneC
-3.6818182,2.0454545,0.000509734256,ExampleGeneC
-3.4772727,2.0454545,0.001058046297,ExampleGeneC
-3.2727273,2.0454545,0.002072602707,ExampleGeneC
-3.0681818,2.0454545,0.003831583333,ExampleGeneC
-2.8636364,2.0454545,0.006684840563,ExampleGeneC
-2.6590909,2.0454545,0.011006636704,ExampleGeneC
-2.4545455,2.0454545,0.017102862287,ExampleGeneC
-2.25,2.0454545,0.025080358571,ExampleGeneC
-2.0454545,2.0454545,0.034709580097,ExampleGeneC
-1.8409091,2.0454545,0.045333119376,ExampleGeneC
-1.6363636,2.0454545,0.055876936473,ExampleGeneC
-1.4318182,2.0454545,0.064998034125,ExampleGeneC
-1.2272727,2.0454545,0.071354040633,ExampleGeneC
-1.0227273,2.0454545,0.073924364195,ExampleGeneC
-0.8181818,2.0454545,0.072278198177,ExampleGeneC
-0.6136364,2.0454545,0.066692614189,ExampleGeneC
-0.4090909,2.0454545,0.058076286141,ExampleGeneC
-0.2045455,2.0454545,0.047727717385,ExampleGeneC
0.0,2.0454545,0.037016311772,ExampleGeneC
0.2045455,2.0454545,0.027093575024,ExampleGeneC
0.4090909,2.0454545,0.01871501853,ExampleGeneC
0.6136364,2.0454545,0.012200140442,ExampleGeneC
0.8181818,2.0454545,0.007505682729,ExampleGeneC
1.0227273,2.0454545,0.00435778873,ExampleGeneC
1.2272727,2.0454545,0.002387772601,ExampleGeneC
1.4318182,2.0454545,0.001234725227,ExampleGeneC
1.6363636,2.0454545,0.000602557526,ExampleGeneC
1.8409091,2.0454545,0.000277509102,ExampleGeneC
2.0454545,2.0454545,0.00012061652,ExampleGeneC
2.25,2.0454545,4.9475117e-05,ExampleGeneC
2.4545455,2.0454545,1.9152149e-05,ExampleGeneC
2.6590909,2.0454545,6.996793e-06,ExampleGeneC
2.8636364,2.0454545,2.412298e-06,ExampleGeneC
3.0681818,2.0454545,7.84899e-07,ExampleGeneC
3.2727273,2.0454545,2.41017e-07,ExampleGeneC
3.4772727,2.0454545,6.9844e-08,ExampleGeneC
3.6818182,2.0454545,1.9101e-08,ExampleGeneC
3.8863636,2.0454545,4.93e-09,ExampleGeneC
4.0909091,2.0454545,1.201e-09,ExampleGeneC
4.2954545,2.0454545,2.76e-10,ExampleGeneC
4.5,2.0454545,6e-11,ExampleGeneC
-4.5,2.25,1.3946132e-05,ExampleGeneC
-4.2954545,2.25,3.6493195e-05,ExampleGeneC
-4.0909091,2.25,9.0119857e-05,ExampleGeneC
-3.8863636,2.25,0.000210029347,ExampleGeneC
-3.6818182,2.25,0.000461944693,ExampleGeneC
-3.4772727,2.25,0.000958850353,ExampleGeneC
-3.2727273,2.25,0.001878288166,ExampleGeneC
-3.0681818,2.25,0.003472357537,ExampleGeneC
-2.8636364,2.25,0.006058110837,ExampleGeneC
-2.6590909,2.25,0.009974721828,ExampleGeneC
-2.4545455,2.25,0.015499402618,ExampleGeneC
-2.25,2.25,0.022728977678,ExampleGeneC
-2.0454545,2.25,0.031455422314,ExampleGeneC
-1.8409091,2.25,0.041082963515,ExampleGeneC
-1.6363636,2.25,0.050638256719,ExampleGeneC
-1.4318182,2.25,0.058904215803,ExampleGeneC
-1.2272727,2.25,0.064664321545,ExampleGeneC
-1.0227273,2.25,0.06699366651,ExampleGeneC
-0.8181818,2.25,0.065501833824,ExampleGeneC
-0.6136364,2.25,0.060439918604,ExampleGeneC
-0.4090909,2.25,0.052631403209,ExampleGeneC
-0.2045455,2.25,0.043253051516,ExampleGeneC
0.0,2.25,0.033545880737,ExampleGeneC
0.2045455,2.25,0.024553438694,ExampleGeneC
0.4090909,2.25,0.016960404738,ExampleGeneC
0.6136364,2.25,0.011056322737,ExampleGeneC
0.8181818,2.25,0.00680199004,ExampleGeneC
1.0227273,2.25,0.003949224824,ExampleGeneC
1.2272727,2.25,0.002163906728,ExampleGeneC
1.4318182,2.25,0.001118963119,ExampleGeneC
1.6363636,2.25,0.000546064373,ExampleGeneC
1.8409091,2.25,0.000251490996,ExampleGeneC
2.0454545,2.25,0.000109307987,ExampleGeneC
2.25,2.25,4.4836515e-05,ExampleGeneC
2.4545455,2.25,1.7356513e-05,ExampleGeneC
2.6590909,2.25,6.340799e-06,ExampleGeneC
2.8636364,2.25,2.18613e-06,ExampleGeneC
3.0681818,2.25,7.1131e-07,ExampleGeneC
3.2727273,2.25,2.1842e-07,ExampleGeneC
3.4772727,2.25,6.3296e-08,ExampleGeneC
3.6818182,2.25,1.7311e-08,ExampleGeneC
3.8863636,2.25,4.468e-09,ExampleGeneC
4.0909091,2.25,1.088e-09,ExampleGeneC
4.2954545,2.25,2.5e-10,ExampleGeneC
4.5,2.25,5.4e-11,ExampleGeneC
-4.5,2.4545455,1.1927532e-05,ExampleGeneC
-4.2954545,2.4545455,3.1211074e-05,ExampleGeneC
-4.0909091,2.4545455,7.7075674e-05,ExampleGeneC
-3.8863636,2.4545455,0.000179629151,ExampleGeneC
-3.6818182,2.4545455,0.000395081614,ExampleGeneC
-3.4772727,2.4545455,0.000820063854,ExampleGeneC
-3.2727273,2.4545455,0.00160641984,ExampleGeneC
-3.0681818,2.4545455,0.002969759455,ExampleGeneC
-2.8636364,2.4545455,0.005181244082,ExampleGeneC
-2.6590909,2.4545455,0.008530954588,ExampleGeneC
-2.4545455,2.4545455,0.013255978677,ExampleGeneC
-2.25,2.4545455,0.019439126194,ExampleGeneC
-2.0454545,2.4545455,0.026902482479,ExampleGeneC
-1.8409091,2.4545455,0.035136508257,ExampleGeneC
-1.6363636,2.4545455,0.043308743387,ExampleGeneC
-1.4318182,2.4545455,0.050378265956,ExampleGeneC
-1.2272727,2.4545455,0.055304638891,ExampleGeneC
-1.0227273,2.4545455,0.05729682826,ExampleGeneC
-0.8181818,2.4545455,0.056020927138,ExampleGeneC
-0.6136364,2.4545455,0.051691686489,ExampleGeneC
-0.4090909,2.4545455,0.045013395713,ExampleGeneC
-0.2045455,2.4545455,0.036992490859,ExampleGeneC
0.0,2.4545455,0.02869036112,ExampleGeneC
0.2045455,2.4545455,0.020999508522,ExampleGeneC
0.4090909,2.4545455,0.014505510158,ExampleGeneC
0.6136364,2.4545455,0.009456000546,ExampleGeneC
0.8181818,2.4545455,0.005817451289,ExampleGeneC
1.0227273,2.4545455,0.003377603002,ExampleGeneC
1.2272727,2.4545455,0.001850696734,ExampleGeneC
1.4318182,2.4545455,0.000957001173,ExampleGeneC
1.6363636,2.4545455,0.000467025416,ExampleGeneC
1.8409091,2.4545455,0.000215089441,ExampleGeneC
2.0454545,2.4545455,9.3486419e-05,ExampleGeneC
2.25,2.4545455,3.8346741e-05,ExampleGeneC
2.4545455,2.4545455,1.4844278e-05,ExampleGeneC
2.6590909,2.4545455,5.423012e-06,ExampleGeneC
2.8636364,2.4545455,1.869703e-06,ExampleGeneC
3.0681818,2.4545455,6.08353e-07,ExampleGeneC
3.2727273,2.4545455,1.86805e-07,ExampleGeneC
3.4772727,2.4545455,5.4134e-08,ExampleGeneC
3.6818182,2.4545455,1.4805e-08,ExampleGeneC
3.8863636,2.4545455,3.821e-09,ExampleGeneC
4.0909091,2.4545455,9.31e-10,ExampleGeneC
4.2954545,2.4545455,2.14e-10,ExampleGeneC
4.5,2.4545455,4.6e-11,ExampleGeneC
-4.5,2.6590909,9.627159e-06,ExampleGeneC
-4.2954545,2.6590909,2.5191631e-05,ExampleGeneC
-4.0909091,2.6590909,6.2210673e-05,ExampleGeneC
-3.8863636,2.6590909,0.000144985437,ExampleGeneC
-3.6818182,2.6590909,0.000318885215,ExampleGeneC
-3.4772727,2.6590909,0.000661904348,ExampleGeneC
-3.2727273,2.6590909,0.001296601811,ExampleGeneC
-3.0681818,2.6590909,0.002397004438,ExampleGeneC
-2.8636364,2.6590909,0.004181976772,ExampleGeneC
-2.6590909,2.6590909,0.00688565398,ExampleGeneC
-2.4545455,2.6590909,0.010699398455,ExampleGeneC
-2.25,2.6590909,0.015690049134,ExampleGeneC
-2.0454545,2.6590909,0.021714004411,ExampleGeneC
-1.8409091,2.6590909,0.028359995991,ExampleGeneC
-1.6363636,2.6590909,0.034956114015,ExampleGeneC
-1.4318182,2.6590909,0.040662191295,ExampleGeneC
-1.2272727,2.6590909,0.044638451976,ExampleGeneC
-1.0227273,2.6590909,0.046246422847,ExampleGeneC
-0.8181818,2.6590909,0.045216595083,ExampleGeneC
-0.6136364,2.6590909,0.041722302257,ExampleGeneC
-0.4090909,2.6590909,0.03633200281,ExampleGeneC
-0.2045455,2.6590909,0.029858029098,ExampleGeneC
0.0,2.6590909,0.023157068225,ExampleGeneC
0.2045455,2.6590909,0.016949492117,ExampleGeneC
0.4090909,2.6590909,0.011707942048,ExampleGeneC
0.6136364,2.6590909,0.007632293142,ExampleGeneC
0.8181818,2.6590909,0.004695483363,ExampleGeneC
1.0227273,2.6590909,0.002726190177,ExampleGeneC
1.2272727,2.6590909,0.001493766794,ExampleGeneC
1.4318182,2.6590909,0.000772431556,ExampleGeneC
1.6363636,2.6590909,0.000376953733,ExampleGeneC
1.8409091,2.6590909,0.000173606755,ExampleGeneC
2.0454545,2.6590909,7.5456394e-05,ExampleGeneC
2.25,2.6590909,3.0951092e-05,ExampleGeneC
2.4545455,2.6590909,1.1981373e-05,ExampleGeneC
2.6590909,2.6590909,4.377116e-06,ExampleGeneC
2.8636364,2.6590909,1.509107e-06,ExampleGeneC
3.0681818,2.6590909,4.91024e-07,ExampleGeneC
3.2727273,2.6590909,1.50777e-07,ExampleGeneC
3.4772727,2.6590909,4.3694e-08,ExampleGeneC
3.6818182,2.6590909,1.195e-08,ExampleGeneC
3.8863636,2.6590909,3.084e-09,ExampleGeneC
4.0909091,2.6590909,7.51e-10,ExampleGeneC
4.2954545,2.6590909,1.73e-10,ExampleGeneC
4.5,2.6590909,3.7e-11,ExampleGeneC
-4.5,2.8636364,7.333248e-06,ExampleGeneC
-4.2954545,2.8636364,1.9189095e-05,ExampleGeneC
-4.0909091,2.8636364,4.7387424e-05,ExampleGeneC
-3.8863636,2.8636364,0.00011043903,ExampleGeneC
-3.6818182,2.8636364,0.000242902836,ExampleGeneC
-3.4772727,2.8636364,0.00050418908,ExampleGeneC
-3.2727273,2.8636364,0.000987653995,ExampleGeneC
-3.0681818,2.8636364,0.00182585817,ExampleGeneC
-2.8636364,2.8636364,0.003185516195,ExampleGeneC
-2.6590909,2.8636364,0.005244974676,ExampleGeneC
-2.4545455,2.8636364,0.00814999913,ExampleGeneC
-2.25,2.8636364,0.011951502444,ExampleGeneC
-2.0454545,2.8636364,0.016540099688,ExampleGeneC
-1.8409091,2.8636364,0.021602517525,ExampleGeneC
-1.6363636,2.8636364,0.026626945428,ExampleGeneC
-1.4318182,2.8636364,0.030973407058,ExampleGeneC
-1.2272727,2.8636364,0.034002224165,ExampleGeneC
-1.0227273,2.8636364,0.03522705575,ExampleGeneC
-0.8181818,2.8636364,0.034442610208,ExampleGeneC
-0.6136364,2.8636364,0.031780920051,ExampleGeneC
-0.4090909,2.8636364,0.02767499428,ExampleGeneC
-0.2045455,2.8636364,0.022743606744,ExampleGeneC
0.0,2.8636364,0.017639317419,ExampleGeneC
0.2045455,2.8636364,0.012910851599,ExampleGeneC
0.4090909,2.8636364,0.008918231953,ExampleGeneC
0.6136364,2.8636364,0.005813708354,ExampleGeneC
0.8181818,2.8636364,0.003576666973,ExampleGeneC
1.0227273,2.8636364,0.002076607156,ExampleGeneC
1.2272727,2.8636364,0.001137839478,ExampleGeneC
1.4318182,2.8636364,0.000588380409,ExampleGeneC
1.6363636,2.8636364,0.000287135073,ExampleGeneC
1.8409091,2.8636364,0.000132240601,ExampleGeneC
2.0454545,2.8636364,5.747702e-05,ExampleGeneC
2.25,2.8636364,2.357622e-05,ExampleGeneC
2.4545455,2.8636364,9.126511e-06,ExampleGeneC
2.6590909,2.8636364,3.334159e-06,ExampleGeneC
2.8636364,2.8636364,1.149525e-06,ExampleGeneC
3.0681818,2.8636364,3.74025e-07,ExampleGeneC
3.2727273,2.8636364,1.14851e-07,ExampleGeneC
3.4772727,2.8636364,3.3283e-08,ExampleGeneC
3.6818182,2.8636364,9.102e-09,ExampleGeneC
3.8863636,2.8636364,2.349e-09,ExampleGeneC
4.0909091,2.8636364,5.72e-10,ExampleGeneC
4.2954545,2.8636364,1.32e-10,ExampleGeneC
4.5,2.8636364,2.9e-11,ExampleGeneC
-4.5,3.0681818,5.271635e-06,ExampleGeneC
-4.2954545,3.0681818,1.379442e-05,ExampleGeneC
-4.0909091,3.0681818,3.4065287e-05,ExampleGeneC
-3.8863636,3.0681818,7.9391048e-05,ExampleGeneC
-3.6818182,3.0681818,0.000174614996,ExampleGeneC
-3.4772727,3.0681818,0.00036244523,ExampleGeneC
-3.2727273,3.0681818,0.000709992528,ExampleGeneC
-3.0681818,3.0681818,0.001312550411,ExampleGeneC
-2.8636364,3.0681818,0.002289964609,ExampleGeneC
-2.6590909,3.0681818,0.003770442731,ExampleGeneC
-2.4545455,3.0681818,0.005858770895,ExampleGeneC
-2.25,3.0681818,0.00859154873,ExampleGeneC
-2.0454545,3.0681818,0.011890142945,ExampleGeneC
-1.8409091,3.0681818,0.015529351467,ExampleGeneC
-1.6363636,3.0681818,0.019141250253,ExampleGeneC
-1.4318182,3.0681818,0.022265781003,ExampleGeneC
-1.2272727,3.0681818,0.024443099703,ExampleGeneC
-1.0227273,3.0681818,0.025323591532,ExampleGeneC
-0.8181818,3.0681818,0.024759678991,ExampleGeneC
-0.6136364,3.0681818,0.022846275986,ExampleGeneC
-0.4090909,3.0681818,0.019894658688,ExampleGeneC
-0.2045455,3.0681818,0.016349643613,ExampleGeneC
0.0,3.0681818,0.012680335032,ExampleGeneC
0.2045455,3.0681818,0.009281193819,ExampleGeneC
0.4090909,3.0681818,0.006411028632,ExampleGeneC
0.6136364,3.0681818,0.004179286983,ExampleGeneC
0.8181818,3.0681818,0.002571150255,ExampleGeneC
1.0227273,3.0681818,0.001492805749,ExampleGeneC
1.2272727,3.0681818,0.000817956015,ExampleGeneC
1.4318182,3.0681818,0.000422967654,ExampleGeneC
1.6363636,3.0681818,0.000206412121,ExampleGeneC
1.8409091,3.0681818,9.5063493e-05,ExampleGeneC
2.0454545,3.0681818,4.1318371e-05,ExampleGeneC
2.25,3.0681818,1.6948182e-05,ExampleGeneC
2.4545455,3.0681818,6.560754e-06,ExampleGeneC
2.6590909,3.0681818,2.396819e-06,ExampleGeneC
2.8636364,3.0681818,8.26356e-07,ExampleGeneC
3.0681818,3.0681818,2.68875e-07,ExampleGeneC
3.2727273,3.0681818,8.2563e-08,ExampleGeneC
3.4772727,3.0681818,2.3926e-08,ExampleGeneC
3.6818182,3.0681818,6.543e-09,ExampleGeneC
3.8863636,3.0681818,1.689e-09,ExampleGeneC
4.0909091,3.0681818,4.11e-10,ExampleGeneC
4.2954545,3.0681818,9.5e-11,ExampleGeneC
4.5,3.0681818,2.1e-11,ExampleGeneC
-4.5,3.2727273,3.57639e-06,ExampleGeneC
-4.2954545,3.2727273,9.35843e-06,ExampleGeneC
-4.0909091,3.2727273,2.3110621e-05,ExampleGeneC
-3.8863636,3.2727273,5.3860589e-05,ExampleGeneC
-3.6818182,3.2727273,0.000118462557,ExampleGeneC
-3.4772727,3.2727273,0.000245890615,ExampleGeneC
-3.2727273,3.2727273,0.000481674154,ExampleGeneC
-3.0681818,3.2727273,0.000890462341,ExampleGeneC
-2.8636364,3.2727273,0.00155356109,ExampleGeneC
-2.6590909,3.2727273,0.002557949191,ExampleGeneC
-2.4545455,3.2727273,0.003974715793,ExampleGeneC
-2.25,3.2727273,0.00582869087,ExampleGeneC
-2.0454545,3.2727273,0.00806652791,ExampleGeneC
-1.8409091,3.2727273,0.010535444999,ExampleGeneC
-1.6363636,3.2727273,0.012985834578,ExampleGeneC
-1.4318182,3.2727273,0.015105583232,ExampleGeneC
-1.2272727,3.2727273,0.016582722922,ExampleGeneC
-1.0227273,3.2727273,0.017180067457,ExampleGeneC
-0.8181818,3.2727273,0.016797497099,ExampleGeneC
-0.6136364,3.2727273,0.015499403475,ExampleGeneC
-0.4090909,3.2727273,0.013496963014,ExampleGeneC
-0.2045455,3.2727273,0.011091948779,ExampleGeneC
0.0,3.2727273,0.008602611164,ExampleGeneC
0.2045455,3.2727273,0.006296560884,ExampleGeneC
0.4090909,3.2727273,0.004349379282,ExampleGeneC
0.6136364,3.2727273,0.002835317896,ExampleGeneC
0.8181818,3.2727273,0.001744323461,ExampleGeneC
1.0227273,3.2727273,0.001012751427,ExampleGeneC
1.2272727,3.2727273,0.000554918898,ExampleGeneC
1.4318182,3.2727273,0.000286950325,ExampleGeneC
1.6363636,3.2727273,0.000140034408,ExampleGeneC
1.8409091,3.2727273,6.4493112e-05,ExampleGeneC
2.0454545,3.2727273,2.8031269e-05,ExampleGeneC
2.25,3.2727273,1.149801e-05,ExampleGeneC
2.4545455,3.2727273,4.450956e-06,ExampleGeneC
2.6590909,3.2727273,1.626053e-06,ExampleGeneC
2.8636364,3.2727273,5.60618e-07,ExampleGeneC
3.0681818,3.2727273,1.8241e-07,ExampleGeneC
3.2727273,3.2727273,5.6012e-08,ExampleGeneC
3.4772727,3.2727273,1.6232e-08,ExampleGeneC
3.6818182,3.2727273,4.439e-09,ExampleGeneC
3.8863636,3.2727273,1.146e-09,ExampleGeneC
4.0909091,3.2727273,2.79e-10,ExampleGeneC
4.2954545,3.2727273,6.4e-11,ExampleGeneC
4.5,3.2727273,1.4e-11,ExampleGeneC
-4.5,3.4772727,2.289788e-06,ExampleGeneC
-4.2954545,3.4772727,5.991745e-06,ExampleGeneC
-4.0909091,3.4772727,1.4796601e-05,ExampleGeneC
-3.8863636,3.4772727,3.4484302e-05,ExampleGeneC
-3.6818182,3.4772727,7.5845784e-05,ExampleGeneC
-3.4772727,3.4772727,0.00015743174,ExampleGeneC
-3.2727273,3.4772727,0.000308392413,ExampleGeneC
-3.0681818,3.4772727,0.000570119504,ExampleGeneC
-2.8636364,3.4772727,0.000994669216,ExampleGeneC
-2.6590909,3.4772727,0.001637729815,ExampleGeneC
-2.4545455,3.4772727,0.002544816207,ExampleGeneC
-2.25,3.4772727,0.003731825812,ExampleGeneC
-2.0454545,3.4772727,0.005164603467,ExampleGeneC
-1.8409091,3.4772727,0.006745330379,ExampleGeneC
-1.6363636,3.4772727,0.008314195033,ExampleGeneC
-1.4318182,3.4772727,0.009671366466,ExampleGeneC
-1.2272727,3.4772727,0.010617106796,ExampleGeneC
-1.0227273,3.4772727,0.010999557299,ExampleGeneC
-0.8181818,3.4772727,0.010754616201,ExampleGeneC
-0.6136364,3.4772727,0.009923510315,ExampleGeneC
-0.4090909,3.4772727,0.008641445582,ExampleGeneC
-0.2045455,3.4772727,0.007101632543,ExampleGeneC
0.0,3.4772727,0.005507831366,ExampleGeneC
0.2045455,3.4772727,0.00403138011,ExampleGeneC
0.4090909,3.4772727,0.002784694923,ExampleGeneC
0.6136364,3.4772727,0.001815315437,ExampleGeneC
0.8181818,3.4772727,0.001116805036,ExampleGeneC
1.0227273,3.4772727,0.000648415227,ExampleGeneC
1.2272727,3.4772727,0.000355287442,ExampleGeneC
1.4318182,3.4772727,0.000183720265,ExampleGeneC
1.6363636,3.4772727,8.9657186e-05,ExampleGeneC
1.8409091,3.4772727,4.1291786e-05,ExampleGeneC
2.0454545,3.4772727,1.7947051e-05,ExampleGeneC
2.25,3.4772727,7.361614e-06,ExampleGeneC
2.4545455,3.4772727,2.84973e-06,ExampleGeneC
2.6590909,3.4772727,1.041083e-06,ExampleGeneC
2.8636364,3.4772727,3.58936e-07,ExampleGeneC
3.0681818,3.4772727,1.16788e-07,ExampleGeneC
3.2727273,3.4772727,3.5862e-08,ExampleGeneC
3.4772727,3.4772727,1.0392e-08,ExampleGeneC
3.6818182,3.4772727,2.842e-09,ExampleGeneC
3.8863636,3.4772727,7.34e-10,ExampleGeneC
4.0909091,3.4772727,1.79e-10,ExampleGeneC
4.2954545,3.4772727,4.1e-11,ExampleGeneC
4.5,3.4772727,9e-12,ExampleGeneC
-4.5,3.6818182,1.383554e-06,ExampleGeneC
-4.2954545,3.6818182,3.620381e-06,ExampleGeneC
-4.0909091,3.6818182,8.940522e-06,ExampleGeneC
-3.8863636,3.6818182,2.0836385e-05,ExampleGeneC
-3.6818182,3.6818182,4.5828155e-05,ExampleGeneC
-3.4772727,3.6818182,9.5124683e-05,ExampleGeneC
-3.2727273,3.6818182,0.000186339366,ExampleGeneC
-3.0681818,3.6818182,0.000344482233,ExampleGeneC
-2.8636364,3.6818182,0.000601007105,ExampleGeneC
-2.6590909,3.6818182,0.000989562398,ExampleGeneC
-2.4545455,3.6818182,0.001537649499,ExampleGeneC
-2.25,3.6818182,0.002254874074,ExampleGeneC
-2.0454545,3.6818182,0.003120598615,ExampleGeneC
-1.8409091,3.6818182,0.004075718257,ExampleGeneC
-1.6363636,3.6818182,0.005023670388,ExampleGeneC
-1.4318182,3.6818182,0.005843711524,ExampleGeneC
-1.2272727,3.6818182,0.00641515442,ExampleGeneC
-1.0227273,3.6818182,0.006646241767,ExampleGeneC
-0.8181818,3.6818182,0.006498241469,ExampleGeneC
-0.6136364,3.6818182,0.005996063926,ExampleGeneC
-0.4090909,3.6818182,0.005221404371,ExampleGeneC
-0.2045455,3.6818182,0.004291006041,ExampleGeneC
0.0,3.6818182,0.003327986561,ExampleGeneC
0.2045455,3.6818182,0.002435873202,ExampleGeneC
0.4090909,3.6818182,0.001682590963,ExampleGeneC
0.6136364,3.6818182,0.001096864624,ExampleGeneC
0.8181818,3.6818182,0.000674805001,ExampleGeneC
1.0227273,3.6818182,0.00039179071,ExampleGeneC
1.2272727,3.6818182,0.000214674661,ExampleGeneC
1.4318182,3.6818182,0.000111008949,ExampleGeneC
1.6363636,3.6818182,5.4173392e-05,ExampleGeneC
1.8409091,3.6818182,2.4949658e-05,ExampleGeneC
2.0454545,3.6818182,1.0844113e-05,ExampleGeneC
2.25,3.6818182,4.448094e-06,ExampleGeneC
2.4545455,3.6818182,1.721887e-06,ExampleGeneC
2.6590909,3.6818182,6.29051e-07,ExampleGeneC
2.8636364,3.6818182,2.16879e-07,ExampleGeneC
3.0681818,3.6818182,7.0567e-08,ExampleGeneC
3.2727273,3.6818182,2.1669e-08,ExampleGeneC
3.4772727,3.6818182,6.279e-09,ExampleGeneC
3.6818182,3.6818182,1.717e-09,ExampleGeneC
3.8863636,3.6818182,4.43e-10,ExampleGeneC
4.0909091,3.6818182,1.08e-10,ExampleGeneC
4.2954545,3.6818182,2.5e-11,ExampleGeneC
4.5,3.6818182,5e-12,ExampleGeneC
-4.5,3.8863636,7.88947e-07,ExampleGeneC
-4.2954545,3.8863636,2.064458e-06,ExampleGeneC
-4.0909091,3.8863636,5.098174e-06,ExampleGeneC
-3.8863636,3.8863636,1.1881577e-05,ExampleGeneC
-3.6818182,3.8863636,2.6132689e-05,ExampleGeneC
-3.4772727,3.8863636,5.4243157e-05,ExampleGeneC
-3.2727273,3.8863636,0.000106256705,ExampleGeneC
-3.0681818,3.8863636,0.000196434858,ExampleGeneC
-2.8636364,3.8863636,0.000342713598,ExampleGeneC
-2.6590909,3.8863636,0.000564280334,ExampleGeneC
-2.4545455,3.8863636,0.000876817242,ExampleGeneC
-2.25,3.8863636,0.001285801782,ExampleGeneC
-2.0454545,3.8863636,0.001779465783,ExampleGeneC
-1.8409091,3.8863636,0.002324105749,ExampleGeneC
-1.6363636,3.8863636,0.002864658569,ExampleGeneC
-1.4318182,3.8863636,0.003332272423,ExampleGeneC
-1.2272727,3.8863636,0.003658127557,ExampleGeneC
-1.0227273,3.8863636,0.003789901001,ExampleGeneC
-0.8181818,3.8863636,0.003705506467,ExampleGeneC
-0.6136364,3.8863636,0.003419148667,ExampleGeneC
-0.4090909,3.8863636,0.002977412851,ExampleGeneC
-0.2045455,3.8863636,0.002446869774,ExampleGeneC
0.0,3.8863636,0.001897725066,ExampleGeneC
0.2045455,3.8863636,0.001389013312,ExampleGeneC
0.4090909,3.8863636,0.00095946753,ExampleGeneC
0.6136364,3.8863636,0.000625467517,ExampleGeneC
0.8181818,3.8863636,0.000384795534,ExampleGeneC
1.0227273,3.8863636,0.000223411675,ExampleGeneC
1.2272727,3.8863636,0.000122414402,ExampleGeneC
1.4318182,3.8863636,6.3300876e-05,ExampleGeneC
1.6363636,3.8863636,3.0891412e-05,ExampleGeneC
1.8409091,3.8863636,1.4227098e-05,ExampleGeneC
2.0454545,3.8863636,6.183662e-06,ExampleGeneC
2.25,3.8863636,2.536446e-06,ExampleGeneC
2.4545455,3.8863636,9.81875e-07,ExampleGeneC
2.6590909,3.8863636,3.58705e-07,ExampleGeneC
2.8636364,3.8863636,1.23672e-07,ExampleGeneC
3.0681818,3.8863636,4.024e-08,ExampleGeneC
3.2727273,3.8863636,1.2356e-08,ExampleGeneC
3.4772727,3.8863636,3.581e-09,ExampleGeneC
3.6818182,3.8863636,9.79e-10,ExampleGeneC
3.8863636,3.8863636,2.53e-10,ExampleGeneC
4.0909091,3.8863636,6.2e-11,ExampleGeneC
4.2954545,3.8863636,1.4e-11,ExampleGeneC
4.5,3.8863636,3e-12,ExampleGeneC
-4.5,4.0909091,4.24571e-07,ExampleGeneC
-4.2954545,4.0909091,1.110985e-06,ExampleGeneC
-4.0909091,4.0909091,2.743575e-06,ExampleGeneC
-3.8863636,4.0909091,6.394055e-06,ExampleGeneC
-3.6818182,4.0909091,1.4063273e-05,ExampleGeneC
-3.4772727,4.0909091,2.9190884e-05,ExampleGeneC
-3.2727273,4.0909091,5.7181907e-05,ExampleGeneC
-3.0681818,4.0909091,0.000105711163,ExampleGeneC
-2.8636364,4.0909091,0.000184430876,ExampleGeneC
-2.6590909,4.0909091,0.000303666726,ExampleGeneC
-2.4545455,4.0909091,0.000471858056,ExampleGeneC
-2.25,4.0909091,0.000691952554,ExampleGeneC
-2.0454545,4.0909091,0.000957617192,ExampleGeneC
-1.8409091,4.0909091,0.00125071448,ExampleGeneC
-1.6363636,4.0909091,0.001541612276,ExampleGeneC
-1.4318182,4.0909091,0.001793258062,ExampleGeneC
-1.2272727,4.0909091,0.001968616577,ExampleGeneC
-1.0227273,4.0909091,0.002039530284,ExampleGeneC
-0.8181818,4.0909091,0.001994113476,ExampleGeneC
-0.6136364,4.0909091,0.001840010399,ExampleGeneC
-0.4090909,4.0909091,0.001602290846,ExampleGeneC
-0.2045455,4.0909091,0.00131677978,ExampleGeneC
0.0,4.0909091,0.001021258271,ExampleGeneC
0.2045455,4.0909091,0.000747495704,ExampleGeneC
0.4090909,4.0909091,0.000516336201,ExampleGeneC
0.6136364,4.0909091,0.000336594529,ExampleGeneC
0.8181818,4.0909091,0.000207077215,ExampleGeneC
1.0227273,4.0909091,0.000120228702,ExampleGeneC
1.2272727,4.0909091,6.5877151e-05,ExampleGeneC
1.4318182,4.0909091,3.4065284e-05,ExampleGeneC
1.6363636,4.0909091,1.6624173e-05,ExampleGeneC
1.8409091,4.0909091,7.656294e-06,ExampleGeneC
2.0454545,4.0909091,3.32773e-06,ExampleGeneC
2.25,4.0909091,1.364985e-06,ExampleGeneC
2.4545455,4.0909091,5.28395e-07,ExampleGeneC
2.6590909,4.0909091,1.93037e-07,ExampleGeneC
2.8636364,4.0909091,6.6554e-08,ExampleGeneC
3.0681818,4.0909091,2.1655e-08,ExampleGeneC
3.2727273,4.0909091,6.649e-09,ExampleGeneC
3.4772727,4.0909091,1.927e-09,ExampleGeneC
3.6818182,4.0909091,5.27e-10,ExampleGeneC
3.8863636,4.0909091,1.36e-10,ExampleGeneC
4.0909091,4.0909091,3.3e-11,ExampleGeneC
4.2954545,4.0909091,8e-12,ExampleGeneC
4.5,4.0909091,2e-12,ExampleGeneC
-4.5,4.2954545,2.15627e-07,ExampleGeneC
-4.2954545,4.2954545,5.64237e-07,ExampleGeneC
-4.0909091,4.2954545,1.393381e-06,ExampleGeneC
-3.8863636,4.2954545,3.247353e-06,ExampleGeneC
-3.6818182,4.2954545,7.142323e-06,ExampleGeneC
-3.4772727,4.2954545,1.4825193e-05,ExampleGeneC
-3.2727273,4.2954545,2.9041013e-05,ExampleGeneC
-3.0681818,4.2954545,5.3687597e-05,ExampleGeneC
-2.8636364,4.2954545,9.366703e-05,ExampleGeneC
-2.6590909,4.2954545,0.000154223419,ExampleGeneC
-2.4545455,4.2954545,0.000239642859,ExampleGeneC
-2.25,4.2954545,0.000351422396,ExampleGeneC
-2.0454545,4.2954545,0.00048634567,ExampleGeneC
-1.8409091,4.2954545,0.000635201181,ExampleGeneC
-1.6363636,4.2954545,0.000782939634,ExampleGeneC
-1.4318182,4.2954545,0.000910743144,ExampleGeneC
-1.2272727,4.2954545,0.000999802588,ExampleGeneC
-1.0227273,4.2954545,0.001035817579,ExampleGeneC
-0.8181818,4.2954545,0.001012751715,ExampleGeneC
-0.6136364,4.2954545,0.000934487284,ExampleGeneC
-0.4090909,4.2954545,0.000813756499,ExampleGeneC
-0.2045455,4.2954545,0.000668753808,ExampleGeneC
0.0,4.2954545,0.000518667106,ExampleGeneC
0.2045455,4.2954545,0.000379631132,ExampleGeneC
0.4090909,4.2954545,0.000262232004,ExampleGeneC
0.6136364,4.2954545,0.000170946484,ExampleGeneC
0.8181818,4.2954545,0.000105168441,ExampleGeneC
1.0227273,4.2954545,6.1060629e-05,ExampleGeneC
1.2272727,4.2954545,3.3457072e-05,ExampleGeneC
1.4318182,4.2954545,1.7300758e-05,ExampleGeneC
1.6363636,4.2954545,8.44293e-06,ExampleGeneC
1.8409091,4.2954545,3.888407e-06,ExampleGeneC
2.0454545,4.2954545,1.690056e-06,ExampleGeneC
2.25,4.2954545,6.93236e-07,ExampleGeneC
2.4545455,4.2954545,2.68356e-07,ExampleGeneC
2.6590909,4.2954545,9.8038e-08,ExampleGeneC
2.8636364,4.2954545,3.3801e-08,ExampleGeneC
3.0681818,4.2954545,1.0998e-08,ExampleGeneC
3.2727273,4.2954545,3.377e-09,ExampleGeneC
3.4772727,4.2954545,9.79e-10,ExampleGeneC
3.6818182,4.2954545,2.68e-10,ExampleGeneC
3.8863636,4.2954545,6.9e-11,ExampleGeneC
4.0909091,4.2954545,1.7e-11,ExampleGeneC
4.2954545,4.2954545,4e-12,ExampleGeneC
4.5,4.2954545,1e-12,ExampleGeneC
-4.5,4.5,1.03349e-07,ExampleGeneC
-4.2954545,4.5,2.70436e-07,ExampleGeneC
-4.0909091,4.5,6.67842e-07,ExampleGeneC
-3.8863636,4.5,1.556443e-06,ExampleGeneC
-3.6818182,4.5,3.423286e-06,ExampleGeneC
-3.4772727,4.5,7.105653e-06,ExampleGeneC
-3.2727273,4.5,1.3919236e-05,ExampleGeneC
-3.0681818,4.5,2.5732242e-05,ExampleGeneC
-2.8636364,4.5,4.4894217e-05,ExampleGeneC
-2.6590909,4.5,7.3918643e-05,ExampleGeneC
-2.4545455,4.5,0.000114859825,ExampleGeneC
-2.25,4.5,0.000168435291,ExampleGeneC
-2.0454545,4.5,0.000233103455,ExampleGeneC
-1.8409091,4.5,0.000304449282,ExampleGeneC
-1.6363636,4.5,0.000375259707,ExampleGeneC
-1.4318182,4.5,0.000436515398,ExampleGeneC
-1.2272727,4.5,0.000479201218,ExampleGeneC
-1.0227273,4.5,0.000496463053,ExampleGeneC
-0.8181818,4.5,0.000485407681,ExampleGeneC
-0.6136364,4.5,0.000447895865,ExampleGeneC
-0.4090909,4.5,0.000390030102,ExampleGeneC
-0.2045455,4.5,0.000320530916,ExampleGeneC
0.0,4.5,0.000248594985,ExampleGeneC
0.2045455,4.5,0.000181955621,ExampleGeneC
0.4090909,4.5,0.000125686708,ExampleGeneC
0.6136364,4.5,8.1933938e-05,ExampleGeneC
0.8181818,4.5,5.0406796e-05,ExampleGeneC
1.0227273,4.5,2.9266105e-05,ExampleGeneC
1.2272727,4.5,1.6035835e-05,ExampleGeneC
1.4318182,4.5,8.292181e-06,ExampleGeneC
1.6363636,4.5,4.046661e-06,ExampleGeneC
1.8409091,4.5,1.863697e-06,ExampleGeneC
2.0454545,4.5,8.10037e-07,ExampleGeneC
2.25,4.5,3.32265e-07,ExampleGeneC
2.4545455,4.5,1.28622e-07,ExampleGeneC
2.6590909,4.5,4.6989e-08,ExampleGeneC
2.8636364,4.5,1.6201e-08,ExampleGeneC
3.0681818,4.5,5.271e-09,ExampleGeneC
3.2727273,4.5,1.619e-09,ExampleGeneC
3.4772727,4.5,4.69e-10,ExampleGeneC
3.6818182,4.5,1.28e-10,ExampleGeneC
3.8863636,4.5,3.3e-11,ExampleGeneC
4.0909091,4.5,8e-12,ExampleGeneC
4.2954545,4.5,2e-12,ExampleGeneC
4.5,4.5,0.0,ExampleGeneC
